rank,page,id,doctor_id,practice_id,image_url,profile_url,doctor_name,specialization,qualification,college,completion_year,qualification,college,completion_year,experience_years,practice_city,practice_locality,practice_type,practice_name,consultation_fees,summary,recommendation_percent,patients_count,reviews_count,timestamp,position,
1,1,926561,1141411,706972,https://imagesx.practo.com/providers/dr-pinaki-de-general-medicine-kolkata-5a026a7e-edc1-4fbb-87c8-694c92704bb9.jpg,/kolkata/doctor/dr-pinaki-de-general-medicine?practice_id=706972&specialization=General Physician&referrer=doctor_listing&page_uid=40a8fff7-e5a6-49c9-b9ef-5340837ed07b,Dr. Pinaki De,General Physician,MBBS,University Of Calcutta,1996,MD - Tropical Medicine,University Of Calcutta,2000,28,Kolkata,Dumdum Road,Hospital,ILS Hospitals,800,,100,1,0,1734453854806,2
2,1,855035,1049596,1274844,https://imagesx.practo.com/providers/dr-koushik-basu-general-physician-kolkata-98855588-f2b2-427a-91f4-0a187afda012.jpg,/kolkata/doctor/dr-koushik-basu-general-medicine?practice_id=1274844&specialization=General Physician&referrer=doctor_listing&page_uid=40a8fff7-e5a6-49c9-b9ef-5340837ed07b,Dr. Koushik Basu,General Physician,MBBS,Calcutta University,2002,MD - General Medicine,West Bengal State University,2016,22,Kolkata,Beliaghata,Hospital,Techno India Dama Healthcare & Medical Centre,700,,,0,0,1734453854806,3
3,1,629741,654601,1186384,https://imagesx.practo.com/providers/dr-s-a-mallick-general-physician-kolkata-773cdd95-a123-40b9-b168-82546b5d8bad.jpg,/kolkata/doctor/dr-s-a-mallick-general-physician?practice_id=1186384&specialization=General Physician&referrer=doctor_listing&page_uid=40a8fff7-e5a6-49c9-b9ef-5340837ed07b,Dr. S A Mallick,General Physician,MD - Anaesthesiology,"Medical College, Calcutta",2014,MBBS,University Of Calcutta,2008,16,Kolkata,Lake Gardens,Clinic,Dr Amitava Chakravorty's Clinic,800,"Experienced physician practicing in the field of Diabetes, Cardiology and Critical Care.",98,140,106,1734453854806,5
4,1,757306,584364,1250516,https://imagesx.practo.com/providers/dr-kundan-chaurasia-general-physician-kolkata-30172fa8-e148-40fa-bfbe-7dddbec3fcfe.jpg,/kolkata/doctor/kundan-chaurasia?practice_id=1250516&specialization=General Physician&referrer=doctor_listing&page_uid=40a8fff7-e5a6-49c9-b9ef-5340837ed07b,Dr. Kundan Chaurasia,General Physician,MBBS,"Medical College, Calcutta",2003,MD - Medicine,"L.P.S Institute of Cardiology, G.S.V.M Medical College, Kanpur",2010,19,Kolkata,Mukundapur,Hospital,Manipal Hospitals (AMRI Hospitals),1000,"Dr. Kundan Chaurasia Currently working as consultant Critical Care at Woodlands Multispecialty Hospital in Kolkata,  I deal with emergencies and critical cases that include sepsis, cardiac emergencies and trauma to name a few. I have been practicing medicine since 2005. I have served earlier in hospitals in Delhi, Asansol and Durgapur in departments of medicine and endocrinology. I have done MBBS from Medical College Kolkata and MD in Internal Medicine from GSVM Medical College Kanpur.",64,14,8,1734453854806,6
5,1,196948,295550,702842,https://imagesx.practo.com/providers/dr-shyama-prasad-roy-general-physician-kolkata-fef3b470-ff43-4df7-aa67-70081cdbf1f7.jpg,/kolkata/doctor/dr-shyama-prasad-roy-general-physician1?practice_id=702842&specialization=General Physician&referrer=doctor_listing&page_uid=40a8fff7-e5a6-49c9-b9ef-5340837ed07b,Dr. Shyama Prasad Roy,General Physician,MBBS,Calcutta University,1986,,,,38,Kolkata,Jadavpur,Clinic,Binapani Doctor's Chamber,800,"Dr. Shyama Prasad Roy Is Practicing At Jadavpur At His Own Chamber BinaPani Doctor's Chamber, Near Shakti Garth Khelar Math. Being An Ex-chief Medical Superintendent Rlys. He Is Well Experienced In Treating Chronic Gastrointestinal Diseases, The Diabetic Of Severe In Degree, Heart Diseases, Rheumatoid Arthritis And Emergency Patients Even At A Bedside. While Attending ICU EC Divisional Railway Hospital, Now Attending Patients Round The Clock With A Dedicated Medical Team. Forming BinaPani Geriatric Care at Jadavpur Providing Comprehensive Care to The Old Patient With The Packages While Attending Whole Year At Least Once A Month At The Bedside Of A Patient. He Is A Reliable Family Physician,  and Geriatric Consultant. Having More Than 36 Years  Experience Of Treating  Acute  And Chronic Cases Of Diabetes, Respiratory, Arthritis & Blood Pressure Related Cardiac Diseases Both at Indoor & ICU  At Railway Divisional Hospitals, He Is Competent In Dealing With Both Emergency And Chronic Old Aged Diseases at Home Patients care. He is one of the best doctor in Geriatric Medicine and also Consulted Rheumatology. He is the Secretary of South Kolkata Medical Association. Now he is attached with AMRI Hospital, Mukundapur Kolkata.",83,23,8,1734453854806,7
6,1,754339,640105,1323472,https://imagesx.practo.com/providers/dr-saugata-poddar-general-physician-kolkata-a255ce05-b570-41f2-8e10-9bd59ff0fe07.jpg,/kolkata/doctor/dr-saugata-poddat-emergency-critical-care?practice_id=1323472&specialization=General Physician&referrer=doctor_listing&page_uid=40a8fff7-e5a6-49c9-b9ef-5340837ed07b,Dr. Saugata Poddar,General Physician,MBBS,"R.G. Kar College, Kolkata",2015,,,,9,Kolkata,Kaikhali,Clinic,Dr. Saugata Poddar's Clinics,499,"Dr. Saugata Poddar had done M. B. B. S Doctor , Emergency, General Physician",94,52,49,1734453854806,8
7,1,622869,587123,1180689,https://imagesx.practo.com/providers/dr-sandip-rungta-general-physician-kolkata-449b3c1d-1ffd-4a8a-ab79-0ea130202d58.jpg,/kolkata/doctor/dr-sandip-rungta-cardiologist?practice_id=1180689&specialization=General Physician&referrer=doctor_listing&page_uid=40a8fff7-e5a6-49c9-b9ef-5340837ed07b,Dr. Sandip Rungta,General Physician,MBBS,"University Of Calcuta, India",2000,,,,24,Kolkata,Beadon Street,Clinic,Mansa Sheel,700,"Dr. Sandip Rungta is a Cardiologist as well as an Intensivist, having 16 years into medical practice , attached  in AMRI Hospitals, Dhakuria, Kolkata.. With years of experience in the medical profession, Dr. Sandip Rungta at Girish park, Kolkata is one of the most established cardiologists that the city has. The doctor has immense experience in this field. Dr. Sandip Rungta at girish park is a leading cardiologist who is visited by a large number of patients suffering from heart conditions. In addition to dealing with conditions like congenital heart defects, coronary artery diseases, heart failures, valvular heart diseases and electrophysiology, the doctor also offers diagnosis and treatment of certain conditions related to some parts of the circulatory system. Some of the common types of heart conditions that the doctor treats include rheumatic heart disease, hypertensive heart disease, ischemic heart disease, cerebrovascular disease and inflammatory heart disease. The doctor has a polite approach towards patients and is known for the personal care and attention offered to every single patient.",99,481,425,1734453854806,9
8,1,521789,553561,1110703,https://imagesx.practo.com/providers/dr-subhash-chandra-garai-general-physician-kolkata-f9d0d6b1-8781-48b1-bbce-4f0a7e043a01.jpg,/kolkata/doctor/subhash-chandra-garai-general-physician?practice_id=1110703&specialization=General Physician&referrer=doctor_listing&page_uid=40a8fff7-e5a6-49c9-b9ef-5340837ed07b,Dr. Subhash Chandra Garai,General Physician,MBBS,NRS Medical College and Hospital,1983,,,,41,Kolkata,Nagerbazar,Clinic,Care & Cure Health Clinic,500,Consultant Physician with expertise in Medicine and Gastroenterology.,100,3,0,1734453854806,10
9,1,955126,1174503,1475101,https://imagesx.practo.com/providers/dr-ranajit-basu-ophthalmologist-eye-surgeon-kolkata-7fc8dcbf-45ac-4f87-8b34-562d7c2788b8.jpg,/kolkata/doctor/dr-ranojit-basu-ophthalmologist?practice_id=1475101&specialization=General Physician&referrer=doctor_listing&page_uid=40a8fff7-e5a6-49c9-b9ef-5340837ed07b,Dr. Ranajit Basu,General Physician,MBBS,Calcutta University	,1999,DOMS,Chhatrapati Shahu Ji Maharaj University,2003,25,Kolkata,Salt Lake,Clinic,Titanium Eye Care,800,Dr. Ranajit is  a Phaco surgeon / Pediatric Ophthalmologist / Squint / Glaucoma specialist with  25 yrs experience  in Clinical practice both in India and abroad,100,3,1,1734453854807,11
10,1,873225,729012,1250516,https://imagesx.practo.com/providers/dr-abhijit-bhatta-general-physician-kolkata-ffa7a53a-4dd9-403c-a065-71d246c670cb.jpg,/kolkata/doctor/dr-abhijit-bhatta-general-physician-1?practice_id=1250516&specialization=General Physician&referrer=doctor_listing&page_uid=40a8fff7-e5a6-49c9-b9ef-5340837ed07b,Dr. Abhijit Bhatta,General Physician,MBBS,Calcutta University,1994,MD - General Medicine,Calcutta University,1998,30,Kolkata,Mukundapur,Hospital,Manipal Hospitals (AMRI Hospitals),1000,,,0,0,1734453854806,12
11,2,948894,589611,1129338,https://imagesx.practo.com/providers/dr-amitabha-saha-internal-medicine-kolkata-52a7253d-d3a7-48d7-bce4-6dd519bc6244.jpg,/kolkata/doctor/amitabha-chanda-diabetologist?practice_id=1129338&specialization=General Physician&referrer=doctor_listing&page_uid=7e02c004-8680-452d-a548-0e47f9b15c05,Dr. Amitabha Saha,General Physician,MBBS,"Medical College, Calcutta",1997,MRCP (UK),"Royal Colleges Of Physicians,london, Uk",2012,23,Kolkata,Kasba,Hospital,Desun Hospital,1200,"Dr. Amitabha Saha is the One of the leading Diabetologist in the city, with an experience of over 16 years, Dr. Saha has been an astounding individual in his field of expertise with several successful cases associated with his name.  He had an incredible career during his academic times where he was regarded as an extraordinary student and was very well appreciated by other students of his batch. Dr. Saha is an MD, MRCP UK, specialised CDD Diabetes, He has successfully cleared EDICM ( European Diploma In Intensive Care Medicine) .He has cleared Specialise Certificate Exam both in Endocrinology / Diabetes and Rheumatology from Royal College Of England. His special interest lies in diabetes management as well as rheumatology and Cardiology. He is a specialized person in the internal medicine field.",74,19,12,1734453855902,0
12,2,748229,887482,791270,https://imagesx.practo.com/providers/dr-sunita-kumari-verma-general-physician-kolkata-90780534-8578-40e6-8c37-a81f1c054975.jpg,/kolkata/doctor/sunita-kumari-verma-general-physician?practice_id=791270&specialization=General Physician&referrer=doctor_listing&page_uid=7e02c004-8680-452d-a548-0e47f9b15c05,Dr. Sunita Kumari Verma,General Physician,MBBS,"Nalanda Medical College, Patna",1984,,,,40,Kolkata,New Town,Clinic,Dr. Verma Clinic,600,,96,23,17,1734453855901,1
13,2,733473,667316,735842,https://imagesx.practo.com/providers/dr-debasish-saha-diabetologist-kolkata-f97f72cb-3fc5-4301-9369-8bf944f4d861.jpg,/kolkata/doctor/debasis-saha-diabetologist?practice_id=735842&specialization=General Physician&referrer=doctor_listing&page_uid=7e02c004-8680-452d-a548-0e47f9b15c05,Dr. Debasish Saha,General Physician,MD - General Medicine,Calcutta University,1984,MBBS,Calcutta University,1980,44,Kolkata,Salt Lake,Hospital,Manipal Hospital Broadway (AMRI Hospitals),1500,,86,21,11,1734453855901,2
15,2,754417,911580,735842,https://imagesx.practo.com/providers/dr-sima-datta-ray-internal-medicine-kolkata-0ef4fa09-4469-45a0-87e8-7eda89322479.jpg,/kolkata/doctor/sima-datta-ray-internal-medicine?practice_id=735842&specialization=General Physician&referrer=doctor_listing&page_uid=7e02c004-8680-452d-a548-0e47f9b15c05,Dr. Sima Datta Ray,General Physician,MBBS,Calcutta Univeristy,1992,MD - General Medicine,Sambalpur University,1999,32,Kolkata,Salt Lake,Hospital,Manipal Hospital Broadway (AMRI Hospitals),1000,"Dr. Sima Datta Ray is an Internal Medicine Practitioner, with years of experience. She has got reputed degrees - MBBS, MD(General Medicine), DTCD(Diploma in Tuberculosis and Chest Diseases). Her love and devotion to her patients are seriously appreciable. The Doctor is currently working as a consultant in the AMRI Hospital, Kolkata.",100,4,2,1734453855901,4
16,2,932677,897375,1465502,https://imagesx.practo.com/providers/dr-prattay-ghosh-consultant-physician-kolkata-c9b34276-261d-4e9e-90bc-8b3da22e0012.jpg,/kolkata/doctor/dr-prattay-ghosh-general-medicine?practice_id=1465502&specialization=General Physician&referrer=doctor_listing&page_uid=7e02c004-8680-452d-a548-0e47f9b15c05,Dr. Prattay Ghosh,General Physician,MBBS,"The West Bengal University of Health Sciences (WBUHS), Kolkata",2011,MD - General Medicine,"Mata Gujari Memorial Medical College,",2017,13,Kolkata,Beliaghata,Clinic,Apollo Clinic,900,"Dr. Prattay has done Mbbs, MD(Medicine), PGDCC, Postgraduate Diploma in Clinical Endocrinology & Diabetes(RCP UK) & CMC Vellore. Consultant Physician, Clinical Cardiologist, Endocrino-diabetologist, Intensive Care Physician, Ruby General Hospital Kolkata. Practicing in Kolkata.",100,3,2,1734453855902,5
17,2,940633,881942,1472968,https://imagesx.practo.com/providers/dr-pinaki-m-general-physician-kolkata-22419224-1db2-4617-906f-41774e4f26f0.jpg,/kolkata/doctor/pinaki-mukherjee-general-physician?practice_id=1472968&specialization=General Physician&referrer=doctor_listing&page_uid=7e02c004-8680-452d-a548-0e47f9b15c05,Dr. Pinaki M,General Physician,MBBS,Calcutta National Medical College,1991,,,,33,Kolkata,Diamond Harbour Road,Clinic,RB Diagnostic,600,"general practitioner in Barisha locality with vast experience in the fields of Medicine, Cardiology, Pulmonology, Psychiatry, Dermatology and related fields.",,0,0,1734453855902,6
18,2,932693,1148490,1465502,https://imagesx.practo.com/providers/dr-indranil-sinha-roy-general-physician-kolkata-8756c2d0-ecdc-4ac6-977d-586e9fda5a21.jpg,/kolkata/doctor/indranil-sinha-roy-general-physician?practice_id=1465502&specialization=General Physician&referrer=doctor_listing&page_uid=7e02c004-8680-452d-a548-0e47f9b15c05,Dr. Indranil Sinha Roy,General Physician,MBBS,Calcutta University,2004,MD - General Medicine,Dr . D. Y . Patil Vidyapeeth,2011,20,Kolkata,Beliaghata,Clinic,Apollo Clinic,1000,,,0,0,1734453855902,7
19,2,940634,1157650,1472968,https://imagesx.practo.com/providers/dr-atanu-bera-general-physician-kolkata-df250588-e243-4eaf-acb8-0cb6cb06f168.jpg,/kolkata/doctor/atanu-bera-general-physician?practice_id=1472968&specialization=General Physician&referrer=doctor_listing&page_uid=7e02c004-8680-452d-a548-0e47f9b15c05,Dr. Atanu Bera,General Physician,MBBS,Calcutta University	,2004,DNB - Orthopedics/Orthopedic Surgery,National Board Of Examinations Nbe,2016,20,Kolkata,Diamond Harbour Road,Clinic,RB Diagnostic,800,,,0,0,1734453855902,8
20,2,870110,1073041,1407045,https://imagesx.practo.com/providers/dr-dip-chattopadhyay-general-physician-kolkata-c633567a-0c13-4248-9647-44f42280f115.jpg,/kolkata/doctor/dr-dip-chattopadhyay-general-physician?practice_id=1407045&specialization=General Physician&referrer=doctor_listing&page_uid=7e02c004-8680-452d-a548-0e47f9b15c05,Dr. Dip Chattopadhyay,General Physician,MBBS,Calcutta University,2003,,,,20,Kolkata,Bhawanipore,Hospital,Samaritan Clinic Private Limited,1000,,,0,0,1734453855901,9
21,3,902248,1049167,1455337,https://imagesx.practo.com/providers/dr-chandan-malik-pain-management-specialist-kolkata-5182c543-058c-4c66-a4da-b5fd071a1ebe.jpg,/kolkata/doctor/chandan-malik-general-physician-1?practice_id=1455337&specialization=General Physician&referrer=doctor_listing&page_uid=5d0172e5-5028-4d7b-b447-537206050823,Dr. Chandan Malik,General Physician,MBBS,Burdwan Medical College,2014,Diploma in Anesthesiology,Calcutta National Medical College,2020,8,Kolkata,Anandapur,Clinic,Medihut Pharmacy And Clinic,500,"Dr. Chandan Malik  is Pain Management Specialist. He offers advice on different type of pain , chronic low back pain, shoulder pain , frozen shoulder, cervical spondylitis, lumber spondylitis, knee pain , ankle pain  , sports injury, diabetic neuropathy, peripheral neuropathy, post fracture rehabilitation. He offers best quality of medical service at affordable price...",,0,0,1734453857207,0
22,3,932682,1148467,1465502,https://imagesx.practo.com/providers/dr-sibasis-bhattacharyya-general-physician-kolkata-fd2429fa-aa0f-43aa-add9-55cea3d392fa.jpg,/kolkata/doctor/sibasis-bhattacharyya-general-physician?practice_id=1465502&specialization=General Physician&referrer=doctor_listing&page_uid=5d0172e5-5028-4d7b-b447-537206050823,Dr. Sibasis Bhattacharyya,General Physician,MBBS,West bengal university,2011,,,,13,Kolkata,Beliaghata,Clinic,Apollo Clinic,1000,,,0,0,1734453857207,1
23,3,934724,1150695,1465502,https://imagesx.practo.com/providers/dr-md-azharuddin-general-physician-kolkata-21b563c1-2552-4f8a-95c0-68b255944074.jpg,/kolkata/doctor/md-azharuddin-general-physician?practice_id=1465502&specialization=General Physician&referrer=doctor_listing&page_uid=5d0172e5-5028-4d7b-b447-537206050823,Dr. MD Azharuddin,General Physician,MBBS,West bengal university,2012,,,,12,Kolkata,Beliaghata,Clinic,Apollo Clinic,1000,,,0,0,1734453857207,2
24,3,934719,1104591,1465502,https://imagesx.practo.com/providers/dr-keshav-agarwal-general-physician-kolkata-e90cc917-dcd2-4fc8-bd63-2aa82f6d3883.jpg,/kolkata/doctor/keshav-agarwal-general-physician?practice_id=1465502&specialization=General Physician&referrer=doctor_listing&page_uid=5d0172e5-5028-4d7b-b447-537206050823,Dr. Keshav Agarwal,General Physician,MBBS,GS Medical College,2022,,,,2,Kolkata,Beliaghata,Clinic,Apollo Clinic,600,,,0,0,1734453857207,3
25,3,940621,1157638,1472967,https://imagesx.practo.com/providers/dr-somnath-mandal-general-physician-kolkata-1f263325-0e05-4fd9-82a6-e0129d856511.jpg,/kolkata/doctor/dr-somnath-mandal-general-physician?practice_id=1472967&specialization=General Physician&referrer=doctor_listing&page_uid=5d0172e5-5028-4d7b-b447-537206050823,Dr. Somnath Mandal,General Physician,MBBS,North Bengal University	,2000,DGO,Calcutta University,2005,3,Kolkata,Chittaranjan Avenue,Clinic,RB Diagnostic Centre,1000,,,0,0,1734453857207,4
26,3,676828,691517,1250516,https://imagesx.practo.com/providers/dr-sujoy-panchadhyayee-consultant-physician-kolkata-f8ca6e2c-7cd7-4823-a084-def837584c17.jpg,/kolkata/doctor/dr-sujoy-panchadhyayee-general-physician?practice_id=1250516&specialization=General Physician&referrer=doctor_listing&page_uid=5d0172e5-5028-4d7b-b447-537206050823,Dr. Sujoy Panchadhyayee,General Physician,MD - General Medicine,Calcutta National Medical College,2007,,,,17,Kolkata,Mukundapur,Hospital,Manipal Hospitals (AMRI Hospitals),1000,,71,7,6,1734453857206,5
27,3,577728,591776,1144124,https://imagesx.practo.com/providers/dr-soumik-debnath-general-physician-kolkata-81619d07-9d36-4fe8-b3d5-288d987bc278.jpg,/kolkata/doctor/soumik-debnath-1-general-physician?practice_id=1144124&specialization=General Physician&referrer=doctor_listing&page_uid=5d0172e5-5028-4d7b-b447-537206050823,Dr. Soumik Debnath,General Physician,MD - Physician,"Saint-Petersburg State Medical Academy, Russian Federation",2010,,,,14,Kolkata,Salt Lake,Clinic,Doctor's Clinic ,650,"Dr. Soumik Debnath is a well-known doctor specializing in General Physician  and Diabetologist . Having worked with several hospitals, Dr. Soumik Debnath has 12 years of relevant experience. Dr. Soumik Debnath practices medicine at AMRI Saltlake. Dr. Soumik Debnath has worked with Max Clinic, Delhi, Calcutta Medical Research Institute (CMRI), Apollo Gleneagles Hospitals, Kothari Medical Centre in the past. Dr. Soumik Debnath specializes in Health Checkup (General), Diabetes Management, Hypertension Treatment, Lower/Upper Respiratory Tract Infection Treatment. Apart from association with different hospitals, Dr. Soumik Debnath has put skills to the test in many other ways. .",99,124,99,1734453857205,6
28,3,895238,1105174,1250516,https://imagesx.practo.com/providers/dr-subhayu-b-general-physician-kolkata-a26d0316-33dc-4630-834c-d3ab2cdd0702.jpg,/kolkata/doctor/dr-subhayu-b-general-physician?practice_id=1250516&specialization=General Physician&referrer=doctor_listing&page_uid=5d0172e5-5028-4d7b-b447-537206050823,Dr. Subhayu B,General Physician,MBBS,Calcutta University,1996,,,,27,Kolkata,Mukundapur,Hospital,Manipal Hospitals (AMRI Hospitals),1500,,,0,0,1734453857206,7
29,3,597766,592514,711006,https://imagesx.practo.com/providers/dr-anirban-das-internal-medicine-kolkata-eff0f7ee-12a3-4bae-97a7-59288171d163.jpg,/kolkata/doctor/anirban-das-1-internal-medicine?practice_id=711006&specialization=General Physician&referrer=doctor_listing&page_uid=5d0172e5-5028-4d7b-b447-537206050823,Dr. Anirban Das,General Physician,MBBS,"University Of Calcuta, India",2000,MD - General Medicine,"The West Bengal University of Health Sciences (WBUHS), Kolkata",2013,24,Kolkata,Baghajatin,Hospital,IRIS Hospital,900,,100,24,7,1734453857206,8
30,3,714651,812458,735842,https://imagesx.practo.com/providers/dr-sudipta-dutta-diabetologist-kolkata-7b490644-bcd2-4eb2-8bbc-c91883a77c3e.jpg,/kolkata/doctor/sudipta-dutta-diabetologist?practice_id=735842&specialization=General Physician&referrer=doctor_listing&page_uid=5d0172e5-5028-4d7b-b447-537206050823,Dr. Sudipta Dutta,General Physician,MBBS,Burdwan Medical College,2008,MD - Biochemistry,"Mahatma Jyotiba Phule Rohilkhand University, Bareilly",2017,16,Kolkata,Salt Lake,Hospital,Manipal Hospital Broadway (AMRI Hospitals),1000,"Dr. Sudipta Dutta had done MBBS, MD (Diabetologist) , Fellowship in Diabetes (U.K. Master in Diabetes Complications (RCP) PG Diploma in Clinical Endocrinology And Diabetes Motto:- Awareness, prevention & treatment of Silent killer (Diabetes) Let us Fight together against Diabetes",100,3,0,1734453857206,9
31,4,798898,971632,1129338,https://imagesx.practo.com/providers/dr-sibaji-phaujdar-general-physician-kolkata-bf4b10d1-1df8-4d81-8ce0-0e38fb0342b6.jpg,/kolkata/doctor/sibaji-phaujdar-general-physician?practice_id=1129338&specialization=General Physician&referrer=doctor_listing&page_uid=01fc9cbb-331b-4a1a-bf0e-83ccd6fd1526,Dr. Sibaji Phaujdar,General Physician,MBBS,"Medical College, Calcutta",2007,MD - General Medicine,West Bengal State University,2011,17,Kolkata,Kasba,Hospital,Desun Hospital,500,"Dr. Sibaji Phaujdar did MD in General Medicine from Medical College, Kolkata, FNB in Critical Care Medicine from RN Tagore hospital, Kolkata, provide general physician care",100,2,2,1734453858402,0
32,4,605393,616537,711006,https://imagesx.practo.com/providers/dr-pratik-dasgupta-internal-medicine-kolkata-c1dd4fc7-77a2-4d81-9c85-928924754c03.jpg,/kolkata/doctor/dr-pratik-dasgupta-internal-medicine?practice_id=711006&specialization=General Physician&referrer=doctor_listing&page_uid=01fc9cbb-331b-4a1a-bf0e-83ccd6fd1526,Dr. Pratik Dasgupta,General Physician,MBBS,Gauhati  University,1996,MD - Medicine,Gauhati University,2000,24,Kolkata,Baghajatin,Hospital,IRIS Hospital,1000,,100,4,0,1734453858402,1
33,4,932695,1148492,1465502,https://imagesx.practo.com/providers/dr-chanchal-kumar-jana-general-physician-kolkata-e0f88385-43d3-49a6-95a5-97a293361161.jpg,/kolkata/doctor/chanchal-kumar-jana-general-physician?practice_id=1465502&specialization=General Physician&referrer=doctor_listing&page_uid=01fc9cbb-331b-4a1a-bf0e-83ccd6fd1526,Dr. Chanchal Kumar Jana,General Physician,MBBS,Calcutta University,1980,MD - General Medicine,Calcutta University,1984,44,Kolkata,Beliaghata,Clinic,Apollo Clinic,800,,100,1,1,1734453858402,2
34,4,754408,911573,735842,https://imagesx.practo.com/providers/dr-manaskumar-mandal-general-physician-kolkata-346de4c5-dbca-4e9e-ae00-a66abd99d2e9.jpg,/kolkata/doctor/manaskumar-mandal-general-physician?practice_id=735842&specialization=General Physician&referrer=doctor_listing&page_uid=01fc9cbb-331b-4a1a-bf0e-83ccd6fd1526,Dr. Manaskumar Mandal,General Physician,MBBS,Calcutta University,1990,,,,34,Kolkata,Salt Lake,Hospital,Manipal Hospital Broadway (AMRI Hospitals),1200,,100,1,0,1734453858402,3
35,4,703980,1036404,735842,https://imagesx.practo.com/providers/dr-shambhu-vishal-general-physician-kolkata-f140b981-b8f8-4044-bb12-613b40fd1938.jpg,/kolkata/doctor/dr-shambhu-vishal-general-physician-1?practice_id=735842&specialization=General Physician&referrer=doctor_listing&page_uid=01fc9cbb-331b-4a1a-bf0e-83ccd6fd1526,Dr. Shambhu Vishal,General Physician,MBBS,"Rajiv Gandhi University of Health Sciences, Bangalore, India",2007,DNB - General Medicine,"National Board of Examination, India",2019,15,Kolkata,Salt Lake,Hospital,Manipal Hospital Broadway (AMRI Hospitals),1000,,94,18,13,1734453858402,4
36,4,712014,733612,735842,https://imagesx.practo.com/providers/dr-anirvan-jaiswal-general-physician-kolkata-25439235-653c-41cc-8304-93ca66badd63.jpg,/kolkata/doctor/anirvan-jaiswal-general-physician?practice_id=735842&specialization=General Physician&referrer=doctor_listing&page_uid=01fc9cbb-331b-4a1a-bf0e-83ccd6fd1526,Dr. Anirvan Jaiswal,General Physician,MBBS,"Bangalore Medical College and Research Institute, Bangalore",2005,,,,18,Kolkata,Salt Lake,Hospital,Manipal Hospital Broadway (AMRI Hospitals),1000,,100,3,2,1734453858402,5
37,4,867513,1149951,1327211,https://imagesx.practo.com/providers/dr-sriya-mukherjee-general-physician-kolkata-d3bfa46c-9203-4e5a-aee5-f23b42d6faa4.jpg,/kolkata/doctor/dr-sriya-mukherjee-general-physician?practice_id=1327211&specialization=General Physician&referrer=doctor_listing&page_uid=01fc9cbb-331b-4a1a-bf0e-83ccd6fd1526,Dr. Sriya Mukherjee,General Physician,MBBS,"The West Bengal University of Health Sciences (WBUHS), Kolkata",2016,,,,8,Kolkata,Tollygunge,Clinic,Safe Care Health Services,500,"Dr. Shriya Mukherjee extensive medical expertise, dedication to advancing healthcare services.  Her and compassionate patient care well-deserved reputation as a highly skilled and respected general physician.  Her commitment to providing personalized care and improving the lives of her patients make her an invaluable member of the medical community.",,0,0,1734453858402,6
38,4,754419,911584,735842,https://imagesx.practo.com/providers/dr-subhasish-gangopadhyay-general-physician-kolkata-d2753397-a898-4275-b70a-90a89bf656e1.jpg,/kolkata/doctor/subhasish-gangopadhyay-general-physician?practice_id=735842&specialization=General Physician&referrer=doctor_listing&page_uid=01fc9cbb-331b-4a1a-bf0e-83ccd6fd1526,Dr. Subhasish Gangopadhyay,General Physician,MBBS,Calcutta Univeristy,1986,MD - General Medicine,"Barkatulla University, Bhopal",1990,38,Kolkata,Salt Lake,Hospital,Manipal Hospital Broadway (AMRI Hospitals),950,,,0,0,1734453858402,7
39,4,931988,629152,1465547,https://imagesx.practo.com/providers/dr-gaurab-bhaduri-diabetologist-kolkata-5d476800-d367-4c2e-8ded-c4d76af3913a.jpg,/kolkata/doctor/gaurab-bhaduri-general-physician?practice_id=1465547&specialization=General Physician&referrer=doctor_listing&page_uid=01fc9cbb-331b-4a1a-bf0e-83ccd6fd1526,Dr. Gaurab Bhaduri,General Physician,MBBS,West Bengal University of Health Sciences,2011,MD - General Medicine,West Bengal University of Health Sciences,2016,13,Kolkata,Beliaghata,Clinic,Apollo Sugar Clinic,1100,"Dr. Gaurab Bhaduri is a Consultant in the department of Endocrinology and Diabetes. Dr. Gaurab Bhaduri practices at Apollo Clinic in Salt Lake, Kolkata and Apollo Sugar Clinic in New Town, Kolkata. He has done his MD Internal Medicine  followed by SCE Endocrinology & Diabetes U.K, Post Grad Diploma in Clinical Endocrinology & Diabetes( Royal College of Physicians, U.K), DMSc( Diabetes) U.K, CCDM( Diabetes) U.K",90,10,10,1734453858402,8
40,4,848149,1039046,711006,https://imagesx.practo.com/providers/dr-biswanath-sharma-sarkar-general-physician-kolkata-9c096bf5-9a68-408c-be49-46a5d93aeec1.jpg,/kolkata/doctor/dr-biswanath-sharma-sarkar-general-physician?practice_id=711006&specialization=General Physician&referrer=doctor_listing&page_uid=01fc9cbb-331b-4a1a-bf0e-83ccd6fd1526,Dr. Biswanath Sharma Sarkar,General Physician,MBBS,Calcutta University,1998,,,,25,Kolkata,Baghajatin,Hospital,IRIS Hospital,600,,,0,0,1734453858402,9
41,5,754412,911575,735842,https://imagesx.practo.com/providers/dr-rakhi-sanyal-general-physician-kolkata-4b79e734-b43e-4800-9372-f54e5f536694.jpg,/kolkata/doctor/rakhi-sanyal-general-physician?practice_id=735842&specialization=General Physician&referrer=doctor_listing&page_uid=9d9ff3bc-eff4-4617-ac17-c3d4130f4a53,Dr. Rakhi Sanyal,General Physician,MBBS,Calcutta University,1993,MD - Pharmacology, Calcutta University,2002,31,Kolkata,Salt Lake,Hospital,Manipal Hospital Broadway (AMRI Hospitals),1500,,50,2,1,1734453859533,0
42,5,763908,925300,1332396,https://imagesx.practo.com/providers/dr-gita-das-banik-general-physician-kolkata-602dd5a7-4388-44a0-b81c-d60470f45f6e.jpg,/kolkata/doctor/drgita-das-banik-general-physician?practice_id=1332396&specialization=General Physician&referrer=doctor_listing&page_uid=9d9ff3bc-eff4-4617-ac17-c3d4130f4a53,Dr. Gita Das Banik,General Physician,MBBS,"Lalit Narayan Mithila University, Darbhanga",1997,,,,27,Kolkata,Bangur Avenue,Clinic,Dr. Gita Das Banik Clinic,500,,,0,0,1734453859603,1
43,5,881042,1067988,1439145,https://imagesx.practo.com/providers/dr-antarikhya-bordoloi-geriatrician-kolkata-d8f832d5-d04e-47e7-9abb-c1e79958ba24.jpg,/kolkata/doctor/antarikhya-bordoloi-geriatrician-2?practice_id=1439145&specialization=General Physician&referrer=doctor_listing&page_uid=9d9ff3bc-eff4-4617-ac17-c3d4130f4a53,Dr. Antarikhya Bordoloi,General Physician,MBBS,Kathmandu Medical College,2009,MD - Geriatrics,"Mahatma Gandhi Mission's Medical College, Navi Mumbai",2021,8,Kolkata,New Town,Clinic,Compassia Health Services Pvt. Ltd.,800,"Dr. Antarikhya Bordoloi is a Geriatric Medicine (medicine for the elderly) in New Town, Kolkata and has a total experience of 7 years . She specializes in diagnosing and carefully treating various cases while making sure each patient is fully informed throughout the process. She is known for delivering compassionate care while helping you minimize your personal investment and creating a suitable treatment plan for your needs.   Earlier in her career, she has worked for renowned institutions like Family Medical Centre of the Indian Army, Refinery Hospital for Indian Oil Corporation Limited and currently serving at Apollo Multispeciality Hospital, Kolkata.",100,1,0,1734453859603,2
44,5,864242,915386,865012,https://imagesx.practo.com/providers/dr-komal-agarwal-general-physician-howrah-49b1a562-02e6-4341-a51a-f4cf031dd77d.jpg,/kolkata/doctor/komal-agarwal-2-general-physician?practice_id=865012&specialization=General Physician&referrer=doctor_listing&page_uid=9d9ff3bc-eff4-4617-ac17-c3d4130f4a53,Dr. Komal Agarwal,General Physician,MBBS,University Of West Bengal,2015,"MD - Dermatology , Venereology & Leprosy",Shrimanta Shakaradeva University of Health Sciences,2019,8,Kolkata,Minto Park,Clinic,Purnam Clinic,1100,,,0,0,1734453859603,3
46,5,931118,1146774,1465502,https://imagesx.practo.com/providers/dr-romi-ray-general-physician-kolkata-5ce59bf9-80e9-47b0-b4d1-ab55e1f6f1fd.jpg,/kolkata/doctor/romi-ray-pediatrician?practice_id=1465502&specialization=General Physician&referrer=doctor_listing&page_uid=9d9ff3bc-eff4-4617-ac17-c3d4130f4a53,Dr. Romi Ray,General Physician,MBBS,Calcutta Medical College,1994,Post Graduate Diploma in Maternity and Child Health (PGDMCH),Calcutta Medical College,2000,30,Kolkata,Beliaghata,Clinic,Apollo Clinic,600,,,0,0,1734453859603,5
47,5,848147,1039043,711006,https://imagesx.practo.com/providers/dr-pulak-ghosh-dastidar-general-physician-kolkata-4f86c990-d820-49e6-a2f3-2c06f0dbcbba.jpg,/kolkata/doctor/dr-pulak-ghosh-dastidar-general-physician?practice_id=711006&specialization=General Physician&referrer=doctor_listing&page_uid=9d9ff3bc-eff4-4617-ac17-c3d4130f4a53,Dr. Pulak Ghosh Dastidar,General Physician,MBBS,Calcutta University,2004,,,,20,Kolkata,Baghajatin,Hospital,IRIS Hospital,900,,,0,0,1734453859603,6
48,5,848207,1039278,711006,https://imagesx.practo.com/providers/dr-ratul-roy-general-physician-kolkata-31785a9d-1f5d-451b-82cd-61f7686e7218.jpg,/kolkata/doctor/dr-ratul-roy-general-physician?practice_id=711006&specialization=General Physician&referrer=doctor_listing&page_uid=9d9ff3bc-eff4-4617-ac17-c3d4130f4a53,Dr. Ratul Roy,General Physician,MD - Physician,Lugansk State Medical University,2014,,,,9,Kolkata,Baghajatin,Hospital,IRIS Hospital,600,,,0,0,1734453859603,7
49,5,848210,591473,711006,https://imagesx.practo.com/providers/dr-dibyen-chatterjee-general-physician-kolkata-0d7b6117-da6a-4519-a147-f43466140d6c.jpg,/kolkata/doctor/dr-dibyen-chatterjee-general-physician?practice_id=711006&specialization=General Physician&referrer=doctor_listing&page_uid=9d9ff3bc-eff4-4617-ac17-c3d4130f4a53,Dr. Dibyen Chatterjee,General Physician,MBBS,"University Of Calcuta, India",2003,,,,20,Kolkata,Baghajatin,Hospital,IRIS Hospital,700,,,0,0,1734453859603,8
50,5,868336,1070815,1327211,https://imagesx.practo.com/providers/dr-v-lokanathan-general-physician-kolkata-df0531c9-3d0d-449e-acb5-819e3064d7ab.jpg,/kolkata/doctor/dr-v-lokanathan-general-physician?practice_id=1327211&specialization=General Physician&referrer=doctor_listing&page_uid=9d9ff3bc-eff4-4617-ac17-c3d4130f4a53,Dr. V Lokanathan,General Physician,MBBS,"The West Bengal University of Health Sciences (WBUHS), Kolkata",2011,,,,13,Kolkata,Tollygunge,Clinic,Safe Care Health Services,500,,,0,0,1734453859603,9
51,6,867515,1069436,1327211,https://imagesx.practo.com/providers/dr-ajites-ghoshal-anesthesiologist-kolkata-96c5c1d9-d343-46e9-8153-3c1ce97f4308.jpg,/kolkata/doctor/ajitesh-ghosal-anesthesiologist?practice_id=1327211&specialization=General Physician&referrer=doctor_listing&page_uid=f7949db9-547a-4f11-8c61-2beb5e207acd,Dr. Ajites Ghoshal,General Physician,MBBS,Calcutta University,1996,Diploma in Anesthesiology,Calcutta University,2001,18,Kolkata,Tollygunge,Clinic,Safe Care Health Services,700,,,0,0,1734453860627,0
52,6,867542,1069488,1327211,https://imagesx.practo.com/providers/dr-agnihotri-chakroborty-general-physician-kolkata-8bfd38e7-bee8-4d6f-b95d-351bfb9f9bf9.jpg,/kolkata/doctor/agnihotri-chakroborty-general-physician?practice_id=1327211&specialization=General Physician&referrer=doctor_listing&page_uid=f7949db9-547a-4f11-8c61-2beb5e207acd,Dr. Agnihotri Chakroborty,General Physician,MBBS,"The West Bengal University of Health Sciences (WBUHS), Kolkata",2019,,,,4,Kolkata,Tollygunge,Clinic,Safe Care Health Services,400,,,0,0,1734453860629,1
53,6,867517,1069438,1327211,https://imagesx.practo.com/providers/dr-suman-sarkar-general-physician-kolkata-761496d3-d5e0-4bfa-bea8-4c4cd5920dde.jpg,/kolkata/doctor/suman-sarkar-1-general-physician?practice_id=1327211&specialization=General Physician&referrer=doctor_listing&page_uid=f7949db9-547a-4f11-8c61-2beb5e207acd,Dr. Suman Sarkar,General Physician,MBBS,"The West Bengal University of Health Sciences (WBUHS), Kolkata",2015,MD - Medicine,"The West Bengal University of Health Sciences (WBUHS), Kolkata",2022,9,Kolkata,Tollygunge,Clinic,Safe Care Health Services,600,,,0,0,1734453860628,2
54,6,867518,1069442,1327211,https://imagesx.practo.com/providers/dr-soumik-mondal-general-physician-kolkata-6b3c865b-60c0-40e1-b4e9-efc2ddc0d911.jpg,/kolkata/doctor/soumik-mondal-general-physician?practice_id=1327211&specialization=General Physician&referrer=doctor_listing&page_uid=f7949db9-547a-4f11-8c61-2beb5e207acd,Dr. Soumik Mondal,General Physician,MBBS,"The West Bengal University of Health Sciences (WBUHS), Kolkata",2017,,,,7,Kolkata,Tollygunge,Clinic,Safe Care Health Services,700,,,0,0,1734453860629,3
55,6,872915,54991,1407045,https://imagesx.practo.com/providers/dr-debasish-ghosh-general-physician-kolkata-a576cb20-bc9b-4498-a5b6-881ed940a3ed.jpg,/kolkata/doctor/dr-debasish-ghosh-general-physician?practice_id=1407045&specialization=General Physician&referrer=doctor_listing&page_uid=f7949db9-547a-4f11-8c61-2beb5e207acd,Dr. Debasish Ghosh,General Physician,MBBS,Calcutta University,2001,MS - ENT,Calcutta University,2006,21,Kolkata,Bhawanipore,Hospital,Samaritan Clinic Private Limited,1500,,,0,0,1734453860631,4
56,6,940641,928431,1472925,https://imagesx.practo.com/providers/dr-vishal-agarwal-general-physician-kolkata-24b88916-3e0f-4fbb-9946-ba64c558e496.jpg,/kolkata/doctor/vishal-agarwal-general-physician?practice_id=1472925&specialization=General Physician&referrer=doctor_listing&page_uid=f7949db9-547a-4f11-8c61-2beb5e207acd,Dr. Vishal Agarwal,General Physician,MBBS,West Bengal University of Health Sciences,2014,,,,10,Kolkata,Salt Lake,Hospital,RB Diagnostic,800,,,0,0,1734453860632,5
57,6,940635,1157651,1472968,https://imagesx.practo.com/providers/dr-arpita-khemka-general-physician-kolkata-3e956567-0c25-4344-9af2-8c2cebb36cf1.jpg,/kolkata/doctor/arpita-khemka-general-physician?practice_id=1472968&specialization=General Physician&referrer=doctor_listing&page_uid=f7949db9-547a-4f11-8c61-2beb5e207acd,Dr. Arpita Khemka,General Physician,MBBS,West Bengal University of Health Sciences	,2016,MD - Pediatrics,West Bengal University of Health Sciences	,2021,8,Kolkata,Diamond Harbour Road,Clinic,RB Diagnostic,600,,,0,0,1734453860631,6
58,6,940639,1157658,1472925,https://imagesx.practo.com/providers/dr-c-n-mondal-general-physician-kolkata-3c227fb7-2602-4114-a9ee-0b86de599a93.jpg,/kolkata/doctor/dr-c-n-mondal-general-physician?practice_id=1472925&specialization=General Physician&referrer=doctor_listing&page_uid=f7949db9-547a-4f11-8c61-2beb5e207acd,Dr. C N Mondal,General Physician,MBBS,West Bengal University of Health Sciences	,2015,MD - General Medicine,West Bengal University of Health Sciences	,2020,9,Kolkata,Salt Lake,Hospital,RB Diagnostic,800,,,0,0,1734453860631,7
59,6,871501,1074966,1407045,https://imagesx.practo.com/providers/dr-subhajit-das-general-physician-kolkata-1d270db7-487d-432c-aab6-753867c6f713.jpg,/kolkata/doctor/dr-subhajit-das-general-physician?practice_id=1407045&specialization=General Physician&referrer=doctor_listing&page_uid=f7949db9-547a-4f11-8c61-2beb5e207acd,Dr. Subhajit Das,General Physician,MBBS,West Bengal University of Health Sciences,2019,,,,4,Kolkata,Bhawanipore,Hospital,Samaritan Clinic Private Limited,1000,,,0,0,1734453860630,8
60,6,871497,1074961,1407045,https://imagesx.practo.com/providers/dr-subham-kanti-bera-general-physician-kolkata-241a3f8b-16a4-4295-82ce-2547ae00d1a9.jpg,/kolkata/doctor/dr-subham-kanti-general-surgeon?practice_id=1407045&specialization=General Physician&referrer=doctor_listing&page_uid=f7949db9-547a-4f11-8c61-2beb5e207acd,Dr. Subham Kanti Bera,General Physician,MBBS,West Bengal University of Health Sciences,2017,,,,6,Kolkata,Bhawanipore,Hospital,Samaritan Clinic Private Limited,1200,,,0,0,1734453860629,9
61,7,871500,1074965,1407045,https://imagesx.practo.com/providers/dr-sudeshna-mukherjee-general-physician-kolkata-76ac400a-9fa2-4ae3-82c3-d9007a2455c1.jpg,/kolkata/doctor/dr-sudeshna-mukherjee-general-physician?practice_id=1407045&specialization=General Physician&referrer=doctor_listing&page_uid=15cca5d1-82cb-4ae2-8cbf-3bfe43b98b13,Dr. Sudeshna Mukherjee,General Physician,MBBS,West Bengal University of Health Sciences,2013,,,,10,Kolkata,Bhawanipore,Hospital,Samaritan Clinic Private Limited,1500,,,0,0,1734453862101,-1
