rank,page,id,doctor_id,practice_id,image_url,profile_url,doctor_name,specialization,qualification,college,completion_year,qualification,college,completion_year,experience_years,practice_city,practice_locality,practice_type,practice_name,consultation_fees,summary,recommendation_percent,patients_count,reviews_count,timestamp,position,
1,1,564232,581253,1136007,https://imagesx.practo.com/providers/dr-k-s-walia-general-physician-delhi-d9e21ea7-d2d4-4c18-b302-03935014fbdc.jpg,/delhi/doctor/dr-k-s-walia-general-physician?practice_id=1136007&specialization=General Physician&referrer=doctor_listing&page_uid=08e16fad-b0ef-44d8-a109-850f02b9bf6e,Dr. K.S. Walia,General Physician,MBBS,Guru Nanak Dev University,1974,,,,50,Delhi,Sarita Vihar,Clinic,Walia Medical and Maternity Centre,600,"Dr K.S Walia has an experience of over 46 years and has done his M.B.B.S from Government Medical College, Amritsar. He is an experienced physician who strives to keep himself updated with the changing trends of the medical field. After spending 10 years in Nigeria at Pope Paul Specialist Hospital as Chief Medical Officer, Dr Walia returned to India and Worked at Faridabad as well as Kosi Kalan, Distt Mathura before establishing his own setup in 1993 at Walia Medical & Maternity Centre,Sarita VIhar, New Delhi. Believes in doing his job with compassion & High Standards of Patient Care. He is one of the most Prominent General Physician in Sarita Vihar, New Delhi.",90,219,170,1734452804412,2
2,1,651162,691197,1222652,https://imagesx.practo.com/providers/dr-paru-sharma-general-physician-delhi-2b81acb6-c836-4662-a841-36a74b93c60c.jpg,/delhi/doctor/dr-paru-sharma-family-physician?practice_id=1222652&specialization=General Physician&referrer=doctor_listing&page_uid=08e16fad-b0ef-44d8-a109-850f02b9bf6e,Dr. Paru Sharma,General Physician,MBBS,"S.N. Medical College, Agra",1992,,,,32,Delhi,Dwarka Sector 13,Clinic,Dr. Paru Sharma's Clinic,700,"I am  working as consultant dialysis medical officer at Pushpawati Singhania Research Institute, in Sheikh Sarai phase 2 in Delhi for 20 years . This is multi-speciality hospital. I am seeing about 60 patients per day with different diseases,diagnosing them and treating with good results.I have done my MBBS from Agra University ,S N. Medical College Agra, After that done post graduate diploma in hospital and health care management , from IGNOU Delhi. I am member of Indian Medical Association and Delhi Medical Association. Presently I am also practicing in Dwarka sector 13 Delhi .",97,196,102,1734452804413,3
3,1,886722,1095202,1443111,https://imagesx.practo.com/providers/dr-swati-aggarwal-general-physician-delhi-65c966fc-1516-4875-a812-1558d0b9d5da.jpg,/delhi/doctor/swati-aggarwal-general-physician?practice_id=1443111&specialization=General Physician&referrer=doctor_listing&page_uid=08e16fad-b0ef-44d8-a109-850f02b9bf6e,Dr. Swati Aggarwal,General Physician,MBBS,"Krishna Institute of Medical Sciences, Karad",2011,,,,13,Delhi,Dwarka Sector 12,Clinic,Dr. Swati General Physician Vaccination Centre,500,"Dr. Swati Aggarwal is a General Physician and General Practitioner in Dwarka Sector 12, Delhi and has an experience of 12 years in these fields. Dr. Swati Aggarwal practices at Dr. Swati General Physician VaccinationCentre in Dwarka Sector 12, Delhi. She completed MBBS from Krishna Institute of Medical Sciences, Karad in 2011.",93,29,25,1734452804414,5
4,1,705235,793924,1276288,https://imagesx.practo.com/providers/dr-saumya-rathi-general-physician-delhi-1239346e-f6e7-4aef-8a78-73ed81b32113.jpg,/delhi/doctor/saumya-rathi-general-physician?practice_id=1276288&specialization=General Physician&referrer=doctor_listing&page_uid=08e16fad-b0ef-44d8-a109-850f02b9bf6e,Dr. Saumya Rathi,General Physician,MBBS,Hemwati Nandan Bahuguna Garhwal University,2012,,,,12,Delhi,Shakti Nagar,Clinic,Dr. Saumya Rathi Clinic,1000,"Dr. Saumya Rathi says have evolved as a doctor with various milestones en route. Work exposure gained from government institutions like Safdarjung hospital and Rajan Babu TB hospital has built her foundation. Working in Sir Gangaram hospital and St. Stephen's hospital has given her confidence and trust in treating patients.""",100,268,206,1734452804413,6
5,1,734684,542563,1306635,https://imagesx.practo.com/providers/dr-sunny-sehgal-general-physician-delhi-98eaad67-90a5-452c-acbc-c6e2b9bf054c.jpg,/delhi/doctor/sunny-sehgal-1-general-physician?practice_id=1306635&specialization=General Physician&referrer=doctor_listing&page_uid=08e16fad-b0ef-44d8-a109-850f02b9bf6e,Dr. Sunny Sehgal,General Physician,MD - Physician,V.N. Karazin Kharkiv National University School of Medicine,2010,,,,8,Delhi,Laxmi Nagar,Clinic,People's Health Care,500,Dr. Sunny Sehgal is well experienced consultant physician in East Delhi. Happy to serve towards society in best possible way to enhance their health status and maintaining it. Making correct diagnosis which is a crucial factor in the line of treatment to be given.,95,148,117,1734452804413,8
6,1,605954,625268,1162854,https://imagesx.practo.com/providers/dr-yatin-kukreja-general-physician-delhi-b56d6a5a-73d2-4384-b955-8d84b25bb6fb.jpg,/delhi/doctor/dr-yatin-kukreja-emergency-critical-care?practice_id=1162854&specialization=General Physician&referrer=doctor_listing&page_uid=08e16fad-b0ef-44d8-a109-850f02b9bf6e,Dr. Yatin Kukreja,General Physician,MD - Physician,"University of Medicine Pleven, Bulgaria",2003,,,,21,Delhi,Lajpat Nagar 4,Clinic,Kukreja Healthcare Clinic,850,"Dr. Yatin Kukreja is a General Physician and with expertise in handling critical emergencies. He holds a vast experience of more than 14 yrs in this field. He is associated with Artemis Hospital,  as Senior Consultant, for the last 7 years. Dr. Kukreja has been awarded the certification from the Public Health Foundation of India, for the Evidence-Based Diabetes Management. Believes that Managing diabetes is teamwork and not just a prescription. He is also a certified instructor of the American Heart Association, teaching Basic Life Support and Advanced Cardiac Life Support in various prestigious institutes.",98,334,168,1734452804413,9
7,1,888921,1097994,1420897,https://imagesx.practo.com/providers/dr-pratima-verma-general-physician-delhi-727457ae-0da9-4dc8-8be1-7cadb2c00ab7.jpg,/delhi/doctor/dr-pratima-verma-family-physician?practice_id=1420897&specialization=General Physician&referrer=doctor_listing&page_uid=08e16fad-b0ef-44d8-a109-850f02b9bf6e,Dr. Pratima Verma,General Physician,MBBS,JIWAJI University Gwalior,1991,,,,32,Delhi,East Of Kailash,Clinic,Apollo Clinic,1200,"Dr. Pratima Verma is a Doctor in East Of Kailash, Delhi and has an experience of 32 years in this field. Dr. Pratima Verma practices at Apollo Clinic in East Of Kailash, Delhi. She completed MBBS from JIWAJI University Gwalior in 1991,PGDIM Health and Family Welfare Management from National Institute of Health And Family Welfare, Delhi in 2017 and MBA - Healthcare Administration from University of Delhi in 2018",100,57,56,1734452804414,10
8,1,882642,866164,1440193,https://imagesx.practo.com/providers/dr-tanjot-kaur-general-physician-delhi-1383f9a0-ef8d-4288-a3ef-8c6c4cd8ad33.jpg,/delhi/doctor/tanjot-kaur-general-physician?practice_id=1440193&specialization=General Physician&referrer=doctor_listing&page_uid=08e16fad-b0ef-44d8-a109-850f02b9bf6e,Dr. Tanjot Kaur,General Physician,MBBS,Baba Farid University of Health sciences,2007,DNB - Family Medicine,"National Board of Examination, India",2012,17,Delhi,Dwarka Sector 10,Clinic,Hope Wellness Clinic,600,"Dr. Tanjot Kaur is a Consultant Physician at Doctors Hub and Health Services, Dwarka Sec 12, New Delhi and is extremely skilled at healing infectious diseases and lifestyle diseases like Diabetes, Hypertension. treating infectious diseases. She graduated from Govt Medical College, Amritsar and then pursued Post Graduation (DNB) from Sir Ganga Ram Hospital. She completed a certificate course in Diabetes from BMJ, Royal College of Physicians (London). She also worked in the Department of Cardiology at Janakpuri Super Specialty Hospital.",98,42,15,1734452804414,11
9,1,711735,811333,1282082,https://imagesx.practo.com/providers/dr-usha-gupta-general-practitioner-delhi-d63d9804-3d37-45bd-b714-3af7e1723a71.jpg,/delhi/doctor/dr-usha-gupta-1-general-practitioner?practice_id=1282082&specialization=General Physician&referrer=doctor_listing&page_uid=08e16fad-b0ef-44d8-a109-850f02b9bf6e,Dr. Usha Gupta,General Physician,MBBS,"Lady Hardinge Medical College, New Delhi",1981,,,,41,Delhi,Jhilmil Colony,Clinic,Dr. Gupta Family Clinic,600,"@ I am a General Practitioner & Gynecologist/Obstetrician with 38 years of experience @ Services: General Physician, Gynecologist, Women Health, Child Patients, Family Planning & Conduct Deliveries (Pregnancy)  @ I am also associated with Pushpanjali Medical Center for my indoor patients @ I have been practicing in Jhilmil & Vivek Vihar, Delhi area since 1983. I have done my MBBS from Lady Hardinge Medical College, Delhi (One of the most renowned medical colleges in India) @ I have also done PGCC in Family Planning @ I have conducted many camps for General, Gynae, Women & Child patients @ I am an active member of the following Medical Organizations in India: DMA, IMA, AOGD, FOGSI & ICOG",96,54,41,1734452804413,12
10,1,849719,560700,1136406,https://imagesx.practo.com/providers/dr-pankaj-kumar-general-physician-delhi-0707a48d-8f19-4c0c-9f25-e1d2908cc9ae.jpg,/delhi/doctor/drpankaj-kumar-general-physician-11?practice_id=1136406&specialization=General Physician&referrer=doctor_listing&page_uid=08e16fad-b0ef-44d8-a109-850f02b9bf6e,Dr. Pankaj Kumar,General Physician,MBBS,Bankura Sammilani Medical College & Hospital,2007,DNB - Family Medicine,"National Board of Examination, India",2015,17,Delhi,Dwarka Sector 9,Clinic,Diet Plus Minus,700,"Dr. Pankaj Kumar, a medical doctor by training and diet & fitness enthusiast and consultant by passion is the brain behind Mawkish Clinic and Diet Plus Minus. His idea of weight and fitness management is not only backed by authentic work done in this field but also combines radical and path-breaking innovations in proper dietary management. Over the years he has gained great popularity among his clients who hail from different strata of society. The cured patients are a living testimony of an effective and unique style of diet management without much compromise on the taste and amount of food involved. The personal guidance, mentoring, and counseling provided by him not only motivate the clients to cure obesity, diabetes, fatty liver, PCOD, hormonal imbalance at such ease and speed but also goes a long way in easily adopting a healthy lifestyle in long run. He is a strong believer and propagator of the idea that healthy living is a right of each individual which should be an attitude in each one of us rather than imposed by any external stimulus. The mawkish clinic was started in the year 2016 as a venture by Dr. Pankaj Kumar. His diverse exposure gained while pursuing MBBS in Bankura Sammilani Medical College and Hospital and Post-Graduation from Sir Ganga Ram Hospital, New Delhi has helped him in coming into contact with some of the greatest medical minds in the country. He has efficiently amalgamated the experience gained by him with new works in the field of medical sciences and applied them successfully in his practice. The mawkish clinic, over the years, has made a special place among thousands of patients who have been cured by his efficient hands. Meanwhile sensing a strong need for specialized care and attention for diseases cropping out of lifestyle disorders, Dr. Pankaj thought of starting Diet Plus Minus (dietplusminus.com) with a strong focus on patients suffering from complications like diabetes, fatty liver, obesity, PCOD, post-pregnancy weight gain, infertility due to obesity, premature ejaculation, erectile dysfunction, etc. Diet Plus Minus is a unique blend of medical knowledge and time-tested wisdom in treating lifestyle disorders. Patients are provided with personalized and customized counseling which helps them in living a balanced life with increased confidence and self-esteem. He provides customized as well as generalized diet plans which help in multiple medical conditions. He does not use any medicine or supplements or any fancy crash diet to lose weight. In addition to this, he provides an idea of a maintenance diet after the completion of 3 months or the end of the course. We all know that every individual is different and their body responds differently to diet and exercise and this very fact forms the basis of each individual case that he takes. For him, each case is a project in itself and hence he puts adequate enthusiasm and attention to individual details in framing diet plan and regimen. Weight loss and/or customized diet plan plays a pivotal role in long term management of the following diseases  1.	Arthritis 2.	Chronic gastric disorder 3.	Diabetes 4.	Fatty liver 5.	High triglycerides, cholesterol 6.	Hypertension 7.	Infertility (associated with obesity) 8.	Irritable bowel syndrome (IBS) 9.	Obesity 10.	Polycystic ovarian disease 11.	Post-pregnancy weight gain 12.	Sexual disorders like erectile dysfunction, premature ejaculation 13.	Snoring 14. Thyroid disorder and many more…",96,282,156,1734452804413,14
11,2,879596,801353,1438461,https://imagesx.practo.com/providers/dr-devesh-goel-general-practitioner-delhi-54e96ddf-6dcc-455e-b20e-35c3fb2447fd.jpg,/delhi/doctor/devesh-goel-general-practitioner?practice_id=1438461&specialization=General Physician&referrer=doctor_listing&page_uid=f9d73dd6-b3f5-4d3b-8eef-32604e3252f2,Dr. Devesh Goel,General Physician,MBBS,"Maulana Azad Medical  College, Delhi University",2019,,,,5,Delhi,Shalimar Bagh,Clinic,Miracle Health Centre,1000,"Dr. Devesh Goel,  Mbbs (Maulana Azad Medical College) Area Of Interest - Brain And Spine. Operative And Non Operative Treatment For Back Pain, Fracture, Headache, Brain Tumors.",100,13,9,1734452805759,0
12,2,686146,751103,708453,https://imagesx.practo.com/providers/dr-arpita-a-sethi-general-physician-delhi-d8ede54a-9f3d-47c6-91d8-84764157b2fc.jpg,/delhi/doctor/arpita-a-sethi-general-physician?practice_id=708453&specialization=General Physician&referrer=doctor_listing&page_uid=f9d73dd6-b3f5-4d3b-8eef-32604e3252f2,Dr. Arpita A. Sethi,General Physician,MBBS,"Barkatulla University, Bhopal",2007,,,,17,Delhi,Ashok Vihar Phase 2,Clinic,Dr. Yatin Sethi ENT Centre,700,,100,21,12,1734452805759,1
14,2,784250,953815,1352634,https://imagesx.practo.com/providers/dr-vineet-mittal-general-physician-delhi-39a53f19-b6c8-4371-a81d-69b8fd8ad8da.jpg,/delhi/doctor/vineet-mittal-general-physician?practice_id=1352634&specialization=General Physician&referrer=doctor_listing&page_uid=f9d73dd6-b3f5-4d3b-8eef-32604e3252f2,Dr. Vineet Mittal,General Physician,MBBS,Rajiv Gandhi University of Health Sciences,2002,DNB - General Medicine,"National Board of Examination, India",2020,22,Delhi,Rohini,Clinic,Medylyf Polyclinic,600,"Dr. Vineet Mittal is a  consultant physician , diabetologist ,clinical cardiologist, his aim is to control world wide diabetes with the help of medication and diet/lifestyle counselling .",98,99,96,1734452805759,3
15,2,725588,873238,1298025,https://imagesx.practo.com/providers/dr-ankit-nijhara-general-physician-delhi-e0266cd2-6473-4c4b-9e64-118eae749193.jpg,/delhi/doctor/dr-ankit-nijhara-general-physician?practice_id=1298025&specialization=General Physician&referrer=doctor_listing&page_uid=f9d73dd6-b3f5-4d3b-8eef-32604e3252f2,Dr. Ankit Nijhara,General Physician,MBBS,"Subharti Institute of Medical Sciences,Merrut",2020,,,,4,Delhi,Patel Nagar East,Clinic,Fortitude Health and Skin Clinic,600,"Dr.Ankit Nijhara is a  disciplined & a confident physician bringing an extensive experience of working closely with renowned medical ferenities like Subharti & BLK-MAX Super Speciality hospital. He also possess a strong background in diagnosis, treatment and management of patient illnesses with acute and chronic diseases.  He is also a member of the renowned American Heart Association and American Diabetes Association.",98,113,73,1734452805759,4
16,2,728366,681855,1300768,https://imagesx.practo.com/providers/dr-sukesh-kumar-general-physician-delhi-8037d91c-fb53-40f7-b6d6-fa85b3308831.jpg,/delhi/doctor/dr-sukesh-kumar-paediatrics?practice_id=1300768&specialization=General Physician&referrer=doctor_listing&page_uid=f9d73dd6-b3f5-4d3b-8eef-32604e3252f2,Dr. Sukesh Kumar,General Physician,MBBS,"Nalanda Medical College, Patna",2014,,,,8,Delhi,IP Extension,Clinic,Indraprasth New Born and Child Hospital,500,"I have 3 years experience in paedia, also",96,23,20,1734452805759,5
17,2,494823,534386,1071396,https://imagesx.practo.com/providers/dr-maj-sharad-shrivastava-general-physician-delhi-fabe1be8-b934-40ed-a2fd-90771a6800c2.jpg,/delhi/doctor/dr-54-general-physician-1?practice_id=1071396&specialization=General Physician&referrer=doctor_listing&page_uid=f9d73dd6-b3f5-4d3b-8eef-32604e3252f2,Dr. (Maj.)Sharad Shrivastava,General Physician,MBBS,"Govt. S S Medical College , Rewa, M.P",1993,,,,31,Delhi,Dwarka Sector 7,Clinic,Gouri Clinic,1000,"Dr(Maj.) Sharad Shrivastava is a well known physician cardio diabetologist in Delhi, having the expertise of 25 years practising medicine for infectious disease, diabetes, cardiovascular disorders, chest diseases like asthma and thyroid disorders.   He has done his MBBS from Govt. S.S Medical College, Rewa (M.P.) in 1993. Dr Shrivastava is specialized in critical care. He has worked in different ICU setups from 1995 to 2007 and treated so many critically sick patients working in hospitals like Sunderlal Jain Charitable Hospital, Mata Chanan Devi Hospital etc.   He has played a significant role while treating critically sick and injured patients during the 1999 Kargil War, for which he was duly awarded army commander's commendation. Dr Shrivastava is currently working as a consultant physician in Gouri Clinic in Dwarka, New Delhi ",93,300,158,1734452805758,6
18,2,562114,209114,1134730,https://imagesx.practo.com/providers/dr-reshma-chauhan-general-physician-delhi-bc44b8f2-a8a2-4236-8db3-ca4283ef78eb.jpg,/delhi/doctor/dr-reshma-chauhan-general-physician?practice_id=1134730&specialization=General Physician&referrer=doctor_listing&page_uid=f9d73dd6-b3f5-4d3b-8eef-32604e3252f2,Dr. Reshma Chauhan,General Physician,MD - Physician,I.M. Sechenov Moscow Medical Academy,2009,,,,13,Delhi,Sarita Vihar,Clinic,Prime Medical Clinic,700,"Dr. Reshma Chauhan practicing physician from last 8 years and is trained in all the disciplines comes under the profile of a family physician.""",95,21,9,1734452805759,7
19,2,730267,851765,1290579,https://imagesx.practo.com/providers/dr-siddharth-sehgal-general-physician-delhi-fc8db5bf-0d64-45fe-929e-314143e1c3aa.jpg,/delhi/doctor/dr-siddharth-sehgal-general-physician?practice_id=1290579&specialization=General Physician&referrer=doctor_listing&page_uid=f9d73dd6-b3f5-4d3b-8eef-32604e3252f2,Dr. Siddharth Sehgal,General Physician,MBBS,Kasturba Medical  College,2002,,,,22,Delhi,Patel Nagar West,Clinic,Medical Care Clinic,500,"Dr. Siddharth Sehgal is an accomplished Physician with 17 years of experience in the medical field. He finished his MBBS from Kasturba Medical College in 2000 and then moved to United States of America. In 2017 he moved to West Africa as Director Operations for Primus Health Care, Benin and Nigeria.  He came back to India in 2018 and is currently working as a Visiting Physician at Apollo Spectra Hospital, Rohtak Road, New Delhi and at Medical Care Clinic Dr. Siddharth is highly skilled in diagnosing and treating a variety of human diseases and injuries. He possesses exceptional understanding of drug properties and interactions, procedural techniques, and preventative health-care methods.  Ability to provide psychological diagnosis, treatment and rehabilitation for patients with mental and physical dysfunctions. Extraordinary decision-making skills, critical thinking capabilities and problem-solving skills when identifying the treatment option for various injuries and ailments.  Dr. Siddharth has strong ability to plainly explain physical problems as well as treatment solutions so patients have a clear understanding of what is happening to their bodies and how treatment can help them.  SERVICES: ·	Administer treatment, medication, therapy, vaccinations and other medical care to treat diseases, injuries, and illnesses. ·	Prescribe medication or specialized care to meet specific patient needs. ·	Monitor the progress and current condition of patients to determine whether current treatments are working or if modifications are needed. ·	Collect patient information (including examination results, medical history, and other reports).  Record information in electronic filing systems / manual filing systems. ·	Explain test results and recommended procedures to patients. ·	Answer patient questions and use active listening skills to understand and address concerns. ·	Provide emotional support and medical attention to others as needed, including patients, patient’s family and coworkers. ·	Analyze images or test data to make diagnoses and develop treatment plans.",97,39,30,1734452805759,8
20,2,933793,908768,1177288,https://imagesx.practo.com/providers/dr-manjeeta-nath-das-general-physician-gurgaon-f0446928-370b-475f-bafd-0d42f40a8c92.jpg,/delhi/doctor/manjeeta-nath-das-general-physician?practice_id=1177288&specialization=General Physician&referrer=doctor_listing&page_uid=f9d73dd6-b3f5-4d3b-8eef-32604e3252f2,Dr. Manjeeta Nath Das,General Physician,MBBS,Guwahati University,2002,MD - General Medicine,Guwahati University,2007,22,Delhi,Dwarka Sector 6,Hospital,Manipal Hospital,900,"As an experienced Physician based out of Gurgaon, my patients appreciate the warmth, professional integrity, and open communication that define my medical practice. I’m determined to help my patients understand their own health so they can be well informed when making important health decisions.",100,14,3,1734452805759,9
21,3,444089,509152,1018041,https://imagesx.practo.com/providers/dr-jaspreet-singh-lamba-general-physician-delhi-ee59f491-6a95-43b4-9437-86095d93d30f.jpg,/delhi/doctor/jaspreet-singh-lamba-internal-medicine-1?practice_id=1018041&specialization=General Physician&referrer=doctor_listing&page_uid=09e3a7f8-b790-495a-be53-b0703c230557,Dr. Jaspreet Singh Lamba,General Physician,MBBS,"Indira Gandhi Medical College, Shimla",1997,MD - General Medicine,Jagadguru Jayadeva Murugarajendra Medical College (JJMMC),2001,27,Delhi,Malviya Nagar,Clinic,Healence Clinic & Diagnostics,1000,"Dr. J.S. Lamba is a senior physician, diabetologist and non- invasive cardiologist with a long drawn experience in treating cardiac and diabetic patients. He has a good hold on cardiac diagnostic techniques like Echocardiography, TMT (Stress Test) and Holter. He is associated with reputed hospitals of South Delhi. He is well informed about the latest developments in his areas of specialization.",98,395,135,1734452807061,0
22,3,588751,602588,1150752,https://imagesx.practo.com/providers/dr-leena-batra-general-physician-delhi-71579392-fed2-4153-b820-5105c869010f.jpg,/delhi/doctor/dr-leena-batra-general-physician?practice_id=1150752&specialization=General Physician&referrer=doctor_listing&page_uid=09e3a7f8-b790-495a-be53-b0703c230557,Dr. Leena Batra,General Physician,MBBS,"Vijayanagara Institute of Medical Sciences (VIMS), Bellary",2005,,,,19,Delhi,Rohini,Clinic,Dr. Leena Batra's Clinic,600,"Dr. Leena Batra is a general family physician practicing in Rohini at Quickcare Multispeciality Clinic. She has experience of more than 10 years & has worked with various corporate hospitals like Sri Balaji Action medical institute, B L Kapoor Hospital & RGCI. She has done her medical graduation from Vijaynagar Institute of medical sciences, Bellary, Karnataka. She has also done post graduation in hospital administration & clinical research.",97,132,96,1734452807062,1
23,3,894406,1070625,1449586,https://imagesx.practo.com/providers/dr-harprit-singh-sarhadi-general-physician-delhi-790d692b-edcf-4281-9ee8-77e1eec02cb3.jpg,/delhi/doctor/harprit-singh-general-physician?practice_id=1449586&specialization=General Physician&referrer=doctor_listing&page_uid=09e3a7f8-b790-495a-be53-b0703c230557,Dr. Harprit Singh Sarhadi,General Physician,MBBS,"VSS Medical College, Burla Odhissa",2002,,,,21,Delhi,Subhash Nagar,Clinic,Synergy Clinics,800,,100,20,18,1734452807062,2
24,3,357509,428463,841189,https://imagesx.practo.com/providers/dr-sanchayan-roy-internal-medicine-delhi-6b569759-3dd8-4679-bc08-2750fba5a998.jpg,/delhi/doctor/sanchayan-roy-internal-medicine?practice_id=841189&specialization=General Physician&referrer=doctor_listing&page_uid=09e3a7f8-b790-495a-be53-b0703c230557,Dr. Sanchayan Roy,General Physician,MBBS,"St John's Medical College, Bangalore",1998,DNB - General Medicine,St. Martha's Bangalore,2009,26,Delhi,CR Park,Clinic,Health First Wellness Centre,900,"Dr. Sanchayan Roy Being from a non medical family background it was always an inspiration and dream to become a Doctor, accomplished with skills and motivated to reach out to the common people in a way which was perhaps not possible in any other profession. Dr. Sanchayan Roy did his under graduation from St. John's Medical College, Bangalore. Post M.B.B.S., he worked in a rural hospital in Tamil Nadu for 2 years. He did D.N.B. in General Medicine from St. Martha's Hospital, Bangalore.  During his post graduation, he also worked in Jaydeva Institute of Cardiology and the prestigious NIMHANS (Neurology and Psychiatry) in Bangalore. After completing D.N.B., he worked in Wockhardt Hospital, Bangalore for nearly five and half years in Critical Care Medicine. At that time he also had training in respiratory medicine under the guidance of Dr. Ravi Mehta (Interventional Pulmonologist). Then he came to Delhi and worked in Critical Care Medicine Department in Fortis Hospital, Vasant Kunj. Following a enriching experience he worked as a consultant and Intensivist in the role of ICU in charge in Nova Orthopaedic And Spine Centre, Nehru Enclave. Presently Dr. Sanchayan Roy working in Fortis Escorts Heart Institute as Consultant Critical Care Medicine. It has been a thrilling journey through the myriads of time, accumulating a vast experience and knowledge to reach the present status.  He has a strong interest and experience in comprehensive respiratory, cardiac, diabetes and other related problems and geriatric care and management. Apart from that his interest and experience has been in Neurology and gastrointestinal diseases also. Overall he has nearly 9 years of experience in Critical Care Medicine (ICU care and related illness).",89,206,91,1734452807060,3
25,3,202371,299721,705384,https://imagesx.practo.com/providers/dr-surya-aggarwal-general-physician-delhi-c715d2f0-4411-4b14-aae4-4b39a1df028e.jpg,/delhi/doctor/dr-surya-aggarwal-general-physician?practice_id=705384&specialization=General Physician&referrer=doctor_listing&page_uid=09e3a7f8-b790-495a-be53-b0703c230557,Dr. Surya Aggarwal,General Physician,MBBS,Himalayan Institute of Medical Sciences,2009,MD - General Medicine,Himalayan Institute of Medical Sciences,2013,15,Delhi,Preet Vihar,Clinic,34 Heart Care,800,"Dr. Surya Aggarwal is MD in Medicine and also had a great experience in dealing with various ailments especially diabetes, high Blood pressure, Cholesterol issues, Weight management, heart conditions, various infections, various deficiencies, Different types of Headaches, etc. He is the chief of operations and the brain behind this center. ",98,112,69,1734452807060,4
26,3,188006,288510,701378,https://imagesx.practo.com/providers/dr-nirmala-lahoti-general-physician-delhi-e0ca6513-82b0-4f33-a8aa-8fe62cbc2057.jpg,/delhi/doctor/nirmala-lahoti-neurologist?practice_id=701378&specialization=General Physician&referrer=doctor_listing&page_uid=09e3a7f8-b790-495a-be53-b0703c230557,Dr. Nirmala Lahoti,General Physician,MBBS,"Punjab  University, Chandigarh",1981,MD - Medicine,"Punjab  University, Chandigarh",1986,36,Delhi,Preet Vihar,Clinic,Delhi Multi Speciality Clinic,1200,"Dr. Nirmala Lahoti is an East Delhi-based Consultant Physician & (Special Interest in Neurology) with more than two decades of experience. Dr. Nirmala Lahoti is well known for providing exceptional treatment for Neurological Disorders. Dr. Nirmala Lahoti completed her graduation and post-graduation from Highly Regarded Christian Medical College, Ludhiana In 1981 and 1986 respectively. Dr. Nirmala Lahoti has worked as Senior Resident for 3 years in Department of Medicine at Guru Teg Bahadur Hospital & Department of Neurology Safdarjung Hospital and Pool Officer for three years in Department of Neurology, G. B Pant Hospital, also worked as a consultant in Shanti Mukund Hospital, Pushpanjali Hospital & Max Super Speciality Hospital Delhi.  At present, Dr. Nirmala Lahoti is associated with multiple medical facilities in Delhi such as Delhi Multi Speciality Clinic, Gagan Vihar, Delhi, Garg Heart Centre, AGCR Enclave Delhi and R.S Grover Hospital, Priyadarshni Vihar, Delhi.",95,331,68,1734452807060,5
27,3,410575,471796,934945,https://imagesx.practo.com/providers/dr-gagan-n-jain-internal-medicine-delhi-8d402125-3fbd-4d9f-b1fa-12364fd604f5.jpg,/delhi/doctor/gagan-n-jain-rheumatologist?practice_id=934945&specialization=General Physician&referrer=doctor_listing&page_uid=09e3a7f8-b790-495a-be53-b0703c230557,Dr. Gagan N. Jain,General Physician,MBBS,"Bharati Vidyapeeth University, Pune",2010,MD - General Medicine,"Bharati Vidyapeeth University, Pune",2014,14,Delhi,Pitampura,Hospital,Hemraj Jain Hospital,300,"Dr. Gagan Jain has done MBBS, MD (internal medicine ,PGCD (Boston University). He is a specialist in treating diabetes, hypertension, heart-related problems, arthritis, infections, dengue, joint problems. He also has a fellowship in rheumatology in arthritis. ",97,59,35,1734452807061,6
28,3,752238,908993,1321840,https://imagesx.practo.com/providers/dr-nandini-agarwal-general-physician-delhi-141d5247-b386-44c3-8cc5-0b10fb059ee2.jpg,/delhi/doctor/nandini-agarwal-general-physician?practice_id=1321840&specialization=General Physician&referrer=doctor_listing&page_uid=09e3a7f8-b790-495a-be53-b0703c230557,Dr. Nandini Agarwal,General Physician,MBBS,"Shri Vasant Rao Naik Govt. Medical College, Yavatmal",2005,MD - Physiology,Dmims,2012,19,Delhi,Vikas Puri,Clinic,Aarogya Clinic,700,,97,62,39,1734452807062,7
29,3,775778,941889,1025902,https://imagesx.practo.com/providers/dr-rohan-mahajan-gastroenterologist-delhi-1a3d324a-2bbf-4077-bd7e-2de22f5527ba.jpg,/delhi/doctor/dr-dr-rohan-mahajan-gastroenterologist?practice_id=1025902&specialization=General Physician&referrer=doctor_listing&page_uid=09e3a7f8-b790-495a-be53-b0703c230557,Dr. Rohan Mahajan,General Physician,MBBS,"Dr. D Y Patil University, Pune",2011,MD - General Medicine,"Mahatma Jyotiba Phule Rohilkhand University, Bareilly",2015,13,Delhi,Uttam Nagar,Clinic,Mahajan Hospital,1100,"Dr. Rohan Mahajan is an experienced gastroenterologist and a skilled endoscopy expert.  Calm, genuine and a kind human being.",99,217,167,1734452807062,8
30,3,171554,275734,693424,https://imagesx.practo.com/providers/dr-yuvraj-arora-monga-general-physician-delhi-62ae52d9-d3fc-4711-ae97-2124c8075138.jpg,/delhi/doctor/dr-yuvraj-arora-monga-sexologist?practice_id=693424&specialization=General Physician&referrer=doctor_listing&page_uid=09e3a7f8-b790-495a-be53-b0703c230557,Dr. Yuvraj Arora Monga,General Physician,MBBS,"Govt. Medical College, Amritsar (Punjab, India)",1997,MD - Pharmacology,"Maharshi Dayanand University, Rohtak",2004,27,Delhi,Lajpat Nagar,Clinic,Dr. Monga Clinic,800,"Dr. Yuvraj Monga M.B.B.S, MD is a general physician who practices integrated medicine combining allopath system with ayurveda. His therapy areas include management of diabetes, hypothyroidism, counselling for relationship issues and sexual problems for both men and women. Many individuals and couples have benefited from his counseling /treatments.   His motto is to share and spread the best of information about ancient old heritage healing system of Indian culture- ""Ayurveda"" and how to integrate with modern healthcare systems do that most of the patients can benefit from the same.  His specialization in clinical pharmacology gives him the ability to understand the properties of ayurvedic medicines as well as allopathy system none other than an expert. This gives him an advantage /edge over many routine physicians. A jovial person, Dr. Yuvraj likes to spend time reading books and listening to music, traveling and keeps himself updated on socio-economic subjects.",83,1429,840,1734452807060,9
