rank,page,id,doctor_id,practice_id,image_url,profile_url,doctor_name,specialization,qualification,college,completion_year,qualification,college,completion_year,experience_years,practice_city,practice_locality,practice_type,practice_name,consultation_fees,summary,recommendation_percent,patients_count,reviews_count,timestamp,position,
1,1,817634,889065,1382501,https://imagesx.practo.com/providers/dr-sangeeta-chokhani-general-physician-mumbai-f0cf5ed8-16c7-441a-b769-242c70c3d915.jpg,/mumbai/doctor/sangeeta-chokhani-family-physician?practice_id=1382501&specialization=General Physician&referrer=doctor_listing&page_uid=654d70d7-716d-421c-a038-a04f10181bcb,Dr. Sangeeta Chokhani,General Physician,MBBS,University Of Bombay,1990,,,,34,Mumbai,Andheri West,Clinic,Health Care Clinic,600,Dr Sangeeta Chokhani done MBBS from Grant Medical College Mumbai with  32 years of experience.,98,94,46,1734454653307,2
2,1,457233,508305,1028152,https://imagesx.practo.com/providers/dr-akshay-jain-general-physician-mumbai-a3af07ae-684f-451b-8d22-742d805f1979.jpg,/mumbai/doctor/akshay-jain-1-general-physician?practice_id=1028152&specialization=General Physician&referrer=doctor_listing&page_uid=654d70d7-716d-421c-a038-a04f10181bcb,Dr. Akshay Jain,General Physician,MBBS,"D Y Patil Medical College, Mumbai",2014,,,,10,Mumbai,Lower Parel,Clinic,Health and Beyond Clinic,500,"Dr. Akshay Jain having grown up witnessing the medical profession closely Dr. Akshay Jain minutely understands the concepts of healthcare and well being. Trained as a general physician, his focus remains on catering to general family needs.  His patient and friendly nature along with accurate diagnosis make him a contemporary yet knowledgeable professional. Taking an expertise in diabetic studies, he focuses on using innovative and advanced treatments of prognosis.",98,197,114,1734454653306,3
3,1,952656,1141575,1596837,https://imagesx.practo.com/providers/dr-subahana-nazir-general-practitioner-mumbai-bd65ecbe-2972-4aac-82fa-4b0b29d3ac60.jpg,/mumbai/doctor/subahana-nazir-general-practitioner?practice_id=1596837&specialization=General Physician&referrer=doctor_listing&page_uid=654d70d7-716d-421c-a038-a04f10181bcb,Dr. Subahana Nazir,General Physician,MBBS,Kerala University of Health Science,2017,,,,7,Mumbai,Agripada,Clinic,Dr. Subahana's Clinic,300,,,0,0,1734454653308,5
4,1,543712,567011,1122492,https://imagesx.practo.com/providers/dr-shubhashree-patil-diabetologist-mumbai-63b1c6a5-863a-4867-849e-8ecb0de9c543.jpg,/mumbai/doctor/dr-shubhashree-patil-diabetologist-1?practice_id=1122492&specialization=General Physician&referrer=doctor_listing&page_uid=654d70d7-716d-421c-a038-a04f10181bcb,Dr. Shubhashree Patil,General Physician,MBBS,"Government Medical College and Hospital, Nagpur",2005,DNB - General Medicine,"DNB board, New Delhi",2012,19,Mumbai,Andheri East,Clinic,Diabetes And Wellness Clinic,1300,"Doctor is practicing at  Diabetes and wellness clinic since 2013. Doctor has done graduation in MBBS  from Government medical college, Nagpur, Post graduation in general medicine DNB.  GEN.MED. from National Board  New Delhi. Doctor has done her specialization in Diabetes from SIR.HN Hospital, Mumbai. Doctor also has done a certified course in Diabetology  Steno Diabetes Centre from  Denmark . She has valuable experience from All India Institute Of Diabetology  in S.L. Raheja Hospital, Mahim, Mumbai.",98,379,271,1734454653306,6
5,1,359076,429510,662456,https://imagesx.practo.com/providers/dr-kavita-agarwal-general-physician-mumbai-31de715e-b07d-4ee9-b0e4-1e56fa33de7d.jpg,/mumbai/doctor/dr-kavita-agarwal?practice_id=662456&specialization=General Physician&referrer=doctor_listing&page_uid=654d70d7-716d-421c-a038-a04f10181bcb,Dr. Kavita Agarwal,General Physician,MBBS,"Patna Medical College, Patna",1981,,,,43,Mumbai,Kandivali East,Clinic,London Dental Clinic,600,"Dr. Kavita Agarwal is a General Physician, mainly treating Women and Children. She has 37 years of experience working for Gynaecology under her belt, and also administers all Vaccination for children. She has a name in Skin care treatment.",97,37,38,1734454653305,7
6,1,274928,363437,750256,https://imagesx.practo.com/providers/dr-aarti-agarwal-general-physician-mumbai-fb2403ae-93ee-4760-affb-26cd206a0cef.jpg,/mumbai/doctor/dr-aarti-agarwal-dietitian-nutritionist?practice_id=750256&specialization=General Physician&referrer=doctor_listing&page_uid=654d70d7-716d-421c-a038-a04f10181bcb,Dr. Aarti Agarwal,General Physician,MBBS,"G B Pant Hospital / Moulana Azad Medical College, New Delhi",1994,,,,30,Mumbai,Matunga,Clinic,Bombay Knee & Hip Clinic,500,,88,8,0,1734454653305,8
7,1,586982,301584,1053353,https://imagesx.practo.com/providers/dr-tushar-rane-general-physician-mumbai-c40f8ffe-cbd3-4bf2-9b19-5c0251c55cfa.jpg,/mumbai/doctor/dr-tushar-rane-internal-medicine?practice_id=1053353&specialization=General Physician&referrer=doctor_listing&page_uid=654d70d7-716d-421c-a038-a04f10181bcb,Dr. Tushar Rane,General Physician,MBBS,"Maharashtra Universtity of Health Sciences, Nashik",2007,FCPS - Medicine,C.P.S. Mumbai,2011,17,Mumbai,Chembur,Hospital,Apollo Spectra Hospitals,1200,"MD General Medicine from GMC & JJ Group of Hospitals, Mumbai. FCPS Medicine & Diploma in 2 D Echo. FCCS ( Critical Care.)",80,20,1,1734454653307,9
8,1,936410,1152561,832975,https://imagesx.practo.com/providers/dr-rajesh-mohan-srivastava-internal-medicine-mumbai-3ffaca18-cb04-47ca-9ca9-21cdeebb14f9.jpg,/mumbai/doctor/rajesh-mohen-shrivastava-internal-medicine?practice_id=832975&specialization=General Physician&referrer=doctor_listing&page_uid=654d70d7-716d-421c-a038-a04f10181bcb,Dr. Rajesh Mohan Srivastava,General Physician,MBBS,Bihar University,1982,Diploma in Child Health (DCH),Agra University,1986,42,Mumbai,Andheri West,Clinic,Dr. Sumati Saxena Clinic,1500,"Dr. Rajesh Mohan Srivastava is an exemplary physician with a wealth of experience. With 38 years in the field, his extensive background as a senior consultant and chief medical officer highlights his deep commitment to patient care. His compassion and vigilance in follow-up care reflect his dedication to ensuring that patients receive the best possible outcomes. Dr. Srivastava is not only highly skilled but also genuinely invested in the health and well-being of his patients.He has expertise in treating communicable diseases as well as noncommunicable diseases like diabetes, thyroid and hypertension.",100,20,20,1734454653308,10
10,1,896055,1106055,1451088,https://imagesx.practo.com/providers/dr-ashish-jain-general-physician-mumbai-07e938bc-8254-4a25-bafd-3a2f66372a1a.jpg,/mumbai/doctor/dr-ashish-k-jain-2-general-physician?practice_id=1451088&specialization=General Physician&referrer=doctor_listing&page_uid=654d70d7-716d-421c-a038-a04f10181bcb,Dr. Ashish Jain,General Physician,MBBS,"Maharashtra Universtity of Health Sciences, Nashik",2017,DNB - General Medicine,"National Board of Education, New Delhi",2023,7,Mumbai,Chandivali,Clinic,Nahar Medical Centre ,1000,,100,25,23,1734454653308,13
11,2,902867,1113726,1053353,,/mumbai/doctor/dr-kavita-rane-3-diabetologist?practice_id=1053353&specialization=General Physician&referrer=doctor_listing&page_uid=b1958e2d-edea-46f6-acb4-2c7030364c0c,Dr. Kavita Rane,General Physician,MBBS,Padmashree Dr. D Y Patil university,2007,,,,17,Mumbai,Chembur,Hospital,Apollo Spectra Hospitals,1500,,,0,0,1734454654929,0
12,2,833587,1011050,1398005,https://imagesx.practo.com/providers/dr-anshudeep-dodake-general-physician-mumbai-460f5dee-55d9-4ea7-a6c7-70eb0698ae94.jpg,/mumbai/doctor/dr-anshudeep-dodake-general-practitioner?practice_id=1398005&specialization=General Physician&referrer=doctor_listing&page_uid=b1958e2d-edea-46f6-acb4-2c7030364c0c,Dr. Anshudeep Dodake,General Physician,MBBS,"Maharashtra Universtity of Health Sciences, Nashik",2011,MD - Pharmacology,King Edward Memorial Hospital and Seth Gordhandas Sunderdas Medical College,2017,13,Mumbai,Parel,Clinic,Health Omega Clinic,500,,100,46,26,1734454654929,1
13,2,877184,594243,1134529,https://imagesx.practo.com/providers/dr-lakin-vira-general-surgeon-mumbai-1bc19ba3-fc53-4640-8196-b6540e6c07bb.jpg,/mumbai/doctor/dr-lakin-vira-general-surgeon?practice_id=1134529&specialization=General Physician&referrer=doctor_listing&page_uid=b1958e2d-edea-46f6-acb4-2c7030364c0c,Dr. Lakin Vira,General Physician,DNB - General Surgery,"K. J. Somaiya Medical College and Research Centre, Sion - Mumbai",2015,MBBS,Terna Medical College,2009,15,Mumbai,Tardeo,Hospital,Apollo Spectra Hospitals,1500,"Dr. Lakin Vira is a General and Laparoscopic Surgeon  Speciality :  -Minimal access (laparoscopic) surgery,                       -Laser treatment for piles, fissure & fistula                       -Hernia, Breast, Thyroid & Diabetic foot surgery",100,24,23,1734454654929,2
14,2,649460,679418,1221513,https://imagesx.practo.com/providers/dr-dhrumil-vinesh-panchal-general-physician-mumbai-7cbc14b0-4e03-43d2-bf36-c33b034f8375.jpg,/mumbai/doctor/dhrumil-vinesh-panchal-general-physician?practice_id=1221513&specialization=General Physician&referrer=doctor_listing&page_uid=b1958e2d-edea-46f6-acb4-2c7030364c0c,Dr. Dhrumil Vinesh Panchal,General Physician,MBBS,DY Patil University,2015,,,,9,Mumbai,Wadala,Clinic,Dr Dhrumil's Clinic and Diagnostics,600,"Dr. Dhrumil Panchal is a highly trained specialist who provides a range of medical health care to patients. He cares for difficult, unusual and general medical problems and continues to see the patient until these problems have resolved or stabilized. He treats acute and chronic illnesses and provides preventive care and health education to patients. Broadly educated to deal with the entire range of the patient’s medical problems. Thorough, logical and scientific in his approach to provide an expert diagnosis. Able to assess and choose drugs and other medical therapies wisely to prevent and treat diseases. Highly skilled in clinical decision making and cost-effective.",96,57,49,1734454654928,3
15,2,676844,398883,1134529,https://imagesx.practo.com/providers/dr-bhavik-saglani-diabetologist-mumbai-ecb15cea-56bd-4f0d-8ea3-ee973be2415d.jpg,/mumbai/doctor/bhavik-harshad-saglani-diabetologist?practice_id=1134529&specialization=General Physician&referrer=doctor_listing&page_uid=b1958e2d-edea-46f6-acb4-2c7030364c0c,Dr. Bhavik Saglani,General Physician,MBBS,"Krishna Institute of Medical Sciences, Karad",2009,,,,15,Mumbai,Tardeo,Hospital,Apollo Spectra Hospitals,1500,"Dr. Bhavik Saglani is a Diabetes Health Physician working as a consultant in the department of Diabetology at Apollo Sugar Diabetes Clinics in Tardeo, Kandivali and Chembur.  After completing his graduation, Dr. Saglani has gained extensive experience in the field of Diabetology and Endocrinology while working in the aforementioned departments at P.D Hinduja Hospital (Mahim) and Lilavati Hospital (Bandra) and at Dr.Panikar's Speciality Care Centre for more than 3 years.   After completing his specialization in Diabetology from Lilavati Hospital, Dr. Saglani has been working as a Consulting Diabetologist at Apollo Sugar Diabetes Clinics in Tardeo, Chembur, and Kandivali since September 2015 and at Dr. Panikar's Speciality Care Centre.  Dr. Saglani believes in personalized, innovative and affordable diabetes care; the key components of which are understanding the unique challenges that each patient with diabetes faces and addressing the same by patient counseling, patient motivation and patient empowerment along with necessary medications.",100,61,30,1734454654928,4
16,2,615963,636567,1173434,https://imagesx.practo.com/providers/dr-madhulika-goyle-general-physician-mumbai-eca0d4aa-456b-490d-89bc-217518dc1871.jpg,/mumbai/doctor/madhulika-goyle?practice_id=1173434&specialization=General Physician&referrer=doctor_listing&page_uid=b1958e2d-edea-46f6-acb4-2c7030364c0c,Dr. Madhulika Goyle,General Physician,MBBS,Kasturba Medical  College,1997,,,,17,Mumbai,Andheri West,Clinic,Health Care Clinic,900,"Dr Madhuliks Goyle had done  MBBS ,AFIH   & Online consultation appointments with facility for in clinic patients.",82,28,9,1734454654928,5
17,2,549653,570868,1125668,https://imagesx.practo.com/providers/dr-vaijayanti-mahajan-general-physician-mumbai-c6ffefe9-3606-4936-9181-2d12681174a5.jpg,/mumbai/doctor/dr-vaijayanti-mahajan-general-physician?practice_id=1125668&specialization=General Physician&referrer=doctor_listing&page_uid=b1958e2d-edea-46f6-acb4-2c7030364c0c,Dr. Vaijayanti Mahajan,General Physician,MBBS,"University of Mumbai, Mumbai",1999,,,,25,Mumbai,Bandra East,Clinic,Dr Mahajan's Clinic,1000,She believes in healthcare that is based on a personal commitment to meet patients' needs with compassion and care . Dr. Vaijayanti Mahajan is a General Physician with experience of 20yrs in the medical field. She did her MBBS from DY Patil Medical College in 2000.,98,80,53,1734454654927,6
18,2,745036,349484,1316150,https://imagesx.practo.com/providers/dr-shradha-doshi-diabetologist-mumbai-782c218b-5a3c-4531-b3ff-220f6cfc1286.jpg,/mumbai/doctor/dr-shradha-doshi-diabetologist?practice_id=1316150&specialization=General Physician&referrer=doctor_listing&page_uid=b1958e2d-edea-46f6-acb4-2c7030364c0c,Dr. Shradha Doshi,General Physician,MBBS,"MGM Institute of Health Science, Bombay",2011,,,,13,Mumbai,Mulund West,Clinic,Care2Cure Medical Services,900,Diabetes Management Physician,100,12,8,1734454654928,7
20,2,876954,433352,1053353,https://imagesx.practo.com/providers/dr-amit-shobhavat-internal-medicine-mumbai-4e55be61-8e7f-46c8-8cf5-434874da2953.jpg,/mumbai/doctor/dr-amit-shobhavat-internal-medicine?practice_id=1053353&specialization=General Physician&referrer=doctor_listing&page_uid=b1958e2d-edea-46f6-acb4-2c7030364c0c,Dr. Amit Shobhavat,General Physician,MBBS,Terna Medical College,2000,DNB - General Medicine,"National Board of Examination, India",2007,17,Mumbai,Chembur,Hospital,Apollo Spectra Hospitals,1200,"Dr. Amit R Shobhavat is a Diabetologist in chembur, mumbai. Amit R Shobhavat has graduated from Terna Medical College, Navi Mumbai  and has been practicing for 8 years.",88,17,7,1734454654929,9
22,3,876743,565622,611951,https://imagesx.practo.com/providers/dr-dube-sunilkumar-rameshchandra-consultant-physician-mumbai-8a711a68-bc1e-46bd-92df-11d72fbae8d1.jpg,/mumbai/doctor/dr-s-r-dube-general-physician-1?practice_id=611951&specialization=General Physician&referrer=doctor_listing&page_uid=57ef7afe-47a4-4fe4-9f68-e50dd46a3542,Dr. Dube Sunilkumar Rameshchandra,General Physician,MBBS,"Lokmanya Tilak Municipal Medical College, Sion,Mumbai",1988,MD - General Medicine,"Lokmanya Tilak Municipal Medical College, Sion,Mumbai",1991,32,Mumbai,Chembur East,Hospital,Sushrut Hospital and Research Center,1200,Dr. Dube Sunil Rameshchandra has a special interest in diabetes and has a vast majority of diabetic patients. He does 2D echo cardiography as well. The doctor is a member of Research Society for the Study OF Diabetes IN India (RSSDI).,87,23,2,1734454656404,1
23,3,605381,624712,662456,https://imagesx.practo.com/providers/dr-vijay-agarwal-general-physician-mumbai-e34f34eb-826c-4bce-b796-f4db44de08cf.jpg,/mumbai/doctor/dr-vijay-agarwal-4-general-physician?practice_id=662456&specialization=General Physician&referrer=doctor_listing&page_uid=57ef7afe-47a4-4fe4-9f68-e50dd46a3542,Dr. Vijay Agarwal,General Physician,MBBS,"A N Magadh Medical College, Gaya",1982,,,,42,Mumbai,Kandivali East,Clinic,London Dental Clinic,600,"MBBS from Magadh Medical College in 1982, Ex Bombay Hospital Registrar, Specializes in Medical Emergencies",92,53,40,1734454656403,2
24,3,936610,963685,1469277,https://imagesx.practo.com/providers/dr-rituparna-roy-general-physician-mumbai-786a3d78-01e4-443f-937e-9e7bcccbe830.jpg,/mumbai/doctor/rituparna-roy-general-physician?practice_id=1469277&specialization=General Physician&referrer=doctor_listing&page_uid=57ef7afe-47a4-4fe4-9f68-e50dd46a3542,Dr. Rituparna Roy,General Physician,MBBS,Calcutta University,2001,DNB - Family Medicine,"DNB board, New Delhi",2011,18,Mumbai,Ghatkopar West,Clinic,Aarogyada Multi Super Speciality Hospital,1000,"Dr. Rituparna Roy is a consultant physician,all  fever cases, diabetes,( reverse diabetes)hypertension,lung disease, liver disease,heart diseases,  treats successfully. Ex consultant in Fortis gurgaon",98,54,47,1734454656404,3
25,3,537933,563508,1119030,https://imagesx.practo.com/providers/dr-harish-v-dhuri-general-physician-mumbai-de7d7481-79d8-4249-af46-9b88bb5f0f20.jpg,/mumbai/doctor/dr-harish-v-dhuri-general-physician?practice_id=1119030&specialization=General Physician&referrer=doctor_listing&page_uid=57ef7afe-47a4-4fe4-9f68-e50dd46a3542,Dr. Harish V. Dhuri,General Physician,MBBS,"Krishna Institute of Medical Sciences, Karad",1996,,,,28,Mumbai,Goregaon West,Clinic,Indira Clinic,800,"Dr. Harish V Dhuri is a Doctor in Goregaon West, Mumbai and has an experience of 21 years in this field. Dr. Harish V Dhuri practices at Indira Clinic in Goregaon West, Mumbai. The doctor also does home Visits as required and is on the panel of corporates like LIC, ONGC etc.   He completed MBBS from Krishna Medical College. He has also done PHFI Course in Diabetes from Nair Medical College.  He is a member of Indian Medical Association (IMA) and Goregaon Medical Association.",91,53,51,1734454656402,4
26,3,832401,587853,1397143,https://imagesx.practo.com/providers/dr-anjali-israni-ophthalmologist-eye-surgeon-mumbai-a13f601a-7062-4e3c-aab9-f831739240c9.jpg,/mumbai/doctor/dr-anjali-israni?practice_id=1397143&specialization=General Physician&referrer=doctor_listing&page_uid=57ef7afe-47a4-4fe4-9f68-e50dd46a3542,Dr. Anjali Israni,General Physician,MBBS,Bharati Vidyapeeth University Pune,2010,DNB - Ophthalmology,National Board Of Examinations Nbe,2015,11,Mumbai,Vikhroli East,Clinic,Drishti Netralaya,500,Dr. Anjali has 9 year of experience,,0,0,1734454656403,5
27,3,680679,86708,611951,https://imagesx.practo.com/providers/dr-santosh-jagtap-general-physician-mumbai-92a455d2-9eab-4ac3-b8e0-cc94405e167d.jpg,/mumbai/doctor/dr-santosh-jagtap-general-physician?practice_id=611951&specialization=General Physician&referrer=doctor_listing&page_uid=57ef7afe-47a4-4fe4-9f68-e50dd46a3542,Dr. Santosh Jagtap,General Physician,MBBS,"University of Mumbai, Mumbai",1995,MD - General Medicine,"University of Mumbai, Mumbai",1999,29,Mumbai,Chembur East,Hospital,Sushrut Hospital and Research Center,1200,,96,24,13,1734454656403,6
28,3,754091,911255,1323269,https://imagesx.practo.com/providers/dr-samvaad-shetty-general-physician-mumbai-68c51c50-7144-4cdd-a974-096e7dcdd319.jpg,/mumbai/doctor/samvaad-shetty-general-physician?practice_id=1323269&specialization=General Physician&referrer=doctor_listing&page_uid=57ef7afe-47a4-4fe4-9f68-e50dd46a3542,Dr. Samvaad Shetty,General Physician,MBBS,Terna Medical College,2012,,,,12,Mumbai,Andheri East,Clinic,Arihantha Family Clinic,1500,,100,66,21,1734454656403,7
29,3,775084,365751,1343191,https://imagesx.practo.com/providers/dr-vasudev-gastroenterologist-mumbai-434558a3-359f-4e82-9526-e344b90b0920.jpg,/mumbai/doctor/dr-vasu-dev-gastroenterologist?practice_id=1343191&specialization=General Physician&referrer=doctor_listing&page_uid=57ef7afe-47a4-4fe4-9f68-e50dd46a3542,Dr. Vasudev,General Physician,MBBS,"JIPMER, Pondicherry",1999,MD - Medicine,"All India Institute of Medical Sciences, New Delhi",2005,25,Mumbai,Bhandup,Clinic,Liver Gastro Endoscopy Centre,2000,"Dr Vasudev is Senior consultant Gastroenterologist, Liver diseases specialist and an endoscopist with a Doctorate of medicine degree-DM in Gastroenterology & Hepatology) from SGPGI, Lucknow, M.D. from AIIMS, New Delhi, MBBS from JIPMER, and has vast experience spanning over one and half decades. Offers consultation for digestive issues, Liver problems(Hepatitis B, Hepatitis C, Alcoholic liver disease, Non alcoholic fatty liver disease, Fatty liver, Autoimmune hepatitis, Liver tumours, pancreas related issues(Pancreatitis- acute and chronic, Pancreatic cancer), Gas, bloating, Peptic ulcer disease, constipation, piles, fissure, Ulcer disease, Inflammatory bowel disease - Ulcerative Colitis, Crohn's disease, Irritable bowel syndrome, Reflux esophagitis(GERD), Difficulty in swallowing- Dysphagia, Prolonged Diarrhea, Chronic diarrhoea, Celiac disease, Obstructed defecation syndrome, Functional constipation, Colonic polyps, Intestinal tuberculosis, Tuberculous peritonitis along with basic and advanced endoscopic procedures- OGD scopy, Colonoscopy, variceal ligation(Band ligation), APC, ERCP, esophageal stenting, biliary stenting. The doctor is also attached to Apollo hospital, Reliance hospital, Khoparkhairane and Terna Hospital. He is Ex-Consultant  Gastroenterologist & Liver specialist Fortis hospital , Mulund and Seven Hills hospital, Mumbai.",83,248,185,1734454656403,8
30,3,713065,814095,1261411,https://imagesx.practo.com/providers/dr-kalpana-b-tiwari-general-physician-mumbai-3d82bc98-5f6b-4212-9b96-93856c22c3de.jpg,/mumbai/doctor/kalpana-b-tiwari-infectious-diseases-physician?practice_id=1261411&specialization=General Physician&referrer=doctor_listing&page_uid=57ef7afe-47a4-4fe4-9f68-e50dd46a3542,Dr. Kalpana B Tiwari,General Physician,MBBS,Kurukshetra University,2009,DNB - Family Medicine,"National Board of Education, New Delhi",2016,13,Mumbai,Chembur East,Clinic,Dr. Tiwari's Clinic,700,"Dr. Kalpana Bhardwaj is practising medicine for 12 years now. She believes in giving premium care to her patients with personal touch. She expertises in  allergy, migraine, geriatric care, hypertension,  weight gain/loss, skin problems and infections.",95,62,38,1734454656403,9
31,4,680682,235835,611951,https://imagesx.practo.com/providers/dr-kiran-c-mhatre-general-physician-mumbai-1027c866-3e96-4285-a0d2-6f899bb564c9.jpg,/mumbai/doctor/dr-kiran-c-mhatre-cardiologist?practice_id=611951&specialization=General Physician&referrer=doctor_listing&page_uid=38d61943-059f-49a5-b4cd-1f41fa7c24fd,Dr. Kiran C Mhatre,General Physician,MBBS,King Edward Memorial Hospital and Seth Gordhandas Sunderdas Medical College,1994,MD - General Medicine,Topiwala National Medical College & BYL Nair Charitable Hospital,1997,26,Mumbai,Chembur East,Hospital,Sushrut Hospital and Research Center,1200,,89,36,21,1734454658146,0
32,4,933946,868999,1467341,https://imagesx.practo.com/providers/dr-soumya-poduval-internal-medicine-mumbai-26c8ffbb-bfff-4571-b22d-753da6af9d9b.jpg,/mumbai/doctor/soumya-poduval-internal-medicine?practice_id=1467341&specialization=General Physician&referrer=doctor_listing&page_uid=38d61943-059f-49a5-b4cd-1f41fa7c24fd,Dr. Soumya Poduval,General Physician,MBBS,"Maharashtra University Of Health Science, Nashik",2012,MD - General Medicine,Kle Academy Of Higher Education And Research,2016,10,Mumbai,Andheri West,Clinic,Symphony Health Care,1000,,,0,0,1734454658158,1
33,4,679965,741910,778301,https://imagesx.practo.com/providers/dr-sham-kamble-consultant-physician-mumbai-af2bc9a2-0f5d-4b0a-aa97-8ab2c413cb69.jpg,/mumbai/doctor/sham-kamble-diabetologist?practice_id=778301&specialization=General Physician&referrer=doctor_listing&page_uid=38d61943-059f-49a5-b4cd-1f41fa7c24fd,Dr. Sham Kamble,General Physician,MBBS,Terna Medical College,2009,MD - General Medicine,"Grant Medical College and Sir JJ Hospital, Mumbai",2013,15,Mumbai,Malad West,Hospital,Surana Hospital And Research Center,500,"9 years (including 3 years of residency) of extensive working experience in government medical college and JJ group of hospitals, Mumbai. Maharashtra university health science recognized teacher for MBBS.",100,3,2,1734454658146,2
34,4,902291,1113267,1145052,https://imagesx.practo.com/providers/dr-kruti-patel-general-physician-mumbai-7f0bbfd5-9987-4b11-9a43-ff11cb2d9133.jpg,/mumbai/doctor/kruti-patel-1-general-physician-1?practice_id=1145052&specialization=General Physician&referrer=doctor_listing&page_uid=38d61943-059f-49a5-b4cd-1f41fa7c24fd,Dr. Kruti Patel,General Physician,MD - General Medicine,"Grand Medical College & Sir J.J Group of Hospitals, Mumbai",2019,MBBS,"Maharashtra Universtity of Health Sciences, Nashik",2013,10,Mumbai,Ghatkopar West,Clinic,Shanti Nursing Home,1000,"Dr. Kruti Patel is a highly skilled and compassionate general physician dedicated to providing comprehensive healthcare services to her patients. With a strong background in medicine and years of clinical experience, she has earned a reputation for delivering excellent medical care and personalized attention to each individual.  Dr. Patel's expertise encompasses a wide range of medical conditions, including common illnesses, chronic diseases, and preventive healthcare. She is known for her thorough evaluations, accurate diagnoses, and evidence-based treatment plans tailored to meet the unique needs of her patients.  Beyond her clinical proficiency, Dr. Patel is admired for her empathetic approach and effective communication skills. She takes the time to listen to her patients' concerns, explains medical concepts in an understandable manner, and involves them in decision-making regarding their health.  Patients under Dr. Kruti Patel's care can expect not only medical expertise but also compassionate support and guidance on their journey towards optimal health and well-being.",100,2,0,1734454658146,3
35,4,938414,1141277,708747,,/mumbai/doctor/balaji-aironi-cardiac-surgeon?practice_id=708747&specialization=General Physician&referrer=doctor_listing&page_uid=38d61943-059f-49a5-b4cd-1f41fa7c24fd,Dr. Balaji Aironi,General Physician,MBBS,Shivaji University,2000,MS - General Surgery,University of Mumbai,2005,24,Mumbai,Chembur,Hospital,Surana Sethia Hospital and Research Center,1500,,,0,0,1734454658158,4
36,4,15032,13150,656284,https://imagesx.practo.com/providers/dr-suresh-purohit-diabetologist-mumbai-b72b8ab8-a92d-4c5f-888d-2d749351bf1b.jpg,/mumbai/doctor/dr-suresh-purohit-diabetologist-1?practice_id=656284&specialization=General Physician&referrer=doctor_listing&page_uid=38d61943-059f-49a5-b4cd-1f41fa7c24fd,Dr. Suresh Purohit,General Physician,MBBS,Rajasthan University,1989,,,,33,Mumbai,Colaba,Clinic,Sugardoctor Medicare,1000,"Committed to empower patients for control of your diabetes, creating happy healthy future, ""He is the cause in the matter of your diabetes"". Diabetes Care Physician, special interest in Diabetic foot Ulcers and Prevention of Amputation.",100,6,4,1734454658145,5
37,4,685468,570942,1261411,https://imagesx.practo.com/providers/dr-rajanshu-tiwari-general-physician-mumbai-bc7c684a-d884-45b7-bc47-f4c87540173b.jpg,/mumbai/doctor/rajanshu-tiwari?practice_id=1261411&specialization=General Physician&referrer=doctor_listing&page_uid=38d61943-059f-49a5-b4cd-1f41fa7c24fd,Dr. Rajanshu Tiwari,General Physician,MBBS,Topiwala National Medical College & BYL Nair Charitable Hospital,2010,DNB - Family Medicine,"Harkrishnadas Hospital, Pradnyasabha, Mumbai",2014,14,Mumbai,Chembur East,Clinic,Dr. Tiwari's Clinic,800,"Dr. Rajanshu has been healing his patients for more than 5 years with a human touch. He pursued his studies of medicine at Nair Hospital, Mumbai and gained the expertise in the field of Family medicine at reputed institutes of Sir. H N Reliance Foundation Hospital and Research Centre, Mumbai and Prince Aly Khan Hospital, Mumbai.  He worked as a wellness consultant for E-Meditek Wellness Pvt. Ltd. He also worked at Societe’ General as a specialist medicine consultant till 2015. He continued his work as Senior Medicine Registrar at Asian Institue of Oncology, Somaiya Ayurvihar in the Intensive care and Indoor patients department till 2015. During his practice, he was also associated with various charitable camps and events in last 2 years. He is associated with PG program of Diabetes Mellitus with ‘The John Hopkins University School of Medicine’, Baltimore, US. Currently, he is working with Healthspring Community Medical Centres as a full time ‘Consulting Family Physician’. He specializes in Diabetes Mellitus and emergency medical services with special emphasis on patient - centered wholesome medical care.""",93,123,69,1734454658146,6
38,4,580184,518445,692922,https://imagesx.practo.com/providers/dr-yatin-gadgil-general-physician-mumbai-953dced1-7373-45ba-87fc-daca04bfbdb2.jpg,/mumbai/doctor/yatin-gadgil-general-physician?practice_id=692922&specialization=General Physician&referrer=doctor_listing&page_uid=38d61943-059f-49a5-b4cd-1f41fa7c24fd,Dr. Yatin Gadgil,General Physician,MBBS,"Lokmanya Tilak Municipal Medical College, Sion,Mumbai",1998,MD - General Medicine,Topiwala National Medical College & BYL Nair Charitable Hospital,2004,26,Mumbai,Mahim,Hospital,S L Raheja Fortis Hospital,1800,"After passing  M.D. in Internal Medicine from T.N. Medical College (Nair Hospital, Mumbai); Dr. Yatin worked in liaison with the Municipal Corporation of Mumbai to Implement the National AIDS control program and treated many HIV positive patients successfully.  After entering the private practice Dr. Yatin has been consistently showing successful results in the HIV positive patients. Apart from this special interest in treating immunocompromised patients, he is an expert in managing patients with diabetes mellitus, hypertension, dyslipidemia and infectious disease. Many patients having breathing disorders, simultaneously suffer from other life style diseases like diabetes, high blood pressure etc. That is why Dr. Yatin's role is extremely crucial in this team.  Patients always express their happiness after receiving the co-ordinated treatment from this the chest physician – general physician combination. Check out this upcoming, promising and dynamic physician for years to come.",100,55,35,1734454658146,7
39,4,183798,285169,686984,https://imagesx.practo.com/providers/dr-gitanjali-nandini-cosmetologist-mumbai-6aad032e-7fd3-423c-9b76-46cfa4cecb45.jpg,/mumbai/doctor/dr-gitanjali-nandini-dermatologist-cosmetologist-1?practice_id=686984&specialization=General Physician&referrer=doctor_listing&page_uid=38d61943-059f-49a5-b4cd-1f41fa7c24fd,Dr. Gitanjali Nandini,General Physician,MBBS,"Rajiv Gandhi University of Health Sciences, Bangalore, India",2004,Diploma in Aesthetic Medicine,American Academy of Aesthetic Medicine,2010,20,Mumbai,Santacruz West,Clinic,Skin Nirvana Cosmetic Clinic,1500,"Dr. Gitanjali is an American board certified aesthetic physician and a UK board certified cosmetic dermatologist. She has more than 13 years of experience. Dr. Gitanjali Nandini, is of Indian origin, was born and brought up in Kuala Lumpur, Malaysia. She was formally educated in Kuala Lumpur and was practicing in Kuala Lumpur and Singapore before moving to Mumbai to open her practice right at the center of Bollywood. Dr. Gitanjali's special interest is in non- surgical techniques in restoration of beauty. During her professional career, she has completed numerous training in Kuala Lumpur, Singapore, Bangkok, hong kong and Paris. She is an international trainer with the American board of aesthetic physicians for injectables like fillers and botox.",95,64,47,1734454658145,8
40,4,623156,276789,1180912,https://imagesx.practo.com/providers/dr-indumathi-kuberan-general-physician-mumbai-b45c31ae-5e55-4b9a-ae76-b522b7cbd8b3.jpg,/mumbai/doctor/dr-indumathi-kuberan-diabetologist-1?practice_id=1180912&specialization=General Physician&referrer=doctor_listing&page_uid=38d61943-059f-49a5-b4cd-1f41fa7c24fd,Dr. Indumathi Kuberan,General Physician,MBBS,"Stanley Medical College & Hospital , Chennai",1993,,,,31,Mumbai,Mira Road,Clinic,Indu's Diabetes  Clinics,1500,"Dr.Indumathi Kuberan is a Diabetologist practising at Borivali East and Mira Road East Mumbai and has an experience of   20 + years in this field. She runs 2 clinics - Indu’s Diabetes Clinics at Borivali East and Mira Road East Mumbai. She completed MBBS from Stanley Medical College and Hospital, Chennai in 1994, Diploma in Family Medicine from Christian Medical College, Vellore in 2010 and Fellowship In Diabetology from Christian Medical College, Vellore in 2012. She has done various post-graduate certifications in Diabetes Specialties from Public Health Foundation of India (PHFI). She is a member of Research Society in the Study of Diabetes in India (RSSDI), and United Diabetes Forum (UDF). She is an accredited Speaker of Maharashtra Medical Council and has delivered various lectures for General Practitioners at Indian Medical Association (IMA), Malad Medical Association (MMA), Borivli Medical Brotherhood (BMB) & Dahisar Medical Association (DMA) She has written various articles on Diabetes and health in leading journals. She is an expert in the management of Type 2 Diabetes, Type 1 Diabetes, Gestational Diabetes. Her approach to treatment is holistic and aims at preventing complications of Diabetes. Her Abstract on Comprehensive Diabetes Care has been accepted as poster presentation at ADA (American Diabetes Association) in 2018. She has completed Post Graduate Diploma in Geriatric Medicine from CMC Vellore in 2019. Comprehensive Geriatric Assessment is also done at both the clinics at a nominal cost. She runs a Diabetes awareness  YouTube channel ""Diabetes Eye-Openers with Dr Indu"" from 2022.",100,325,311,1734454658146,9
41,5,929371,996233,1464535,https://imagesx.practo.com/providers/dr-sanjukta-sahoo-general-physician-mumbai-d86c5739-d073-4cb3-a727-32712423207f.jpg,/mumbai/doctor/dr-sanjukta-sahoo-family-physician?practice_id=1464535&specialization=General Physician&referrer=doctor_listing&page_uid=01ee9317-b0e1-44da-b749-17ca98c69162,Dr. Sanjukta Sahoo,General Physician,MBBS,"Utkal University, Orissa, India",1998,,,,24,Mumbai,Kandivali East,Clinic,New Life Nursing Home,500,"A dedicated and highly skilled Senior Resident Doctor with over 20 years of comprehensive experience in managing outpatient (OPD), inpatient (IPD), emergency, ICU, and accident cases across multiple healthcare settings. Proven proficiency in cardiac care, surgical assistance, and healthcare administration. Experienced in health insurance management and medical education.",,0,0,1734454659515,0
42,5,545603,568207,1123627,https://imagesx.practo.com/providers/dr-bharti-desai-general-physician-mumbai-844356ac-d3ef-4bb2-b684-ff1778f191b8.jpg,/mumbai/doctor/bharti-desai-general-physician?practice_id=1123627&specialization=General Physician&referrer=doctor_listing&page_uid=01ee9317-b0e1-44da-b749-17ca98c69162,Dr. Bharti Desai,General Physician,MBBS,"Medical College, Calcutta",1986,,,,38,Mumbai,Matunga West,Clinic,Total Health Clinic,700,,93,42,13,1734454659514,1
43,5,902872,893123,1053353,,/mumbai/doctor/rahul-nikumbhe-general-physician?practice_id=1053353&specialization=General Physician&referrer=doctor_listing&page_uid=01ee9317-b0e1-44da-b749-17ca98c69162,Dr. Rahul Nikumbhe,General Physician,MBBS,"G S Medical College, KEM Hospital Mumbai",2012,MD - General Medicine,Srimanta Sankaradeva University of Health Sciences,2016,12,Mumbai,Chembur,Hospital,Apollo Spectra Hospitals,1200,,,0,0,1734454659515,2
44,5,885676,1093809,1442403,https://imagesx.practo.com/providers/dr-mrinalini-singh-internal-medicine-mumbai-c9ac6686-6325-4b6e-bf58-304960344178.jpg,/mumbai/doctor/dr-mrinalini-singh-general-physician-1?practice_id=1442403&specialization=General Physician&referrer=doctor_listing&page_uid=01ee9317-b0e1-44da-b749-17ca98c69162,Dr. Mrinalini Singh,General Physician,MBBS,University of Seychelles,2011,DNB - Family Medicine,Holy Spirit Hospital,2016,13,Mumbai,Kanjurmarg,Clinic,Medshrine Clinic,1000,"Dr Mrinalini Singh, A distinguished medical practitioner with a comprehensive background encompassing MBBS/MD, DNB and MRCP-UK in Medicine, coupled with specialized training in Critical Care Medicine with an EDIC (European Diploma in Intensive Care Medicine) certification. Renowned as a Consultant Physician, Diabetologist and Critical care Specialist, Dr. Singh's expertise spans various healthcare domains. Currently serving as an honorary consultant at Hiramongi Navneet Hospital, Dr. Singh extends her care through her own clinic, Medshrine clinic, situated in Bhandup East, Mumbai. Additionally, she provides her services another distinguished outpatient departments, including Seabird Medicare at Hiranandani -Powai and Nahar Medical center at Chandivali, Mumbai, ensuring accessible healthcare for the community.",,0,0,1734454659514,3
45,5,168912,273787,679125,https://imagesx.practo.com/providers/dr-jinendra-k-jain-consultant-physician-mumbai-58f34c27-87e2-4dd2-b8fa-b6ee0e98adf9.jpg,/mumbai/doctor/dr-jinendra-k-jain-general-physician?practice_id=679125&specialization=General Physician&referrer=doctor_listing&page_uid=01ee9317-b0e1-44da-b749-17ca98c69162,Dr. Jinendra K Jain,General Physician,MBBS,"Sawai Mansingh Medical College, Jaipur (SMS College)",2002,MD - Medicine,"Jawaharlal Nehru Medical College, Ajmer",2006,22,Mumbai,Mira Road,Hospital,Wockhardt Hospitals (formerly known as Umrao Hospital),900,"Dr. Jinendra K Jain is a diabetologist in Borivali West, Mumbai. Dr. Jinendra K Jain practices at Lakshya Clinic and Diagnostics in Borivali West, Mumbai and Wockhardt Hospital in Mira Road, Mumbai.",78,18,15,1734454659513,4
46,5,887299,1095930,1444184,https://imagesx.practo.com/providers/dr-manasi-dave-general-physician-mumbai-2e48cc6f-b25a-4a6e-915f-3288f7bc1248.jpg,/mumbai/doctor/dr-manasi-dave-general-physician?practice_id=1444184&specialization=General Physician&referrer=doctor_listing&page_uid=01ee9317-b0e1-44da-b749-17ca98c69162,Dr. Manasi Dave,General Physician,MBBS,"Maharashtra Universtity of Health Sciences, Nashik",2006,,,,17,Mumbai,Kandivali,Clinic,Aashirwad Medical And Dental Clinic,1000,,,0,0,1734454659514,5
47,5,876451,1036676,1340031,https://imagesx.practo.com/providers/dr-sneha-madkaiker-consultant-physician-mumbai-9abb05f3-992e-49a5-8522-fbbf5c3c2678.jpg,/mumbai/doctor/dr-sneha-madkaiker-general-physician?practice_id=1340031&specialization=General Physician&referrer=doctor_listing&page_uid=01ee9317-b0e1-44da-b749-17ca98c69162,Dr. Sneha Madkaiker,General Physician,MBBS,Goa University,1999,DNB - General Medicine,"National Board of Examination, India",2011,17,Mumbai,Andheri West,Clinic,Docville,1400,"Dr Sneha a practicing Consultant Physician and Intensivist attached to major hospitals in  Andheri, Mumbai.  She has completed her MBBS, DNB ( Internal Medicine / General Medicine) in Mumbai, Fellowship in Critical Care Medicine, and European Diploma in Critical Care Medicine, UK. She specializes in Diabetes, Hypertension, Clinical Cardiology, Respiratory Medicine, Thyroid, Basic Gastroenterology, Infections, and ICU Care.  She is also attached to Criticare Asia Hospital, Belle -Vue Hospital, and Thunga Hospital, Andheri, Mumbai.    .",91,11,9,1734454659514,6
48,5,938420,1154863,1471097,https://imagesx.practo.com/providers/dr-shreya-surana-general-physician-mumbai-1cedf311-d6f0-4fd8-885d-435eb9a7055d.jpg,/mumbai/doctor/dr-shreya-surana-dermatologist-1?practice_id=1471097&specialization=General Physician&referrer=doctor_listing&page_uid=01ee9317-b0e1-44da-b749-17ca98c69162,Dr. Shreya Surana,General Physician,MBBS,"Maharashtra University Of Health Science, Nashik",2019,,,,5,Mumbai,Worli,Clinic,Skin And Tonic Clinic,1500,,100,1,1,1734454659515,7
49,5,580177,161060,692922,https://imagesx.practo.com/providers/dr-nikhil-kulkarni-general-physician-mumbai-30ee953b-8112-4607-aee8-0f46879231e6.jpg,/mumbai/doctor/dr-nikhil-kulkarni-integrated-medicine?practice_id=692922&specialization=General Physician&referrer=doctor_listing&page_uid=01ee9317-b0e1-44da-b749-17ca98c69162,Dr. Nikhil Kulkarni,General Physician,MBBS,University Of Bombay,1995,MD - General Medicine,University Of Bombay,1999,29,Mumbai,Mahim,Hospital,S L Raheja Fortis Hospital,3000,"Internal Medicine, Infectious Diseases , Diabetology, Critical Care Medicine , Served as ICU Incharge at Raheja Hospital from 2001 to 2009,  Has diploma in Infectious Diseases through Apollo Medversity-Affiliated to New South Wales University,Australia, Special Interests :  Fever & Infectious Disease ,Diabetes & Complications, Second opinions of difficult case, Critical care patients, Clinical Consultations, Thyroid/Hypertension/Lifestyle Disease,   Fellowship of American college of physicians,Philadelphia(FACP)  Membership of Indian critical care society (ISCCM)  Membership of American college of cardiology (ACC) ",50,2,1,1734454659514,8
50,5,647938,680865,1220347,https://imagesx.practo.com/providers/dr-sahil-nasir-fulara-diabetologist-mumbai-cc1e25cc-35b2-44eb-aa95-821d61fe6ed1.jpg,/mumbai/doctor/sahil-nasir-fulara-endocrinologist?practice_id=1220347&specialization=General Physician&referrer=doctor_listing&page_uid=01ee9317-b0e1-44da-b749-17ca98c69162,Dr. Sahil Nasir Fulara,General Physician,MD - General Medicine,"Dr DY Patil University, Navi Mumbai",2015,MBBS,"D Y Patil College , Pune",2011,13,Mumbai,Peddar Road,Clinic,Wellcare Health Services,2500,"A qualified diabetologist and endocrinologist, Dr Sahil N Fulara in Pedder Road offers one of the best treatments to diabetic patients and to those complaining about ailments in their endocrine organs. Ever since the time he started practicing way back in 2012, he has always ensured to treat the condition based on the patient's symptoms, duration of illness, complications of diabetes and other necessary case history so as to address the problem from its root. He has a chamber that holds a strategic location in Pedder Road, Mumbai, Jaslok Hospital & Research Centre. He has become one of the most significant point of contacts for the diabetic patients within the city as the treatment quality has always been very dependable as per the feedback received from the previous patients.",99,191,166,1734454659514,9
51,6,784280,953964,1352659,https://imagesx.practo.com/providers/dr-seema-s-masrani-general-physician-mumbai-f3c62d17-cfcb-4775-923e-45efa02b5fe6.jpg,/mumbai/doctor/dr-seema-s-masrani-general-physician?practice_id=1352659&specialization=General Physician&referrer=doctor_listing&page_uid=59d2fd16-2784-4c4e-a29a-0159d0e5e946,Dr. Seema S. Masrani,General Physician,MBBS,University Of Bombay,1993,,,,31,Mumbai,Kandivali West,Clinic,Dr. Seema S. Masrani's Clinic,1000,"MBBS from KEM hospital.. Senior general physician with special interest in infectious diseases including Covid and lifestyle diseases, anti-aging, belly fat loss, weight management,visceral fat loss.",93,14,6,1734454661101,0
52,6,290067,376285,679125,https://imagesx.practo.com/providers/dr-anup-taksande-cardiologist-thane-871e3bfd-1bd4-49f9-a7e7-80159c69d540.jpg,/mumbai/doctor/anup-taksande-cardiologist?practice_id=679125&specialization=General Physician&referrer=doctor_listing&page_uid=59d2fd16-2784-4c4e-a29a-0159d0e5e946,Dr. Anup Taksande,General Physician,MBBS,"Government Medical College, Mumbai",2003,MD - Medicine,King Edward Memorial Hospital and Seth Gordhandas Sunderdas Medical College,2007,21,Mumbai,Mira Road,Hospital,Wockhardt Hospitals (formerly known as Umrao Hospital),750,,100,10,8,1734454661054,1
53,6,822991,738500,679125,https://imagesx.practo.com/providers/dr-aniket-mule-general-physician-navi-mumbai-a71da9df-134d-49e7-927d-b368a2834e21.jpg,/mumbai/doctor/aniket-mule-general-physician?practice_id=679125&specialization=General Physician&referrer=doctor_listing&page_uid=59d2fd16-2784-4c4e-a29a-0159d0e5e946,Dr. Aniket Mule,General Physician,MD - General Medicine,Sardar Patel Medical College,2016,MBBS,"Maharashtra Universtity of Health Sciences, Nashik",2012,9,Mumbai,Mira Road,Hospital,Wockhardt Hospitals (formerly known as Umrao Hospital),900,"Dr Aniket Mule has done MBBS from Grant Medical College and Sir JJ Group of Hospitals, Mumbai in 2011 completed MD Medicine from Sardar Patel Medical College 2016, Bikaner(Rajasthan). Also, He has done Fellowship in Diabetes from Apollo Hospital and Medvarsity, Liverpool University, UK. ",90,10,9,1734454661102,2
54,6,758926,917728,1327804,https://imagesx.practo.com/providers/dr-shoibalini-karmokar-general-physician-mumbai-75df566c-647c-4a1f-aa91-5a91d0bbc858.jpg,/mumbai/doctor/dr-shoibalini-karmokar-general-physician?practice_id=1327804&specialization=General Physician&referrer=doctor_listing&page_uid=59d2fd16-2784-4c4e-a29a-0159d0e5e946,Dr. Shoibalini Karmokar,General Physician,MBBS,"Rural Medical College, Loni",2020,,,,4,Mumbai,Santacruz West,Clinic,Aceso Health Clinic,1000,Dr. Shoibalini Karmokar completed M. B. B. S. Graduate from Rural Medical College. She has 2 years of hands on experience. ,96,28,17,1734454661101,3
55,6,359950,430092,846415,https://imagesx.practo.com/providers/dr-pankaj-mistry-consultant-physician-mumbai-ea402679-69a4-4073-854f-f03c96d4d200.jpg,/mumbai/doctor/dr-pankaj-mistry-general-physician?practice_id=846415&specialization=General Physician&referrer=doctor_listing&page_uid=59d2fd16-2784-4c4e-a29a-0159d0e5e946,Dr. Pankaj Mistry,General Physician,MBBS,King Edward Memorial Hospital and Seth Gordhandas Sunderdas Medical College,1982,MD - General Medicine,King Edward Memorial Hospital and Seth Gordhandas Sunderdas Medical College,1986,42,Mumbai,Vileparle East,Clinic,Keep Fit Clinic,2500,"Dr. Pankaj Mistry Is A Consultant Physician, General Physician And Diabetologist In Vileparle East, Mumbai And Has An Experience Of 29 Years In These Fields. Dr. Pankaj Mistry Practices At Keep Fit In Vileparle East And Sujay Hospital At Juhu .Mumbai.  He Completed Mbbs From Seth Gordhandas Sunderdas Medical College, Mumbai In 1982 And Md - General Medicine From Seth Gordhandas Sunderdas Medical College, Mumbai In 1986.  He Is A Member Of Indian Medical Association (Ima), Association Of Medical Consultants, Andheri Medical Club And Vile Parle Medical Club. Some Of The Services Provided By The Doctor Are: Tuberculosis ( Tb ), Electrocardiogram ( Ecg ), Asthma, Jaundice And Urinary Tract Infection Etc.",97,192,54,1734454661100,4
56,6,174423,586113,692922,https://imagesx.practo.com/providers/dr-avinash-deo-general-physician-mumbai-93402f04-dd04-47fe-9db7-1e46e5436630.jpg,/mumbai/doctor/dr-avinash-deo-1-oncologist?practice_id=692922&specialization=General Physician&referrer=doctor_listing&page_uid=59d2fd16-2784-4c4e-a29a-0159d0e5e946,Dr. Avinash Deo,General Physician,MBBS,King Edward Memorial Hospital and Seth Gordhandas Sunderdas Medical College,1986,MD - General Medicine,King Edward Memorial Hospital and Seth Gordhandas Sunderdas Medical College,1989,37,Mumbai,Mahim,Hospital,S L Raheja Fortis Hospital,2000,,91,23,17,1734454661054,5
57,6,819165,872492,778301,https://imagesx.practo.com/providers/dr-umesh-shantilal-wadile-general-physician-mumbai-50d4d6fc-e583-423c-a484-59e85225d767.jpg,/mumbai/doctor/umesh-shantilal-wadile-general-physician?practice_id=778301&specialization=General Physician&referrer=doctor_listing&page_uid=59d2fd16-2784-4c4e-a29a-0159d0e5e946,Dr. Umesh Shantilal Wadile,General Physician,MBBS,"Grant Medical College and Sir JJ Hospital, Mumbai",2008,DNB - General Medicine,National Board Of Examination,2019,15,Mumbai,Malad West,Hospital,Surana Hospital And Research Center,1000,,,0,0,1734454661101,6
58,6,900582,1067622,1379152,https://imagesx.practo.com/providers/dr-neha-pokharna-garg-hematologist-mumbai-b356627b-2ac0-4293-964d-1888d11de500.jpg,/mumbai/doctor/neha-pokharna-garg-oncologist?practice_id=1379152&specialization=General Physician&referrer=doctor_listing&page_uid=59d2fd16-2784-4c4e-a29a-0159d0e5e946,Dr. Neha Pokharna Garg,General Physician,MBBS,"Krishna Institute of Medical Sciences, Karad",2016,MD - Pathology,"Maharashtra Universtity of Health Sciences, Nashik",2020,5,Mumbai,Malad West,Clinic,Garg Multispeciality Hospital,2000,,100,3,0,1734454661102,7
59,6,174411,243031,692922,https://imagesx.practo.com/providers/dr-anil-bhoraskar-general-physician-mumbai-991bfcf7-e0dc-4e91-bb63-3b433ab51df1.jpg,/mumbai/doctor/dr-anil-s-bhoraskar-diabetologist?practice_id=692922&specialization=General Physician&referrer=doctor_listing&page_uid=59d2fd16-2784-4c4e-a29a-0159d0e5e946,Dr. Anil  Bhoraskar,General Physician,MBBS,"University of Mumbai, Mumbai",1977,MD - Medicine,"Grant Medical College and Sir JJ Hospital, Mumbai",1980,46,Mumbai,Mahim,Hospital,S L Raheja Fortis Hospital,4500,"Dr. Anil Bhoraskar is an experienced Mumbai-based Diabetologist, practising since the last 32 years. He completed his MD postgraduation degree from Grant Medical College, Mumbai, in 1980. He then worked in the Department of Endocrinology as a Research Officer at KEM Hospital, Mumbai, from 1980-82.  Dr. Bhoraskar can be consulted at an Honorary Diabetologist at S L Raheja Hospital in Mahim.. Apart from his medical practice, he is an Honorary Assistant Professor at Grant Medical College, teaching undergraduate and postgraduate students of Medicine.  Dr. Bhoraskar has many papers and publications to his name in national and international journals, and has participated in numerous symposiums, seminars and conferences held under the auspices of the Diabetic Association of India, International Diabetes Federation (IDF) and Association of Physicians of India. He is the IDF Representative of India and Chairman-Elect for the South-East Asian region of IDF. ",100,3,3,1734454661053,8
60,6,700761,271899,982258,https://imagesx.practo.com/providers/dr-suresh-jain-general-physician-mumbai-5d9ff2b8-59a5-4a15-b43a-477e4906d3f3.jpg,/mumbai/doctor/dr-suresh-jain-general-physician?practice_id=982258&specialization=General Physician&referrer=doctor_listing&page_uid=59d2fd16-2784-4c4e-a29a-0159d0e5e946,Dr. Suresh Jain,General Physician,MBBS,Shivaji Univesity ,1992,MD - General Medicine,Shivaji University,1996,32,Mumbai,Parel,Hospital,Gleneagles Hospitals,1850,,,0,0,1734454661101,9
61,7,580529,240009,692922,https://imagesx.practo.com/providers/dr-vijay-kulkarni-general-physician-mumbai-a22d9e62-9956-4c10-942a-b3253b0a9516.jpg,/mumbai/doctor/dr-vijay-kulkarni-urologist?practice_id=692922&specialization=General Physician&referrer=doctor_listing&page_uid=b302d0a1-64e4-4958-ae6d-0bf9ba5eddd8,Dr. Vijay Kulkarni,General Physician,MBBS,University of Pune,1973,,,,20,Mumbai,Mahim,Hospital,S L Raheja Fortis Hospital,2500,,100,1,1,1734454662583,-1
62,7,616046,626030,1166949,https://imagesx.practo.com/providers/dr-trupti-gilada-general-physician-mumbai-23268991-048f-47cb-a344-b3375d6eb1a7.jpg,/mumbai/doctor/dr-trupti-gilada-infectious-diseases-physician?practice_id=1166949&specialization=General Physician&referrer=doctor_listing&page_uid=b302d0a1-64e4-4958-ae6d-0bf9ba5eddd8,Dr. Trupti Gilada,General Physician,MBBS,Topiwala National Medical College & BYL Nair Charitable Hospital,2007,MD - General Medicine,"G S Medical College, KEM Hospital Mumbai",2012,17,Mumbai,Lamington Road,Clinic,Unison Medicare And Research Centre,2500,"Dr. Trupti Gilada is a trusted Physician in Infectious Disease and Adult Medicine. She received her training in prestigious institutions like KEM Hospital, Mumbai and Harvard University and Fred Hutchinson Centre in the USA. Her aspiration to bring together unmatchable clinical acumen in India and state-of-art management protocols in the USA brought her back to India where she strives to offer medical care of the highest quality to all her patients.  She now works as an Infectious Disease Consultant at Unison Medicare and Research Centre, one of the few comprehensive infectious disease centers in the country and at Prince Aly Khan Hospital, Mazagaon, a multi-specialty Hospital in South Mumbai.",80,10,9,1734454662583,-1
63,7,580192,566855,692922,https://imagesx.practo.com/providers/dr-adwait-patil-general-physician-mumbai-8f872e0d-47a9-42fc-bfaf-53e3a421ab31.jpg,/mumbai/doctor/dr-adwait-patil-general-physician-1?practice_id=692922&specialization=General Physician&referrer=doctor_listing&page_uid=b302d0a1-64e4-4958-ae6d-0bf9ba5eddd8,Dr. Adwait Patil,General Physician,MBBS,"Lokmanya Tilak Municipal Medical College, Sion,Mumbai",1983,MD - Medicine,"University of Mumbai, Mumbai",1987,41,Mumbai,Mahim,Hospital,S L Raheja Fortis Hospital,1300,,,1,0,1734454662582,-1
64,7,579980,454471,692922,https://imagesx.practo.com/providers/dr-pradeep-talwalkar-diabetologist-mumbai-e280f6be-99bd-4549-96f1-b567b9c935ff.jpg,/mumbai/doctor/dr-pradeep-talwalkar-diabetologist-2?practice_id=692922&specialization=General Physician&referrer=doctor_listing&page_uid=b302d0a1-64e4-4958-ae6d-0bf9ba5eddd8,Dr. Pradeep Talwalkar,General Physician,MBBS,"Grant Medical College and Sir JJ Hospital, Mumbai",1973,MD - General Medicine,"Grant Medical College and Sir JJ Hospital, Mumbai",1977,47,Mumbai,Mahim,Hospital,S L Raheja Fortis Hospital,2500,"Dr Pradeep G. Talwalkar Has Been Practising Diabetology For Three Decades Now. Formerly A Postgraduate Teacher Of Internal Medicine,He Now Teaches Diabetology.  A Sought-After Speaker At Various Conferences, Symposiums And Continuing Medical Education Programmes, Dr Talwalkar Has Lectured Extensively All Over India. He Is Very Active On The Patient Education Front: Besides Conducting Workshops And Seminars, He Uses The Print, Radio, Television And Online Media To Spread Awareness About Diabetes Among Patients And Caregivers. Dr Talwalkar Has Attended Numerous International Conferences On Diabetes And Visited Several Centres Of Excellence In The Field. He Has Actively Participated In All Conferences Of The International Diabetes Federation Since The 1988 Conference In Sydney, Australia. He Has Authored Over Fifty Papers In National And International Journals, And Written And Edited Books On Diabetes For Laypeople, Family Physicians And Consultants. He Is The Assistant Editor Of Api Textbook Of Medicine (Sixth Edition), A Popular Textbook With Wide Readership In India.",92,25,12,1734454662582,-1
65,7,834233,1019108,1398635,https://imagesx.practo.com/providers/dr-atit-dharia-nephrologist-renal-specialist-mumbai-27e00433-8348-45d9-bc32-78e1ebc07064.jpg,/mumbai/doctor/atit-dharia-nephrologist?practice_id=1398635&specialization=General Physician&referrer=doctor_listing&page_uid=b302d0a1-64e4-4958-ae6d-0bf9ba5eddd8,Dr. Atit Dharia,General Physician,MBBS,"Maharashtra Universtity of Health Sciences, Nashik",2009,MD - General Medicine,"Maharashtra Universtity of Health Sciences, Nashik",2013,15,Mumbai,Tardeo,Clinic,Genesis Eye & Kidney Hospital,2000,"Dr. Atit Dharia is a Consultant Nephrologist and Transplant Physician with empanelments at Multiple Tertiary Health Care and Charitable Hospitals in Mumbai. He has more than 9 years of experience practicing Nephrology with 4 years of International Experience at the prestigious University of Toronto, where he worked at Toronto General Hospital, which is ranked 4th Best Hospital in the World.  He completed his Nephrology training from Manipal Hospital, Bengaluru and then proceed to complete Post Doctoral Fellowships in Adult Nephrology from University of Toronto. He also has a fellow in Kidney/kidney-pancreas Transplant (American Society of Transplantation). He then completed CaRE (Cardiology, Renal, Endocrinology) fellowship from University of Toronto where he received advanced training to treat patients with diabetic kidney disease (diabetic Nephropath), cardiorenal syndrome and metabolic Nephropath. In fact he is the first doctor in India to receive this fellowship. He has expertise in managing Patients with Kidney Transplant, Kidney Failure Patient on Dialysis, Diabetic Kidney Disease, and Cardiorenal Syndrome. He has numerous publications in national and international journals.",,0,0,1734454662583,-1
66,7,580012,368108,692922,https://imagesx.practo.com/providers/dr-r-b-phatak-diabetologist-mumbai-0273208f-8e76-46b6-b84a-156b879a0f9d.jpg,/mumbai/doctor/dr-r-b-phatak-endocrinologist?practice_id=692922&specialization=General Physician&referrer=doctor_listing&page_uid=b302d0a1-64e4-4958-ae6d-0bf9ba5eddd8,Dr. R.B. Phatak,General Physician,MBBS,Mumbai University,1982,MD - Medicine,Mumbai University,1985,40,Mumbai,Mahim,Hospital,S L Raheja Fortis Hospital,2500,"A Consultant at the department of Diabetology S. L. Raheja (A Fortis Associate) Hospital, Mahim, Mumbai, Dr. R B Phatak has over 2 decades of rich experience in his field. He has treated several patients suffering from diabetes related diseases in India and gives every patient the best of medical care. Dr. R B Phatak has published several papers in India and abroad and is a member of prestigious medical associations. Dr. R B Phatak believes in promoting health awareness and following a healthy lifestyle.",100,2,1,1734454662582,-1
67,7,965309,445844,692922,https://imagesx.practo.com/providers/dr-abhay-bhave-general-physician-mumbai-96b51f9c-db86-46eb-ab0c-5b232a6b3f13.jpg,/mumbai/doctor/dr-abhay-bhave-general-physician?practice_id=692922&specialization=General Physician&referrer=doctor_listing&page_uid=b302d0a1-64e4-4958-ae6d-0bf9ba5eddd8,Dr. Abhay Bhave,General Physician,MBBS,University Of Bombay,1986,MD - General Medicine,University Of Bombay,1991,38,Mumbai,Mahim,Hospital,S L Raheja Fortis Hospital,4000,,,,0,1734454662583,-1
