rank,page,id,doctor_id,practice_id,image_url,profile_url,doctor_name,specialization,qualification,college,completion_year,qualification,college,completion_year,experience_years,practice_city,practice_locality,practice_type,practice_name,consultation_fees,summary,recommendation_percent,patients_count,reviews_count,timestamp,position,
1,1,705879,796945,702067,https://imagesx.practo.com/providers/dr-pradeep-gopinath-nayar-cardiologist-chennai-ef86dd04-1f75-42a7-ba75-4af1ecc998a4.jpg,/chennai/doctor/dr-pradeep-gopinath-nayar-cardiologist?practice_id=702067&specialization=Cardiologist&referrer=doctor_listing&page_uid=8badd7bb-f621-42c9-809b-4026005b2e4f,Dr. Pradeep Gopinath Nayar,Cardiologist,MBBS,"MGM Medical College, Jamshedpur, Bihar, University of Ranchi",1984,MD - General Medicine,"Rajendra Medical College, Ranchi, Bihar, University of Ranchi",1992,40,Chennai,Adyar,Hospital,MGM Healthcare Malar Hospitals,500,"Between January 1999 to October 2003, I was working in well established, high volume tertiary Cardiac hospitals (Southern Railway Headquarters Hospital, Perambur, Chennai and Madras Medical Mission Hospital, Chennai) and was doing over 2000 Echocardiograms including pediatric and adult, and dobutamine  stress studies per year and average of 500 diagnostic angiograms and Cardiac Catheterization, 200 angioplasties, 150 Balloon mitral valvuloplasties, 30 peripheral angioplasties including carotid and renal angioplasties, 30 pace maker implantation and 10 ICDs / CRTs per year. In 2003, I moved with Dr K M Cherian, MS, FRACS, DSc. from Madras Medical Mission Hospital, Chennai, to help him set up the Cardiology Units of Frontier Lifeline Hospital in Mogappair, Chennai, and in St Gregorios Hospital, Parumala, Kerala. These Centers developed into high volume tertiary Cardiac hospitals over the next few years.    From January 2008 to March 2018, I was working with Chettinad Hospital and Research Institute, a Medical University, in a semi urban/rural area, in the outskirts of Chennai, and was entrusted with setting up and developing a new Cardiac Unit. The Department has grown over the last 10 years and has been recognized by the Medical Council of India, for imparting Superspeciality(DM) training in Cardiology from August, 2013 with an annual intake of 2 students. The Department also conducts 4yr B.Sc, Allied Health Sciences (Cardiac Technology and Cathlab Technology) courses with an annual intake of 12 students, and 2yr M.Sc, (Cardiac Imaging and Echocardiography) course with an annual intake of 6 students.The Department is recognized for conducting PhD courses in Cardiology by the University and had 4 students doing Doctoral research under me. I was performing about 300 Angioplasties, 100 Valvuloplasties, 50 Peripheral Angioplasties, 50 Device Implantations (Pacemakers/ICDs/CRTs), and 50 Device Closures(ASD/PDA/RSOV/AV Fistulas etc)  annually I am presently (from March 26th) working with MIOT Hospitals, a 1000 bedded Multi-Superspeciality Hospital in Chennai. Given my past experience in setting up and developing Cardiology departments in the previous hospitals, I have been given the mandate to improve the Cardiology Department and the teaching infrastructure to the level of standard needed for accreditation with the National Board of Examinations in Cardiology superspeciality ",100,6,3,1734452197124,2
2,1,436964,494059,702067,https://imagesx.practo.com/providers/dr-g-manohar-cardiologist-chennai-23d8f631-d6a4-4c63-a02c-bbf3132a8758.jpg,/chennai/doctor/g-manohar-cardiologist?practice_id=702067&specialization=Cardiologist&referrer=doctor_listing&page_uid=8badd7bb-f621-42c9-809b-4026005b2e4f,Dr. G. Manohar,Cardiologist,MBBS,Thanjavur Medical College,1989,DM - Cardiology,"Stanley Medical College & Hospital , Chennai",2012,35,Chennai,Adyar,Hospital,MGM Healthcare Malar Hospitals,500,,100,12,8,1734452197124,3
3,1,734728,466933,1255075,https://imagesx.practo.com/providers/dr-b-madan-mohan-interventional-cardiologist-chennai-5adfc397-3706-44f5-af52-3a5a619a3922.jpg,/chennai/doctor/dr-b-madan-mohan-cardiologist-1?practice_id=1255075&specialization=Cardiologist&referrer=doctor_listing&page_uid=8badd7bb-f621-42c9-809b-4026005b2e4f,Dr. B. Madan Mohan,Cardiologist,MBBS,"Sri Ramachandra University, Chennai",1993,MD - General Medicine,The Tamil Nadu Dr. M.G.R. Medical University (TNMGRMU),1999,31,Chennai,Anna Nagar,Hospital,MGM Healthcare,1000,,94,395,45,1734452197124,5
4,1,745186,97130,1255075,https://imagesx.practo.com/providers/dr-a-l-narayanan-cardiologist-chennai-022793ce-7112-4a5b-b113-c1e80fb3f981.jpg,/chennai/doctor/dr-a-l-narayanan-cardiologist-97130?practice_id=1255075&specialization=Cardiologist&referrer=doctor_listing&page_uid=8badd7bb-f621-42c9-809b-4026005b2e4f,Dr. A.L. Narayanan,Cardiologist,MD - General Medicine,Madras University,1980,DM - Cardiology,Madras University,1982,48,Chennai,Anna Nagar,Hospital,MGM Healthcare,1000,"Dr. A L Narayanan is a Senior Interventional Cardiologist based in Chennai. He obtained his medical degrees - MBBS, MD (General Medicine) and DM (Cardiology) - through Madras University, bagging two Gold Medals during his undergraduate studies. Subsequent to completing the DM super-speciality exam, Dr. Narayanan has had his Cardiology practice for over 30 years. He also has 12 years of teaching experience in Madras Medical College, Chennai, and 10 years of experience teaching DNB (Cardiology) students at Vijaya Hospital in Chennai.",100,19,10,1734452197124,6
5,1,60377,129514,706234,https://imagesx.practo.com/providers/dr-b-ramamurthy-cardiologist-chennai-c10abc4e-100b-4002-a1d6-dd04d36a2e18.jpg,/chennai/doctor/dr-ramamurthy-cardiologist?practice_id=706234&specialization=Cardiologist&referrer=doctor_listing&page_uid=8badd7bb-f621-42c9-809b-4026005b2e4f,Dr. B Ramamurthy,Cardiologist,MBBS,"Madras Medical College, Chennai",1977,MD - General Medicine,"Madras Medical College, Chennai",1980,38,Chennai,Shenoy Nagar,Hospital,Billroth Hospitals,450,,100,2,1,1734452197123,7
6,1,745088,899938,1255075,https://imagesx.practo.com/providers/dr-srichandran-l-cardiologist-chennai-b4f8ccc2-25d1-4e8a-8a89-0fed78021174.jpg,/chennai/doctor/dr-srichandran-l-cardiologist?practice_id=1255075&specialization=Cardiologist&referrer=doctor_listing&page_uid=8badd7bb-f621-42c9-809b-4026005b2e4f,Dr. Srichandran L,Cardiologist,MBBS,"Sri Ramachandra Medical College, Chennai",2003,MD - General Medicine,"Sri Ramachandra Medical College, Chennai",2007,21,Chennai,Anna Nagar,Hospital,MGM Healthcare,750,,100,2,1,1734452197124,8
7,1,930486,382620,706234,https://imagesx.practo.com/providers/dr-vinodh-kumar-p-cardiologist-chennai-0e0df55c-b20c-4c6d-89ab-5a6c020443de.jpg,/chennai/doctor/vinodh-kumar-p-cardiologist?practice_id=706234&specialization=Cardiologist&referrer=doctor_listing&page_uid=8badd7bb-f621-42c9-809b-4026005b2e4f,Dr. Vinodh Kumar P,Cardiologist,MBBS,"Madras Medical College, Chennai",2003,MD - General Medicine,"Madras Medical College, Chennai",2007,19,Chennai,Shenoy Nagar,Hospital,Billroth Hospitals,450,,93,14,4,1734452197124,9
8,1,734739,429254,1255075,https://imagesx.practo.com/providers/dr-ravi-kumar-cardiologist-chennai-5737d64a-247b-4de7-bf41-7c49391ceb29.jpg,/chennai/doctor/ravi-kumar-8-cardiologist?practice_id=1255075&specialization=Cardiologist&referrer=doctor_listing&page_uid=8badd7bb-f621-42c9-809b-4026005b2e4f,Dr. Ravi Kumar,Cardiologist,MD - General Medicine,Pondicherry University,1989,DM - Cardiology,"SANJAY GANDHI POST GRADUATE INSTITUTE OF MEDICAL SCIENCES, LUCKNOW.",1992,35,Chennai,Anna Nagar,Hospital,MGM Healthcare,1200,,,0,0,1734452197124,10
10,1,745110,989612,1255075,https://imagesx.practo.com/providers/dr-vivekan-m-cardiologist-chennai-7f99180d-024b-406e-a494-13cf46168f9a.jpg,/chennai/doctor/vivekan-m-cardiologist?practice_id=1255075&specialization=Cardiologist&referrer=doctor_listing&page_uid=8badd7bb-f621-42c9-809b-4026005b2e4f,Dr. Vivekan M,Cardiologist,MBBS,University of Tamil nadu,2008,DNB - General Medicine,National Board Of Examination,2013,16,Chennai,Anna Nagar,Hospital,MGM Healthcare,800,,,0,0,1734452197124,13
11,2,930504,1145793,706234,,/chennai/doctor/dr-ilayaraja-uthirapathy-cardiologist?practice_id=706234&specialization=Cardiologist&referrer=doctor_listing&page_uid=ec64b8ca-3d65-4e4e-a2bb-9ce5c7d27175,Dr. Ilayaraja Uthirapathy,Cardiologist,MBBS,The tamil nadu Dr. M.G.R. Medical university,1994,DM - Cardiology,"Rajiv Gandhi University Of Health Sciences, Bangalore.",2006,29,Chennai,Shenoy Nagar,Hospital,Billroth Hospitals,400,,,0,0,1734452198309,0
12,2,624331,498858,1180782,https://imagesx.practo.com/providers/dr-sidharthan-k-cardiologist-chennai-7b27f0d1-3d9a-4a6e-ad05-afe2d386167e.jpg,/chennai/doctor/sidharthan-k-1-cardiologist?practice_id=1180782&specialization=Cardiologist&referrer=doctor_listing&page_uid=ec64b8ca-3d65-4e4e-a2bb-9ce5c7d27175,Dr. Sidharthan K,Cardiologist,MBBS,The Tamil Nadu Dr. M.G.R. Medical University (TNMGRMU),1999,MD - General Medicine,The Tamil Nadu Dr. M.G.R. Medical University (TNMGRMU),2006,25,Chennai,Kilpauk,Hospital,Kumaran Hospital,1000,Dr. K Sidharthan is a Consultant Cardiologist at Dr. Mehta’s Hospital  Chennai. He is vastly educated  having acquired degrees like MBBS  MD  DM and has also undergone necessary training to qualify as a cardiologist. His expertise lies in coping with issues related to medical diagnosis and treatment of congenital heart defects  coronary artery disease  heart failure  valvular heart disease and electrophysiology. Dr. Sidharthan has treated innumerable patients till date and he believes in treating as many patients as he could until he is able to do so. He is a dedicated and hardworking personality and works in all possible ways to provide the best suited treatment to the patient.,67,3,2,1734452198309,1
13,2,938267,445657,1129485,https://imagesx.practo.com/providers/dr-ajeet-arulkumar-interventional-cardiologist-chennai-acec41e1-4061-4ab7-9bdb-bdac97f261c7.jpg,/chennai/doctor/ajeet-arulkumar-cardiologist?practice_id=1129485&specialization=Cardiologist&referrer=doctor_listing&page_uid=ec64b8ca-3d65-4e4e-a2bb-9ce5c7d27175,Dr. Ajeet Arulkumar,Cardiologist,MBBS,"Madras Medical College, Chennai",2002,MD - General Medicine,"Kilpauk Medical College, Chennai",2006,21,Chennai,Vanagaram,Hospital,Apollo Speciality Hospital,1000,"Dr. Ajeet has been practicing Cardiology from the last 12 years. His area of focus is coronary interventions, Heart Failure & Heart Transplantations.",99,301,220,1734452198310,2
15,2,846028,553177,1129485,https://imagesx.practo.com/providers/dr-babu-ezhumalai-interventional-cardiologist-chennai-c5d9da2d-640f-41c9-b0ab-57acc4d57840.jpg,/chennai/doctor/dr-babu-ezhumalai-cardiologist?practice_id=1129485&specialization=Cardiologist&referrer=doctor_listing&page_uid=ec64b8ca-3d65-4e4e-a2bb-9ce5c7d27175,Dr. Babu Ezhumalai,Cardiologist,MBBS,Pondicherry University,2004,MD - General Medicine,Pondicherry University,2008,20,Chennai,Vanagaram,Hospital,Apollo Speciality Hospital,1000,"Dr. Babu Ezhumalai is a Senior Consultant - Interventional Cardiologist and Heart Failure Specialist placed at Chennai.   He obtained all three degrees MBBS, MD (General Medicine) and DM (Cardiology) from JIPMER, institute of national importance located in Puducherry.  Dr. Babu Ezhumalai is a certified interventional cardiologist; he completed his FNB (Fellowship) in Interventional Cardiology at Fortis Escorts Heart Institute, New Delhi.  He performs all types of complex angioplasty, structural heart disease interventions, device implantations and endovascular interventions procedures in cath lab.",100,12,8,1734452198309,4
17,2,585077,598806,1129485,https://imagesx.practo.com/providers/dr-premkumar-k-j-cardiologist-chennai-42489030-e1b8-45fd-8bdb-d01ed0ec19fb.jpg,/chennai/doctor/dr-premkumar-k-j-cardiologist?practice_id=1129485&specialization=Cardiologist&referrer=doctor_listing&page_uid=ec64b8ca-3d65-4e4e-a2bb-9ce5c7d27175,Dr. Premkumar K J,Cardiologist,MBBS,K M C     DR.MGR Medical University,2002,MD - General Medicine,"Stanely Medical College,DR.MGR Medical University",2005,22,Chennai,Vanagaram,Hospital,Apollo Speciality Hospital,1000,"Dr. Premkumar is a Cardiologist With 22 years of invaluable experience, Dr. Premkumar K J holds esteemed qualifications including MBBS, MD in General Medicine, and DM in Cardiology. Whether you require preventive care, management of heart disease, or specialized cardiac procedures, Dr. Premkumar K J invites you to book an instant appointment online.",67,3,2,1734452198308,6
19,2,841295,747255,1129485,https://imagesx.practo.com/providers/dr-s-aravind-cardiologist-chennai-c3c98803-5c80-444f-9a48-4e4ec17d3e5e.jpg,/chennai/doctor/dr-s-aravind-cardiology?practice_id=1129485&specialization=Cardiologist&referrer=doctor_listing&page_uid=ec64b8ca-3d65-4e4e-a2bb-9ce5c7d27175,Dr. S Aravind,Cardiologist,MBBS,Rajiv Gandhi University of Health Sciences,2008,MD - General Medicine,"J.J.M.MEDICAL COLLEGE & HOSPITAL ,DAVANGERE",2011,10,Chennai,Vanagaram,Hospital,Apollo Speciality Hospital,800,"Dr. S Aravind is one of the best Cardiologist in Vanagaram, Chennai. He has done MBBS, MD ( General Medicine ), DM - Cardiology. Dr. S Aravind has more than 5 years of experience as a Cardiologist. Dr. S Aravind bestway communicate in English,Hindi with their patients. Dr. S Aravind offers best medical services like Consultation.",100,2,2,1734452198309,8
20,2,690754,252358,1006874,https://imagesx.practo.com/providers/dr-d-prabhakar-cardiologist-chennai-3402017f-6057-4b36-b255-fd71af4fc32b.jpg,/chennai/doctor/dr-d-prabhakar-cardiologist?practice_id=1006874&specialization=Cardiologist&referrer=doctor_listing&page_uid=ec64b8ca-3d65-4e4e-a2bb-9ce5c7d27175,Dr. D Prabhakar,Cardiologist,MBBS,"Madras Medical College, Chennai",1989,DM - Cardiology,"Madras Medical College, Chennai",1998,34,Chennai,Kilpauk,Hospital,Apollo First Med Hospitals,800,"Dr. D Prabhakar is Preventive Interventional Cardiologist.Dr. Prabhakar D stands as one of Chennai's most seasoned cardiologists, currently practicing at Apollo First Med Hospitals P H Road. With a significant portion of his career dedicated to advancing the field of Cardiology, Dr. Prabhakar has conducted extensive research on cardiovascular issues in both children and the elderly. Notably, he has undertaken the profiling of South Indian elderly patients, considering their lifestyles and the country's conditions as crucial factors influencing their cardiovascular health.   Dr. Prabhakar's contributions to the field have been recognized with a gold medal at the All India API Joint Annual Conference in 1995. His academic journey includes serving as an Assistant Professor at Madras Medical College, Chennai. He holds esteemed memberships in professional organizations such as the Cardiological Society of India, the Association of Physicians of India, and the European Association of Percutaneous Coronary Interventions. Dr. Prabhakar D's commitment to cardiovascular research and patient care positions him as a highly respected figure in the medical community.  If you're seeking cardiologists in your neighborhood then, Dr. Prabhakar D is the right choice for expert care and treatment of your cardiology needs. Book an appointment today and experience top-notch medical care.",95,91,22,1734452198309,9
21,3,511204,406108,792837,https://imagesx.practo.com/providers/dr-refai-showkathali-cardiologist-chennai-5793ba51-a996-4517-9ab2-7c3469b43a10.jpg,/chennai/doctor/refai-showkathali-cardiologist?practice_id=792837&specialization=Cardiologist&referrer=doctor_listing&page_uid=35de821a-5444-4440-8299-de14337ddbb3,Dr. Refai Showkathali,Cardiologist,MBBS,The Tamil Nadu Dr. M.G.R. Medical University (TNMGRMU),1999,MRCP (UK),"Royal Colleges Of Physicians,london, Uk",2004,25,Chennai,Greams Road,Hospital,Apollo Hospital,1200,"After finishing medical graduation in India, Dr. Refai moved to the UK for further training. His career in Cardiology was undertaken at World Class Tertiary Cardiac Centres like St.Bartholomew's Hospital (London), Imperial College Hospital (formerly called as Hammersmith Hospital, London), St George's Hospital (London), The Essex Cardiothoracic Surgeon Centre (Essex) and King's College Hospital (London). He moved back to India after 14 years of specialist training in advanced Interventional Cardiology and practising in India for last 4 yrs. He is currently practising in Apollo Main Hospital, Greams Road, Chennai.   He is currently holding the prestigious Fellowship of Royal College of Physicians, London (FRCP, London) and Fellowship of American College of Cardiology (FACC) and Fellowship of European Society of Cardiology (FESC). He is an Examiner for the MRCP PACES exam being conducted by the Royal College of Physicians, London. He also holds an academic title of ""Professor"" at Apollo Hospital Educational and Research Foundation.  Specialist in Angioplasty (Stent placement), Transradial Rotablation, Chronic Total Occlusion (CTO) Angioplasty, Left main stem (LMCA), Bifurcation angioplasty, Optical Coherence Tomography (OCT), Transcatheter valvular interventions, Pacemaker, ICD, CRT implantation and ASD closures .   TAVI (Transcatheter Aortic Valve Implantation)  Fellowship undertaken at King's College Hospital, London which is one of the high volume TAVI centers in the world performing TAVI's from 2007.  He has published extensively in the field of Cardiology with more than 50 peer-reviewed publications in reputed International Journals. Invited Faculty in various national and International conferences. He also regularly reviews manuscripts for national and International journals for publication.",100,23,18,1734452199703,0
22,3,437242,494298,792837,https://imagesx.practo.com/providers/dr-y-vijayachandra-reddy-cardiologist-chennai-0224ab27-210c-4a49-bd4c-4123282c0922.jpg,/chennai/doctor/y-vijayachandra-reddy-cardiologist?practice_id=792837&specialization=Cardiologist&referrer=doctor_listing&page_uid=35de821a-5444-4440-8299-de14337ddbb3,Dr. Y Vijayachandra Reddy,Cardiologist,MBBS,"Sri Venkateswara University, Tirupati",1988,DNB - General Medicine,"POSTGRADUATE INSTITUTE OF MEDICAL  EDUCATION AND RESEARCH, CHANDIGARH",1991,36,Chennai,Greams Road,Hospital,Apollo Hospital,1000,,100,12,9,1734452199703,1
23,3,600848,619890,1158991,https://imagesx.practo.com/providers/dr-shanmugasundaram-d-cardiologist-chennai-3b8c07e3-3fb3-4abc-b83c-1a29fb4b4ad5.jpg,/chennai/doctor/dr-shanmugasundaram-d-cardiologist?practice_id=1158991&specialization=Cardiologist&referrer=doctor_listing&page_uid=35de821a-5444-4440-8299-de14337ddbb3,Dr. Shanmugasundaram D,Cardiologist,MBBS,The Tamil Nadu Dr. M.G.R. Medical University (TNMGRMU),1996,MD - General Medicine,The Tamil Nadu Dr. M.G.R. Medical University (TNMGRMU),2001,28,Chennai,OMR Road,Hospital,Apollo Speciality Hospitals O M R,700,"Dr Shanmuga Sundaram D is a distinguished Cardiologist in Chennai with over 8 years of experience in the field, holding an MBBS, MD in General Medicine, and DNB in Cardiology. Dr Sundaram is known for treating conditions like Barth Syndrome, dilated cardiomyopathy, irregular heartbeat, orthostatic hypotension, and patent foramen ovale. Dr Shanmuga is proficient in performing angioplasty echocardiograms, stress tests, pacemaker insertions, and cardiac catheterisations.",100,18,13,1734452199704,2
24,3,439014,495759,1006874,https://imagesx.practo.com/providers/dr-asha-vidhyasekaran-cardiologist-chennai-e4a197f9-b9b7-4d53-b2a5-bacc89444c97.jpg,/chennai/doctor/asha-vidhyasekaran-cardiologist?practice_id=1006874&specialization=Cardiologist&referrer=doctor_listing&page_uid=35de821a-5444-4440-8299-de14337ddbb3,Dr. Asha Vidhyasekaran,Cardiologist,MD - General Medicine,The Tamil Nadu Dr. M.G.R. Medical University (TNMGRMU),1997,DM - Cardiology,The Tamil Nadu Dr. M.G.R. Medical University (TNMGRMU),2003,34,Chennai,Kilpauk,Hospital,Apollo First Med Hospitals,500,,100,1,1,1734452199703,3
25,3,437262,236516,792837,https://imagesx.practo.com/providers/dr-asha-mahilmaran-cardiologist-chennai-513e3024-1d64-427e-bea5-b036e5b05bea.jpg,/chennai/doctor/dr-aasha-mahilmaran-cardiologist?practice_id=792837&specialization=Cardiologist&referrer=doctor_listing&page_uid=35de821a-5444-4440-8299-de14337ddbb3,Dr. Asha Mahilmaran,Cardiologist,MBBS,Bharathiyar University ,1990,MD - General Medicine,The Tamil Nadu Dr.M.G.R  Medical University,1993,34,Chennai,Greams Road,Hospital,Apollo Hospital,1500,,100,8,7,1734452199703,4
26,3,437257,494307,792837,https://imagesx.practo.com/providers/dr-sai-satish-cardiologist-chennai-2ecfdb94-a99b-44f5-98c1-0221639187d3.jpg,/chennai/doctor/sai-satish-cardiologist?practice_id=792837&specialization=Cardiologist&referrer=doctor_listing&page_uid=35de821a-5444-4440-8299-de14337ddbb3,Dr. Sai Satish,Cardiologist,MBBS,The Tamil Nadu Dr. M.G.R. Medical University (TNMGRMU),1997,MD - General Medicine,"Mahadevappa Rampure Medical College, Gulbarga",2001,27,Chennai,Greams Road,Hospital,Apollo Hospital,1000,"Dr. Sai Satish is an internationally renowned Senior Interventional Cardiologist from Apollo Hospitals, India. He is also a practicing interventional cardiologist & teaching faculty at one of the world’s best TAVI training centres, the Gottsegen Institute of Cardiology in Budapest, Hungary. A pioneer in the field of transcatheter valve therapies, he holds the reputation for having performed the highest number of percutaneous edge to edge mitral repairs in the subcontinent till date (MitraClip implants).",100,3,2,1734452199703,5
27,3,437034,494121,792837,https://imagesx.practo.com/providers/dr-a-m-karthigesan-cardiologist-chennai-c9c713b3-5e24-407d-be32-0a2ea9d65442.jpg,/chennai/doctor/a-m-karthigesan-cardiac-electrophysiologist?practice_id=792837&specialization=Cardiologist&referrer=doctor_listing&page_uid=35de821a-5444-4440-8299-de14337ddbb3,Dr. A.M. Karthigesan,Cardiologist,MBBS,The Tamil Nadu Dr. M.G.R. Medical University (TNMGRMU),1997,MD - General Medicine,NAGUR UNIVERSITY,2000,27,Chennai,Greams Road,Hospital,Apollo Hospital,1500,"Dr Karthigesan A M is an esteemed cardiologist with over 17 years of experience in treating heart-related conditions. His impressive educational background includes an MBBS, MD, DNB in General Medicine, and DNB in Cardiology. Dr Karthigesan is an active member of the Indian Medical Association (IMA), the Medical Council of India, the Cardiological Society of India, the Indian Heart Rhythm Society, and the European Heart Rhythm Association, among others. Dr Karthigesan A is known for treating conditions like heart attacks, heart failure, aortic stenosis, arrhythmias, and high blood pressure. As a cardiologist, Dr Karthigesan M performs various procedures, including angioplasty, installing pacemakers, echocardiograms, and stress tests. His practice is based at Apollo Hospitals Greams Road in Chennai and the consultation fees start from Rs. 1000. Discounts may be applicable",100,5,5,1734452199703,6
28,3,727927,619898,1129485,https://imagesx.practo.com/providers/dr-ramakrishnan-g-cardiologist-chennai-ef5d658b-278c-4749-a72e-1d8507b6b762.jpg,/chennai/doctor/dr-ramakrishnan-g-cardiologist?practice_id=1129485&specialization=Cardiologist&referrer=doctor_listing&page_uid=35de821a-5444-4440-8299-de14337ddbb3,Dr. Ramakrishnan.G,Cardiologist,MBBS,Madras University,1992,DNB - General Surgery,K.J Hospital,1996,27,Chennai,Vanagaram,Hospital,Apollo Speciality Hospital,1000,,,0,0,1734452199704,7
29,3,842262,590950,792837,https://imagesx.practo.com/providers/dr-viginesh-thanikgaivasan-interventional-cardiologist-chennai-e22286fa-e07d-4989-a688-0cccbf7dc6da.jpg,/chennai/doctor/dr-viginesh-thanikgaivasan-cardiologist-1?practice_id=792837&specialization=Cardiologist&referrer=doctor_listing&page_uid=35de821a-5444-4440-8299-de14337ddbb3,Dr. Viginesh Thanikgaivasan,Cardiologist,MBBS,"Sri Ramachandra University, Chennai",2003,MD - General Medicine,"Sri Ramachandra University, Chennai",2008,21,Chennai,Greams Road,Hospital,Apollo Hospital,1000,"Dr. Vignesh Thanikgaivasan, a distinguished Cardiologist affiliated with Apollo Hospitals on Greams Road, Chennai, brings over a decade of expertise to his practice. Specializing in complex coronary interventions, both elective and emergent, as well as procedures like intra-aortic balloon pump insertions and pericardiocentesis, Dr. Thanikgaivasan is recognized for his proficiency in managing intricate cardiac cases. His extensive range of services encompasses Electrocardiography (ECG), Echocardiography, Stress Echo, Coronary Angiogram, Angioplasty and Stenting, Pacemaker Implantation, Cardiac Rehabilitation, Hypertension Treatment, and Chest Pain Treatment, among others. Dr. Thanikgaivasan is dedicated to providing comprehensive care to his patients, including diagnostic procedures such as Treadmill Test - TMT, Ambulatory Blood Pressure Monitoring, and Non-Invasive Cardiology. Actively engaged in his field, Dr. Thanikgaivasan regularly attends interventional conferences and is a member of esteemed medical organizations like the Interventional Council European Society of Cardiology and the Cardiological Society of India. Dr. Vignesh Thanikgaivasan, a respected Cardiologist at Apollo Hospitals Greams Road, Chennai, boasts 11 years of experience and holds qualifications including MBBS, MD (Gen Med), DM (Cardiology), AFAPSIC, FIMSA. His expertise spans various cardiac conditions such as Dilated cardiomyopathy, Acute Aortic Dissection, and Cardiovascular Emergencies, offering a comprehensive array of services tailored to meet patients' cardiac needs.",100,17,17,1734452199704,8
31,4,600829,619881,1158991,https://imagesx.practo.com/providers/dr-arul-e-d-cardiologist-chennai-a6990283-0305-4fcf-9bd3-b2e062086592.jpg,/chennai/doctor/dr-arul-e-d-cardiologist?practice_id=1158991&specialization=Cardiologist&referrer=doctor_listing&page_uid=f1f5914a-a51c-4c7c-8008-0b211bf57e38,Dr. Arul E D,Cardiologist,MBBS,Sri Ramachandra medical institiute,2001,MD - General Medicine,Annamalai univerisity,2006,23,Chennai,OMR Road,Hospital,Apollo Speciality Hospitals O M R,1000,,91,11,10,1734452201105,0
32,4,934915,1150911,1468004,https://imagesx.practo.com/providers/dr-liju-antony-cardiologist-chennai-9f965381-18b9-4da5-8adf-8318e4dd9815.jpg,/chennai/doctor/liju-antony-cardiologist?practice_id=1468004&specialization=Cardiologist&referrer=doctor_listing&page_uid=f1f5914a-a51c-4c7c-8008-0b211bf57e38,Dr. Liju Antony,Cardiologist,MBBS,The Tamil Nadu Dr. M G R Medical Univeristy,2014,MD - General Medicine,The Tamil Nadu Dr. M G R Medical Univeristy,2020,10,Chennai,Periyar Nagar,Clinic,Dr. Antony's Cardio Diabetic Centre,750,"Dr Liju is a Consultant and Interventional Cardiologist. He completed his under graduation from the prestigious Madras medical College. He went on to do his MD in General medicine from Stanley medical College and continued with DM Cardiology from Stanley medical College. He is working as Assistant professor of Cardiology in Kalaignar Centenary Superspeciality Hospital, Guindy at present.Dr Liju is also a visiting consultant at Apollo Spectra(MRC nagar& Alwarpet ),Medway Heart Institute, Meridian Hospital(Kolathur), Prashanth Hospital (Kolathur), Eswar Medical foundation(Kolathur) .",,0,0,1734452201106,1
33,4,600845,619889,1158991,https://imagesx.practo.com/providers/dr-madhu-prabhu-doss-cardiologist-chennai-2cf060a1-8bd4-4532-9399-de3d7112b763.jpg,/chennai/doctor/dr-madhuprabhudoss-cardiologist?practice_id=1158991&specialization=Cardiologist&referrer=doctor_listing&page_uid=f1f5914a-a51c-4c7c-8008-0b211bf57e38,Dr. Madhu Prabhu Doss,Cardiologist,MBBS,Stanley Medical College,2000,MD - General Medicine,Stanley Medical College,2003,24,Chennai,OMR Road,Hospital,Apollo Speciality Hospitals O M R,1000,"Dr. Madhu Prabhudoss is a highly esteemed cardiologist with over two decades of experience, serving patients at Apollo Specialty Hospitals OMR in Chennai. Dr. Madhu's extensive medical qualifications include MBBS, MD, and DM in Cardiology, providing him with a solid foundation to address a wide range of cardiac conditions. With a focus on delivering comprehensive care, Dr. Madhu offers a diverse array of services tailored to address various cardiac ailments. His expertise covers a spectrum of conditions, including Barth Syndrome, Dilated Cardiomyopathy, Irregular Heartbeat, Orthostatic Hypotension, Patent Foramen Ovale, and more. Dr. Madhu's dedication to cardiac health extends beyond treatment to encompass preventive measures and preoperative care. He specializes in preventive care for heart and lung diseases, screening for coronary artery and valvular heart diseases, and managing cardiovascular emergencies. Patients under Dr. Madhu's care benefit from his holistic approach to cardiac health, which includes ambulatory blood pressure monitoring, cardiac rehabilitation, and management of cardiovascular emergencies. His commitment to providing personalized care ensures that each patient receives the attention and treatment necessary for their specific condition. With his wealth of experience and unwavering dedication to patient well-being, Dr. Madhu Prabhudoss stands as a respected figure in the field of cardiology, making him a trusted healthcare provider for individuals seeking cardiac care in Chennai and beyond.  ",100,3,3,1734452201105,2
34,4,553335,543901,792837,https://imagesx.practo.com/providers/dr-k-dhamodaran-cardiologist-chennai-91562181-910b-4528-a70a-adc4006b44fb.jpg,/chennai/doctor/k-dhamodaran-cardiologist?practice_id=792837&specialization=Cardiologist&referrer=doctor_listing&page_uid=f1f5914a-a51c-4c7c-8008-0b211bf57e38,Dr. K Dhamodaran,Cardiologist,MBBS,"Kilpauk Medical College, Chennai",1995,MD - General Medicine,"Stanley Medical College & Hospital , Chennai",1999,29,Chennai,Greams Road,Hospital,Apollo Hospital,1000,"Dr. Damodaran is a renowned Interventional Cardiologist in Chennai and across the country. With his DM in Cardiology from Madras Medical College and Research Institute (Dr. MGR Medical University) and over 13 years of a highly proficient experience in Interventional Cardiologist, he brings with him, an unparalleled expertise and caliber in interventional cardiac procedures. His expertise in Interventional Cardiologist is reflected in his Postdoctoral Fellowship in National Board (FNB) from Escorts Heart Institute, Delhi. He is also a Fellow of European Society of Cardiology (FESC) and the Fellow of Society of Coronary Angiography and Intervention (FSCAI) (USA).  Dr. Dhamodaran is currently working as the senior consultant Interventional Cardiologist in Apollo Hospitals, Greams Road- a Multi super-specialty hospital in the center of Chennai. He also practices in Sidharam Multispeciality Clinic in Adyar in the evening. He believes in the philosophy of group-practice and teamwork, and heads a team of 5 cardiologists and a surgeon, and oversees the work of the entire team. Currently, he and his group, perform about 1500 diagnostic procedures and  500 interventional procedures in a year. The quality of the resonating teamwork is evident in the smile and satisfaction of the patients.  His prowess as an efficient department head was seen when he established the Cardiology and Interventional Cardiology Department in Billroth Hospitals, Shenoy Nagar in 2006, and oversaw the team, the department, and the hospital grows into a high-volume tertiary care cardiac-center over 7 years. Prior to this remarkable stint, he has worked in MIOT Hospitals, Lifeline Hospital OMR, Frontier Lifeline (Dr. KM Cherian Hospital) and also in Apollo Samudra Hospital in Kakinada.  He has authored and co-authored credible publications, both in the National and International arena. He has award-winning presentations in national level conferences. His research endeavors are reflected in him being a Ph.D. Guide in the Periyar Maniammai University of Tanjore. He also continuously trains young cardiologists in the field of Interventional Cardiologist by conducting series of CMEs and workshops in association with international experts. He was instrumental in the formation of Tamil Nadu Interventional Cardiology Council( TIC ), a forum for Cardiology Interventional community across the state in the year 2013 and served as joint secretary for two consecutive years and successfully conducted TIC Conferences in 2013 and 2014. In the interest of the general physicians, he established PCR Cardiometabolic forum in 2007 - an academic forum which conducts regular CMEs and other academic activities since its inception.  To increase public awareness about cardiovascular health, he has been running a Preventive Cardiology Clinic which has diagnostic and rehabilitation programs, from which interventional cases are translated to hospital settings. As a part of community outreach, he has conducted and has been an active part of many health-check camps and awareness campaigns in various districts across the state spanning over the past 10 years. Dr. Damodaran believes in a two-pronged approach that encompasses both expertise and empathy.",50,2,1,1734452201105,3
35,4,701460,532627,1273181,https://imagesx.practo.com/providers/dr-anantharaman-rajaram-interventional-cardiologist-chennai-7fc064c7-f689-4f5d-8d33-41fd516f268a.jpg,/chennai/doctor/dr-rajaram-anatharaman-cardiologist-cardiologist?practice_id=1273181&specialization=Cardiologist&referrer=doctor_listing&page_uid=f1f5914a-a51c-4c7c-8008-0b211bf57e38,Dr. Anantharaman Rajaram,Cardiologist,MBBS,"Stanley Medical College & Hospital , Chennai",1995,MRCP (UK),"Royal College Of Physician, London",1998,29,Chennai,Anna Nagar,Clinic,A R Heart Clinic,1000,"Dr. Anantharaman Rajaram ha done MBBS, MRCP (UK), CCT - Cardiology Graduated from Stanley Medical College in 1995 Postgraduate training in UK since 1996, completed MRCP(UK)  in 1998 Research MD at University of Liverpool (UK) Interventional Cardiology Fellowship Swansea/Cardiff (UK)  FRCP(UK) CCT Cardiology (UK)",100,31,15,1734452201105,4
36,4,437245,494300,792837,https://imagesx.practo.com/providers/dr-sengottu-velu-cardiologist-chennai-357b94e5-13f9-4704-b01a-022effd65b24.jpg,/chennai/doctor/sengottu-velu-cardiologist?practice_id=792837&specialization=Cardiologist&referrer=doctor_listing&page_uid=f1f5914a-a51c-4c7c-8008-0b211bf57e38,Dr. Sengottu Velu,Cardiologist,MBBS,"Madras University, Chenai, India",1992,MD - General Medicine,"Manipal Academy Of Higher Education, Manipal, India",1996,32,Chennai,Greams Road,Hospital,Apollo Hospital,1500,,67,3,1,1734452201105,5
37,4,856981,678908,677031,https://imagesx.practo.com/providers/dr-epari-satish-kumar-cardiologist-chennai-25b6befb-1478-4ee3-96e6-3c129b8e6995.jpg,/chennai/doctor/dr-epari-satish-kumar-cardiologist-1?practice_id=677031&specialization=Cardiologist&referrer=doctor_listing&page_uid=f1f5914a-a51c-4c7c-8008-0b211bf57e38,Dr. Epari Satish Kumar,Cardiologist,MBBS,"MKCG Medical College, Berhampur, Orissa",1995,MD - General Medicine,"MKCG Medical College, Berhampur, Orissa",1999,29,Chennai,Anna Nagar,Clinic,Chennai Heart Clinic,800,,100,5,4,1734452201105,6
38,4,670243,583252,657002,https://imagesx.practo.com/providers/dr-m-seetha-cardiologist-chennai-65e80a3c-cea7-4dde-8755-618f36722e14.jpg,/chennai/doctor/dr-m-seetha-cardiologist?practice_id=657002&specialization=Cardiologist&referrer=doctor_listing&page_uid=f1f5914a-a51c-4c7c-8008-0b211bf57e38,Dr. M Seetha,Cardiologist,MBBS,"Kilpauk Medical College, Chennai",2005,MD - General Medicine,"Kilpauk Medical College, Chennai",2009,18,Chennai,T Nagar,Hospital,Bharathirajaa Hospital,1300,,92,24,8,1734452201105,7
39,4,437226,494288,792837,https://imagesx.practo.com/providers/dr-rajeshwari-nayak-cardiologist-chennai-edce7d57-88c5-42bc-97cb-bc6a3192483b.jpg,/chennai/doctor/rajeshwari-nayak-cardiologist?practice_id=792837&specialization=Cardiologist&referrer=doctor_listing&page_uid=f1f5914a-a51c-4c7c-8008-0b211bf57e38,Dr. Rajeshwari Nayak,Cardiologist,MBBS,Gulburga University,1992,DNB - Cardiology,"National Board of Examination, India",2001,27,Chennai,Greams Road,Hospital,Apollo Hospital,1000,"Dr Rajeshwari Nayak is an esteemed cardiologist with over 24 years of experience in Chennai. Dr Nayak holds an MBBS and DNB in Medicine and Cardiology and has completed fellowships in Heart Failure and Echocardiography from Australia. Additionally, she is a Fellow of the Royal College of Physicians in Glasgow, a Fellow of the American College of Cardiology, a Fellow of the European Society of Cardiology and a Fellow of the Cardiological Society of India. An Adj. Professor at AHERF, Dr Rajeshwari is also a respected member of the Indian Medical Association. Dr Rajeshwari Nayak is known for treating conditions like heart failure, irregular heartbeats, high blood pressure, acute aortic dissection and valvular heart disease. Dr Rajeshwari Nayak is adept at performing various cardiological procedures such as angioplasty, echocardiograms, pacemaker implantation, stress tests and cardiac catheterisation. Practising at Apollo Hospitals Greams Road, Chennai, Tamil Nadu, Dr Nayak provides top-tier cardiac care to her patients. For those seeking expert consultation for heart-related issues, Dr Rajeshwari Nayak's consultation fees start from Rs.1000. Discounts may be applicable. ",100,2,1,1734452201105,8
40,4,746765,640192,1158991,https://imagesx.practo.com/providers/dr-siva-muthukumar-cardiologist-chennai-fbebf745-e81e-4ff6-b8fc-fd45cfedeb50.jpg,/chennai/doctor/dr-siva-muthukumar-cardiologist-1?practice_id=1158991&specialization=Cardiologist&referrer=doctor_listing&page_uid=f1f5914a-a51c-4c7c-8008-0b211bf57e38,Dr. Siva Muthukumar,Cardiologist,MBBS,"Kilpauk Medical College, Chennai",1997,MCh - Cardio Thoracic Surgery,Madurai Medical College,2006,26,Chennai,OMR Road,Hospital,Apollo Speciality Hospitals O M R,1000,"A cardiovascular surgeon of high repute, Dr Siva Muthukumar was Associate Professor at Sri Ramachandra University prior to joining SIMS Hospital. He has been trained by eminent surgeons and he has been part of molecular research and cell biology related to heart diseases. His special includes ECMO. Assist devices and Heart Transplant. ",,0,0,1734452201105,9
41,5,806562,978449,1156803,https://imagesx.practo.com/providers/dr-arun-kalyanasundaram-interventional-cardiologist-chennai-0fd966f5-3307-4369-bcff-4753308f9d90.jpg,/chennai/doctor/arun-kalyanasundaram-cardiologist?practice_id=1156803&specialization=Cardiologist&referrer=doctor_listing&page_uid=71bb6192-6c3b-4e9c-8028-75a7b792048b,Dr. Arun Kalyanasundaram,Cardiologist,MBBS,"Madras Medical College, Chennai",1999,Diplomate in Cardiovascular Disease,American Board of Family Medicine,2009,24,Chennai,Kottivakkam,Hospital,Promed Hospital,1500,"Dr Arun Kalyanasundaram MD has been appointed as APCTO Director in India ,  as a recognized leader in the field of Cardiology, specifically Chronic Total Occlusion Interventions (100% heart blockage) in the US and globally. He trained at leading institutions in the USA including Cleveland Clinic (ranked #1 in cardiology for the last 23 years).   Most recently, he served as the head of the CTO PCI program at Swedish Medical center, Seattle, USA, and is the former chief of cardiology at Highline Medical Center, Seattle, USA. He is a consultant to several companies in the field of CTOs and is one of the most widely sought out proctors for teaching this procedure within the US and internationally, and is extensively published in this field. Besides holding an academic appointment at the University of Washington, Seattle, he has been a full time proctor for CTOs in the Asia-Pacific region and has helped disseminate the “Hybrid CTO” approach.   Presently, he sees patients in India in 2 locations.   New Delhi: Fortis Escorts Heart Institute where he is Director, Interventional Cardiology  and Head, CTO PCI program.   Chennai: Promed Multi Speciality & Diagnostic Centre  Areas of Expertise: Complex coronary angioplasty, calcified vessels, bifurcations, 100% blockages, Atherectomy, laser angioplasty, rotational Atherectomy.",91,11,9,1734452202232,0
42,5,841580,747214,1006874,https://imagesx.practo.com/providers/dr-kirubakaran-cardiologist-chennai-25028e2d-7494-40b7-898e-30b2c923b9b2.jpg,/chennai/doctor/dr-kirubakaran-1-cardiologist?practice_id=1006874&specialization=Cardiologist&referrer=doctor_listing&page_uid=71bb6192-6c3b-4e9c-8028-75a7b792048b,Dr. Kirubakaran,Cardiologist,MBBS,The Tamil Nadu Dr. M.G.R. Medical University (TNMGRMU),2002,MD - General Medicine,"Barkatulla University, Bhopal",2007,22,Chennai,Kilpauk,Hospital,Apollo First Med Hospitals,1500,"Dr. Kirubakaran is a Cardiologist in T Nagar, Chennai and has an experience of 6 years in this field. Dr. Kirubakaran practices at Apollo Medical Center in T Nagar, Chennai. He completed MBBS from The Tamil Nadu Dr. M.G.R. Medical University (TNMGRMU) in 2002,MD - General Medicine from Barkatulla University, Bhopal in 2007 and DNB - Cardiology from National Board Of Examination in 2011. He is a member of Tamilnadu Medical Council.",100,2,2,1734452202233,1
43,5,600830,619883,1158991,https://imagesx.practo.com/providers/dr-m-kathiresan-cardiologist-chennai-d8c07b2c-de19-4802-8232-86f64b0f5952.jpg,/chennai/doctor/dr-m-kathiresan-cardiologist?practice_id=1158991&specialization=Cardiologist&referrer=doctor_listing&page_uid=71bb6192-6c3b-4e9c-8028-75a7b792048b,Dr. M Kathiresan,Cardiologist,MBBS,Dr. Mgr Medical University,1998,MD - General Medicine,Dr. Mgr Medical University,2003,26,Chennai,OMR Road,Hospital,Apollo Speciality Hospitals O M R,700,"Dr. M.Kathiresan is a best Cardiologist in Velacheri, Chennai. He has over 11 years of experience as a Cardiologist. Dr. M.Kathiresan also specializes in Cardiologist, Interventional Cardiologist. He has done MBBS, MD - General Medicine, DM - Cardiology. He is a member of Cardiology Society of India (CSI), Tamil Nadu Interventional Council (TIC), Association of Physicians of India (API). Dr. M.Kathiresan currently practising at MK Heart Clinic in Velacheri, Chennai. Doctor bestway communicate in English, Hindi with their patients. Dr. M.Kathiresan offers a number of medical services include Echocardiogram, Treadmill Test - TMT, Primary Angioplasties, Pacemaker Implantation, Left Main Stenting and many more.",100,2,1,1734452202225,2
44,5,599563,618629,1158583,https://imagesx.practo.com/providers/dr-musthafa-janeel-cardiologist-chennai-9262891c-7120-495e-a004-9b907df06faa.jpg,/chennai/doctor/dr-musthafa-janeel-cardiologist?practice_id=1158583&specialization=Cardiologist&referrer=doctor_listing&page_uid=71bb6192-6c3b-4e9c-8028-75a7b792048b,Dr. Musthafa Janeel,Cardiologist,MBBS,"Kasturba medical college, Mangalore, Manipal academy of Higher",2003,MS - General Surgery,"Bangalore medical college, Bangalore university",2007,21,Chennai,Thousand Lights,Hospital,Apollo Children's Hospitals,1000,,,0,0,1734452202225,3
45,5,420394,480239,983116,https://imagesx.practo.com/providers/dr-harikrishnan-parthasarathy-cardiologist-chennai-af1d53fc-04f9-45e6-81de-5146555140ee.jpg,/chennai/doctor/harikrishnan-parthasarathy-cardiologist?practice_id=983116&specialization=Cardiologist&referrer=doctor_listing&page_uid=71bb6192-6c3b-4e9c-8028-75a7b792048b,Dr. Harikrishnan Parthasarathy,Cardiologist,MBBS,The Tamil Nadu Dr. M.G.R. Medical University (TNMGRMU),1996,MD - General Medicine,The Tamil Nadu Dr. M.G.R. Medical University (TNMGRMU),1999,28,Chennai,Koyambedu,Clinic,Shri Krishnasai Clinic,800,"Dr Harikrishnan Parthasarathy is a leading cardiologist in Chennai.  He has extensive experience in general and Interventional Cardiology. He obtained his MBBS and  MD degrees from Stanley Medical College in Chennai. Then trained in UK &  obtained MD Cardiovascular Research degree from University of Dundee, Scotland,  UK. He obtained his Interventional Cardiology training from Cambridge UK.  Then he further obtained Advanced Interventional Cardiology Fellowship from St Michael’s hospital Toronto Canada. He further had Advanced Structural TAVI fellowship from Morriston Hospital Swansea UK. He is a proficient and safe operator in various Complex Coronary and Cardiac Interventions including Left Main, Bifurcation PCI,CTO PCI, Rotablation,  Orbital atherectomy, Impella Artificial Heart support, OCT, IVUS, FFR, ASD device closures, Pacemakers,  ICD, CRT devices. He is a certified TAVI operator for both Balloon and Self Expanding TAVI valves. He is a certified Proctor for Meril TAVI valves.",98,318,240,1734452202225,4
46,5,884087,1091573,1441117,https://imagesx.practo.com/providers/dr-binoy-john-cardiologist-chennai-3d08059f-fbc0-406f-94bd-386d863afe78.jpg,/chennai/doctor/dr-binoy-john-cardiologist-1?practice_id=1441117&specialization=Cardiologist&referrer=doctor_listing&page_uid=71bb6192-6c3b-4e9c-8028-75a7b792048b,Dr. Binoy John,Cardiologist,MBBS,"Mangalore University, Karnataka, India",1995,DM - Cardiology,Sri Rama Chandra University Porur,2004,28,Chennai,Red Hills,Hospital,RIMS Hospital,1000,,,0,0,1734452202233,5
47,5,348757,422258,1132595,https://imagesx.practo.com/providers/dr-i-sathyamurthy-cardiologist-chennai-168cfaf2-98df-4ee6-a6c6-ff0ca4bd2126.jpg,/chennai/doctor/dr-i-sathyamurthy-cardiologist?practice_id=1132595&specialization=Cardiologist&referrer=doctor_listing&page_uid=71bb6192-6c3b-4e9c-8028-75a7b792048b,Dr. I Sathyamurthy,Cardiologist,MBBS,"Government Medical College, Aurangabad Maharashtra",1972,MD - General Medicine,Marathawada University,1975,52,Chennai,Alwarpet,Hospital,Apollo Spectra Hospital,1000,"Dr Sathyamurthy I is a highly experienced Cardiologist in Chennai with over 40 years of expertise in the field. He holds an MD, DM, FACC, FRCP, and DSC in Cardiology. He is a member of the prestigious American College of Cardiology. Dr Sathyamurthy I is known for treating conditions like chest pain during exercise, irregular heartbeat, cardiac arrhythmias, Barth syndrome, and dilated cardiomyopathy. Dr Sathyamurthy is skilled in performing electrocardiograms (ECGs), echocardiograms, angioplasty, and pacemaker implantation. Dr Sathyamurthy practices at Apollo Hospitals Greams Road in Chennai, Tamil Nadu. For those seeking expert cardiac care, Dr Sathyamurthy's consultation fees start from Rs. 1500, making his care accessible and affordable. Discounts may be applicable.",88,24,15,1734452202225,6
48,5,196419,295160,1011230,https://imagesx.practo.com/providers/dr-vijit-k-cherian-cardiothoracic-surgeon-chennai-fca201cb-a5c2-451b-8e26-668865ba5cc7.jpg,/chennai/doctor/dr-vijit-k-cherian-general-surgeon?practice_id=1011230&specialization=Cardiologist&referrer=doctor_listing&page_uid=71bb6192-6c3b-4e9c-8028-75a7b792048b,Dr. Vijit K.Cherian,Cardiologist,MBBS,Seth G S Medical College Mumbai,1992,MS - General Surgery,Tata Memorial Hospital Mumbai,1995,32,Chennai,Manapakkam,Hospital,MIOT International Hospital,600,"Dr Vijit K.Cherian is a Director, Minimally invasive Cardiac Surgery & Heart Failure, Madras Medical Mission Hospital, Chennai. Extensive experience in the field of Cardiothoracic Surgery. Areas of interest include valve repairs, aortic aneurysm surgeries, transplant and thoracic procedures.",75,4,3,1734452202225,7
49,5,644093,678924,1011230,https://imagesx.practo.com/providers/dr-gopal-murugesan-cardiothoracic-surgeon-chennai-e4efd7fe-537c-4401-af61-003495afe6ce.jpg,/chennai/doctor/dr-gopal-murugesaan-cardiothoracic-surgeon?practice_id=1011230&specialization=Cardiologist&referrer=doctor_listing&page_uid=71bb6192-6c3b-4e9c-8028-75a7b792048b,Dr. Gopal Murugesan,Cardiologist,MBBS,PSG Institute of Medical Science & Research,1997,MS - General Surgery,"Kilpauk Medical College, Chennai",2003,27,Chennai,Manapakkam,Hospital,MIOT International Hospital,800,,,0,0,1734452202232,8
50,5,619199,251209,1192041,https://imagesx.practo.com/providers/dr-prasad-g-n-interventional-cardiologist-chennai-e78a53fa-1926-4cfe-9e0d-c0a600d75c8c.jpg,/chennai/doctor/dr-prasad-g-n-cardiologist?practice_id=1192041&specialization=Cardiologist&referrer=doctor_listing&page_uid=71bb6192-6c3b-4e9c-8028-75a7b792048b,Dr. Prasad G N,Cardiologist,MBBS,Sri Venkateshwara University,1983,DNB - Cardiology,"National Board of Education, New Delhi",2003,34,Chennai,Vadapalani,Hospital,SIMS Hospital,1000,,100,15,9,1734452202232,9
52,6,581654,595448,677031,https://imagesx.practo.com/providers/dr-rangasamy-muthusamy-cardiologist-chennai-316b8b19-8704-4bcb-9ad1-1d70b27f7c1b.jpg,/chennai/doctor/dr-rangasamy-muthusamy-cardiologist?practice_id=677031&specialization=Cardiologist&referrer=doctor_listing&page_uid=1220a2bd-7678-4912-b0a5-e4e097dad255,Dr. Rangasamy Muthusamy,Cardiologist,MBBS,"Madras Medical College, Chennai",1979,MRCP (UK),"Royal Colleges Of Physicians,london, Uk",1985,45,Chennai,Anna Nagar,Clinic,Chennai Heart Clinic,600,"Dr. Muthusamy qualified from Madras Medical College in 1979. He has got more than 36 years of experience in the UK. His main specialty is Cardiology and has been working in the UK as a Consultant Cardiologist for over 26 years. He is trained in all aspects of Cardiology in premier institutions and in 1996, he set up a state of the art Cardiology Department at Rotherham General Hospital with all facilities like Modern CCU with telemetry, Catheterisation Lab, Echocardiography services, Pacing and Implantable Loop recorder services, imaging department including Nuclear, CT and Cine MR. He was the Head of the Department Of Cardiology and Clinical Lead at Rotherham General Hospital NHS Trust. He obtained his MRCP from Royal College of Physicians of London and Dublin, Fellowship (FRCP) from Royal College of Physicians of London and Edinburgh and has FACC from the American College of Cardiology. He was a Senior Lecturer at the Sheffield Medical School, University of Sheffield. He ran an extensive teaching program and taught medical students regularly, trained Junior Doctors, Specialist Registrars many of whom are working as Consultants at various centers around the UK and India now. He was an examiner for the undergraduates and still a post-graduate examiner for the UK. He set up a vibrant Cardiology Research Programme and was involved in various multi-center clinical trials both nationally and internationally and the results were published in various Journals including BMJ, EHJ, and JACC. He has also done his own research in Atrial Fibrillation, Testosterone in Angina, Depression following a Heart attack. He has published several papers in various peer-reviewed journals and presented his research (29 in Total) at both National and International Cardiovascular meetings.",100,13,8,1734452203337,1
54,6,858339,1053788,1011230,https://imagesx.practo.com/providers/dr-meenakshi-m-s-interventional-cardiologist-bangalore-77320c70-5bc7-41ad-ae02-1c6e2ac558e8.jpg,/chennai/doctor/dr-meenakshi-m-s-cardiologist?practice_id=1011230&specialization=Cardiologist&referrer=doctor_listing&page_uid=1220a2bd-7678-4912-b0a5-e4e097dad255,Dr. Meenakshi M S,Cardiologist,MBBS,The Tamil Nadu Dr. M.G.R. Medical University (TNMGRMU),2000,MD - Pediatrics,The Tamil Nadu Dr. M.G.R. Medical University (TNMGRMU),2008,23,Chennai,Manapakkam,Hospital,MIOT International Hospital,800,,100,1,1,1734452203338,3
55,6,717702,850838,1132595,https://imagesx.practo.com/providers/dr-avinash-jayachandran-interventional-cardiologist-chennai-e7892d36-452f-41f8-b229-9002b034c224.jpg,/chennai/doctor/dr-avinash-jayachandran-cardiologist?practice_id=1132595&specialization=Cardiologist&referrer=doctor_listing&page_uid=1220a2bd-7678-4912-b0a5-e4e097dad255,Dr. Avinash Jayachandran,Cardiologist,MBBS,RMMCH,2009,MD - General Medicine,RMMCH,2012,12,Chennai,Alwarpet,Hospital,Apollo Spectra Hospital,700,,100,1,1,1734452203338,4
56,6,437258,494308,792837,https://imagesx.practo.com/providers/dr-abraham-oomman-cardiologist-chennai-271c126f-a587-45ca-ab33-7fe5cd7dde88.jpg,/chennai/doctor/abraham-oomman-cardiologist?practice_id=792837&specialization=Cardiologist&referrer=doctor_listing&page_uid=1220a2bd-7678-4912-b0a5-e4e097dad255,Dr. Abraham Oomman,Cardiologist,MBBS,"Mahatma Gandhi University, Kerala",1991,MD - General Medicine,"Mahatma Gandhi University, Kerala",1994,33,Chennai,Greams Road,Hospital,Apollo Hospital,1500,"Dr. Abraham Oomman, a distinguished cardiologist with 20 years of experience, is affiliated with Apollo Hospitals Greams Road in Chennai. Dr. Oomman, an expert in various cardiac conditions, is particularly renowned for his proficiency in managing heart failure, dyslipidemia, coronary artery disease, hypertension, and atrial fibrillation. His extensive career includes over 50 Randomized Controlled Trials (RCTs) as a principal investigator, and he has authored more than 70 research studies and papers. Offering a comprehensive range of services, Dr. Oomman ensures top-notch cardiac care for his patients. His expertise encompasses various diagnostic procedures such as Electrocardiography (ECG), Echocardiography, Stress Echo, Pulmonary Function Test (PFT), Coronary Angiogram, and therapeutic interventions including Angioplasty and Stenting, Pacemaker Implantation, and Cardiac Rehabilitation. Patients under the care of Dr. Abraham Oomman benefit from his commitment to staying at the forefront of advancements in cardiology. His treatment modalities cover a wide spectrum, including arrhythmia management, valve repair, coronary artery bypass grafting, and hypertriglyceridemia. As a trusted practitioner, Dr. Oomman emphasizes preventive care, personalized treatment plans, and cutting-edge procedures to ensure the well-being of his patients. His dedication to the field of cardiology has solidified his reputation as one of the best cardiologists in Chennai.  If you're in need of a cardiologist  in your area, Dr. Abraham Oomman could be an excellent choice for personalized and top-notch medical attention.",90,10,5,1734452203337,5
57,6,358671,429249,1134530,https://imagesx.practo.com/providers/dr-cecily-mary-majella-cardiologist-chennai-21fbc56e-f33d-45ce-8730-a2841ffee604.jpg,/chennai/doctor/dr-cecily-mary-majella-cardiologist?practice_id=1134530&specialization=Cardiologist&referrer=doctor_listing&page_uid=1220a2bd-7678-4912-b0a5-e4e097dad255,Dr. Cecily Mary Majella,Cardiologist,MBBS,Madurai Medical College,1996,MD - General Medicine,Madurai Medical College,2003,28,Chennai,MRC Nagar,Hospital,Apollo Spectra Hospitals,500,,100,1,1,1734452203337,6
58,6,619200,490592,1192041,https://imagesx.practo.com/providers/dr-pramod-kumar-jaiswal-cardiologist-chennai-158a9eb5-c4aa-4a4c-881a-ec82777a80f1.jpg,/chennai/doctor/pramod-kumar-jaiswal-cardiac-surgeon?practice_id=1192041&specialization=Cardiologist&referrer=doctor_listing&page_uid=1220a2bd-7678-4912-b0a5-e4e097dad255,Dr. Pramod Kumar Jaiswal,Cardiologist,MBBS,"Gandhi Medical College, Bhopal",1982,MD - General Medicine,"Gandhi Medical College, Bhopal",1985,37,Chennai,Vadapalani,Hospital,SIMS Hospital,1000,Dr.Pramod Kumar Jaiswal specializes in cardiology. He has more than 20 years of experience as interventional cardiologist involved in DNB training. Currently associated with SIMS Hospital Chennai he has presented complex interventional cases in TCT Asia Pacific conference at Seoul in 2005 and 2006.He has several research publications in the field of cardiology. His area of expertise lies in transradial coronary intervention  peripheral vascular disease intervention  interventions for structural heart disease and pacemaker implantation.,100,23,9,1734452203337,7
59,6,858325,1052001,1011230,https://imagesx.practo.com/providers/dr-vijay-m-balaji-cardiologist-chennai-3ae45a96-0a65-48f1-abf5-60ca3ac0479e.jpg,/chennai/doctor/dr-vijay-m-balaji-cardiologist?practice_id=1011230&specialization=Cardiologist&referrer=doctor_listing&page_uid=1220a2bd-7678-4912-b0a5-e4e097dad255,Dr. Vijay M Balaji,Cardiologist,MBBS,The Tamil Nadu Dr. M.G.R. Medical University (TNMGRMU),2000,MD - General Medicine,The Tamil Nadu Dr. M.G.R. Medical University (TNMGRMU),2005,23,Chennai,Manapakkam,Hospital,MIOT International Hospital,800,,,0,0,1734452203338,8
60,6,876647,365987,1000657,https://imagesx.practo.com/providers/dr-gnanavelu-g-cardiologist-chennai-4844226b-b5ac-4060-a9e2-3ecaf2f89998.jpg,/chennai/doctor/dr-ganavelu-cardiologist?practice_id=1000657&specialization=Cardiologist&referrer=doctor_listing&page_uid=1220a2bd-7678-4912-b0a5-e4e097dad255,Dr. Gnanavelu.G,Cardiologist,MBBS,"Madras Medical College, Chennai",1985,MD - General Medicine,"Madras Medical College, Chennai",1988,39,Chennai,Kodambakkam,Hospital,Medway Heart Institute,1000,,100,5,2,1734452203338,9
61,7,729444,605274,1224581,https://imagesx.practo.com/providers/dr-narendra-kumar-v-interventional-cardiologist-chennai-92869036-f197-40ba-8e5b-5cc7c3de6183.jpg,/chennai/doctor/narendra-kumar-v-pediatrician?practice_id=1224581&specialization=Cardiologist&referrer=doctor_listing&page_uid=9b53252f-b031-49f6-9bb8-d8be31ed4101,Dr. Narendra Kumar V,Cardiologist,MBBS,Chengalpattu Medical College,2001,DM - Cardiology,"Madras Medical College, Chennai",2014,23,Chennai,Chromepet,Hospital,Dr. Rela Institute & Medical Centre,800,"Dr. Narendra Kumar V is an Interventional Cardiologist with special interests in Heart failure and Heart Transplant  in Tambaram East, Chennai and has an experience of 19 years overall in this field. Dr. Narendra Kumar V practices at Sahana Heart and Diabetic Clinic, Selaiyur, Tambaram East, Chennai. He is attached to Dr. Rela Institute and Medical Centre, CLC works road, Chromepet, Chennai currently. He had been an Interventional Cardiologist for five years in Gleneagles Global Health City in Perumbakkam, Chennai. He completed MBBS from Chengalpattu Medical College ,DM - Cardiology from Madras Medical College, Chennai  and MD - Pediatrics from Thanjavur Medical College. He is versatile in managing all Acute heart attacks, Angioplasty and Stenting, Chronic heart diseases, Stable angina, Heart Failure, Valvular heart disease, Heart blocks, Pacemaker, ICD and CRT, Acute and Chronic Heart Failure, Pre and Post Heart Transplant Patients.",100,33,23,1734452204613,0
62,7,858335,1053754,1011230,https://imagesx.practo.com/providers/dr-shyam-kumar-gandhi-cardiologist-bangalore-209a2828-f744-45b5-bfbb-ef46cf1eb6c3.jpg,/chennai/doctor/dr-shyam-kumar-gandhi-cardiologist?practice_id=1011230&specialization=Cardiologist&referrer=doctor_listing&page_uid=9b53252f-b031-49f6-9bb8-d8be31ed4101,Dr. Shyam Kumar Gandhi,Cardiologist,MBBS,The Tamil Nadu Dr. M.G.R. Medical University (TNMGRMU),2008,MD - General Medicine,Pondicherry Institute of Medical Sciences and Research,2013,16,Chennai,Manapakkam,Hospital,MIOT International Hospital,800,,,0,0,1734452204613,1
63,7,621187,490550,1192041,https://imagesx.practo.com/providers/dr-k-subramanyan-cardiologist-chennai-7fc45d29-e7f2-4f50-91da-c9ed6f949e5d.jpg,/chennai/doctor/k-subramanyan-cardiologist?practice_id=1192041&specialization=Cardiologist&referrer=doctor_listing&page_uid=9b53252f-b031-49f6-9bb8-d8be31ed4101,Dr. K.Subramanyan,Cardiologist,MBBS,Bhopal University,1977,MD - Medicine,Bhopal University,1980,38,Chennai,Vadapalani,Hospital,SIMS Hospital,1000,,,0,0,1734452204612,2
64,7,877056,803191,1132595,https://imagesx.practo.com/providers/dr-a-n-ramesh-cardiologist-chennai-79c51aa7-8c9a-43d1-9f5f-abe4ea037359.jpg,/chennai/doctor/a-n-ramesh-cardiologist?practice_id=1132595&specialization=Cardiologist&referrer=doctor_listing&page_uid=9b53252f-b031-49f6-9bb8-d8be31ed4101,Dr. A N Ramesh,Cardiologist,MBBS,"Sri Ramachandra University, Chennai",2010,MD - General Medicine,Pondicherry Institute of Medical Sciences and Research,2015,6,Chennai,Alwarpet,Hospital,Apollo Spectra Hospital,800,"Dr. A N Ramesh is a postgraduate in Internal Medicine and Cardiology. He has extensive experience in the diagnosis and treatment of a wide range of cardiovascular conditions, such as angina pectoris, coronary heart disease, atherosclerosis, myocardial infarction, valvular heart diseases and several other disorders of the cardiovascular system. Currently, working in Humain Health - Nungambakkam.  ",,0,0,1734452204613,3
65,7,619198,225534,1192041,https://imagesx.practo.com/providers/dr-k-jayanthi-cardiologist-chennai-5c3e955a-807b-4e4a-a691-ae614e301983.jpg,/chennai/doctor/dr-jayanthi-cardiologist?practice_id=1192041&specialization=Cardiologist&referrer=doctor_listing&page_uid=9b53252f-b031-49f6-9bb8-d8be31ed4101,Dr. K Jayanthi,Cardiologist,MBBS,"Stanley Medical College & Hospital , Chennai",1986,MD - General Medicine,"Madras Medical College, Chennai",1991,38,Chennai,Vadapalani,Hospital,SIMS Hospital,1000,,92,12,6,1734452204612,4
66,7,876645,678930,1000657,https://imagesx.practo.com/providers/dr-k-jaishankar-cardiologist-chennai-76c1e0e4-6a0d-43e8-b770-f705f82fa1ca.jpg,/chennai/doctor/dr-k-jaishankar-cardiac-electrophysiologist?practice_id=1000657&specialization=Cardiologist&referrer=doctor_listing&page_uid=9b53252f-b031-49f6-9bb8-d8be31ed4101,Dr. K.Jaishankar,Cardiologist,MBBS,"Stanley Medical College & Hospital , Chennai",1991,MD - Medicine,"Devi Ahilya Vishwa Vidhyalaya, Indore, M.P.",1996,33,Chennai,Kodambakkam,Hospital,Medway Heart Institute,1000,"Dr. K. Jaishankar is Director and Mentor, Cardiology and Electrophysiology at MIOT International Hospitals, Manapakkam, Chennai, and has an experience of 27 years in his chosen field. Dr. Jaishankar completed MBBS from Stanley Medical College & Hospital, Chennai in 1991; MD from MGM Medical College in 1996; and DM - Cardiology from MAMC GB Pant Hospital, New Delhi in 2001. He is a Life Member of Cardiology Society, Indian Medical Association and Indian Heart Rhythm Society; and Fellow of the European Society of Cardiology and Indian Academy of Medical Specialties. Some of the services provided by Dr. Jaishankar are Implantable Cardioverter - Defibrillators (ICDs), Coronary Angiogram and Pacemaker Implantation. ",100,25,19,1734452204613,5
67,7,941059,291402,792837,https://imagesx.practo.com/providers/dr-srinivasan-k-n-cardiologist-chennai-2e8101df-60e7-41e1-b173-7e65a9575515.jpg,/chennai/doctor/dr-srinivasan-k-n-cardiologist?practice_id=792837&specialization=Cardiologist&referrer=doctor_listing&page_uid=9b53252f-b031-49f6-9bb8-d8be31ed4101,Dr. Srinivasan.K.N,Cardiologist,MBBS,The Tamil Nadu Dr. M G R Medical Univeristy,1993,MD - General Medicine,The Tamil Nadu Dr. M G R Medical Univeristy,1999,31,Chennai,Greams Road,Hospital,Apollo Hospital,1500,"Dr Srinivasan K N is a distinguished Cardiologist in Chennai with over 11 years of experience and holds an MD and DNB in Cardiology. He is also a member of the Indian Medical Association, Medical Council Of India, Cardiology Society Of India and, National Interventional Council Tamil Nadu. Dr Srinivasan K N is known for treating conditions like cardiac arrhythmias (irregular heartbeats), dilated cardiomyopathy (a disease of the heart muscle), orthostatic hypotension (sudden drop in blood pressure), and patent foramen ovale (a hole in the heart that didn't close after birth). His expertise extends to performing complex procedures such as cardiac catheterisation (a test to detect clogged arteries), angioplasty (a procedure to open blocked arteries), and stent implantation (to keep arteries open). Practising at Apollo Hospitals Greams Road, Thousand Lights, West Tamil Nadu, Chennai, Dr Srinivasan K N provides accessible and expert cardiology services.",100,4,0,1734452204613,6
68,7,621188,642519,1192041,https://imagesx.practo.com/providers/dr-t-s-srinath-cardiologist-chennai-7a8371be-4fd4-45cf-8db3-7b4abccc857b.jpg,/chennai/doctor/dr-t-s-srinath-cardiologist?practice_id=1192041&specialization=Cardiologist&referrer=doctor_listing&page_uid=9b53252f-b031-49f6-9bb8-d8be31ed4101,Dr. T S Srinath,Cardiologist,MBBS,Chengalpattu Medical College,1996,MD - General Medicine,"Madras Medical College, Chennai",2003,28,Chennai,Vadapalani,Hospital,SIMS Hospital,1000,,100,7,4,1734452204612,7
69,7,435560,492432,657002,https://imagesx.practo.com/providers/dr-v-rajesh-cardiothoracic-and-vascular-surgeon-chennai-3a1e503b-7acc-4441-8b0b-91d507108036.jpg,/chennai/doctor/v-rajesh-cardiac-surgeon?practice_id=657002&specialization=Cardiologist&referrer=doctor_listing&page_uid=9b53252f-b031-49f6-9bb8-d8be31ed4101,Dr. V Rajesh,Cardiologist,MBBS,The Tamil Nadu Dr. M.G.R. Medical University (TNMGRMU),1996,MS - General Surgery,Pondicherry University,2002,28,Chennai,T Nagar,Hospital,Bharathirajaa Hospital,1300,"Dr.V. Rajesh completed his M.S. General Surgery from JIPMER, Pondicherry. Subsequently he underwent training in Cardiothoracic and Vascular Surgery from GB Pant Hospital attached to Maulana Azad Medical College, New Delhi which he completed in 2006. Worked in high volume centres both in India and Overseas and has been involved in more than 8000 cardiac surgeries.   After his training in Cardiac surgery, Dr Rajesh worked as Junior Consultant at the Frontier Lifeline hospital with world renowned surgeon Dr. K. M. Cherian. Worked as Overseas fellow in both adult and paediatric cardiac surgery at the Westmead Children’s hospital and adult hospital. Aftera tenure of 2Years as Consultant Cardiothoracic Surgeon at Sri Ramachandra Medical centre, Chennai,joined Bharathirajaa Speciality Hospital as Chief Consultant Cardiothoracic Surgeon. He has extensive experience in the full spectrum of Cardiothoracic surgery including Beating heart Coronary bypass, valve replacements and repairs, congenital heart surgery, aortic surgery and thoracic procedures with a credential of 100% Success.He has published several papers  both national and international journals presented papers in various national conferences.   ",,0,0,1734452204607,8
70,7,729433,879263,1224581,https://imagesx.practo.com/providers/dr-ashok-kumar-aringondam-cardiologist-chennai-6ff01b2c-a170-4931-b3f1-e924a6a65ec9.jpg,/chennai/doctor/ashok-kumar-aringondam-cardiologist?practice_id=1224581&specialization=Cardiologist&referrer=doctor_listing&page_uid=9b53252f-b031-49f6-9bb8-d8be31ed4101,Dr. Ashok Kumar Aringondam,Cardiologist,MBBS,"Osmania Medical College, Hyderabad",2010,MD - General Medicine,"Osmania Medical College, Hyderabad",2014,14,Chennai,Chromepet,Hospital,Dr. Rela Institute & Medical Centre,800,,100,5,5,1734452204613,9
71,8,878942,1079970,1000657,https://imagesx.practo.com/providers/dr-karthik-sabapathi-interventional-cardiologist-chennai-2b993bd5-a6de-4aa6-88b9-f76b3d57c3bd.jpg,/chennai/doctor/karthik-sabapathi-cardiologist?practice_id=1000657&specialization=Cardiologist&referrer=doctor_listing&page_uid=27a7c2db-8736-410d-9290-1855a8fe1883,Dr. Karthik Sabapathi,Cardiologist,MBBS,"Thanjavur Medical College, Thanjavur",2011,MD - General Medicine,"Thanjavur Medical College, Thanjavur",2015,13,Chennai,Kodambakkam,Hospital,Medway Heart Institute,850,Consultant Interventional Cardiologist,,0,0,1734452205609,-1
72,8,878944,911017,1000657,https://imagesx.practo.com/providers/dr-salai-sudhan-prabu-interventional-cardiologist-chennai-018968a3-f260-4825-bd88-5f21610faf28.jpg,/chennai/doctor/salai-sudhan-prabu-cardiologist?practice_id=1000657&specialization=Cardiologist&referrer=doctor_listing&page_uid=27a7c2db-8736-410d-9290-1855a8fe1883,Dr. Salai Sudhan Prabu,Cardiologist,MBBS,"Government Vellore Medical College, Vellore",2012,DM - Cardiology,"Madras Medical College, Chennai",2020,12,Chennai,Kodambakkam,Hospital,Medway Heart Institute,850,"Consultant Interventional Cardiologist currently practicing at Medway Heart Institute, Kodambakkam, Chennai.",,0,0,1734452205610,-1
73,8,741095,812742,1192041,https://imagesx.practo.com/providers/dr-sanjai-p-v-cardiologist-chennai-4f805c83-438e-4c7a-a250-94527592624c.jpg,/chennai/doctor/dr-sanjai-cardiologist?practice_id=1192041&specialization=Cardiologist&referrer=doctor_listing&page_uid=27a7c2db-8736-410d-9290-1855a8fe1883,Dr. Sanjai P V,Cardiologist,MBBS,The Tamil Nadu Dr. M.G.R. Medical University (TNMGRMU),2009,MD - General Medicine,Darbhanga Medical College,2013,14,Chennai,Vadapalani,Hospital,SIMS Hospital,1000,"Dr. Sanjai is an outstanding Cardiologist having about 10 years of clinical practice. He has a stellar academic career and garnered many award and accolades for his excellent performance in the area of medicine, as well as extra-academic activities. Dr. Sanjai specializes in Cardioac-electrophysiology. He has performed about thousand EP studies during his practice span. He is skilled in Cardiac interventions such as Coronary angiogram and angioplasty, Peripheral angiolasty, ASD , VSD, PDA device closures and Pacemaker implant.",100,2,2,1734452205608,-1
74,8,842258,700267,792837,https://imagesx.practo.com/providers/dr-pramod-kumar-k-p-cardiologist-chennai-51a30dd0-7fff-4f75-9633-8c575bf41092.jpg,/chennai/doctor/dr-pramod-kumar-cardiologist-3?practice_id=792837&specialization=Cardiologist&referrer=doctor_listing&page_uid=27a7c2db-8736-410d-9290-1855a8fe1883,Dr. Pramod Kumar K P,Cardiologist,MBBS,University Of calicut,1987,MD - General Medicine,University Of calicut,1992,37,Chennai,Greams Road,Hospital,Apollo Hospital,1000,"Dr Pramod has been with Apollo Hospitals since 1995. He started out as an associate consultant, spent two years in Al Khaleej Apollo Clinic in Dubai as a consultant cardiologist, and was back in Apollo Hospital in Chennai as an interventional cardiologist. His key areas of interest are interventional cardiology echocardiography and heart failure management. He has completed more than 7500 interventional cardiac procedures and 1500 transoesophageal echocardiography procedures. In addition to his hectic schedule as a practising medical professional, he has been teaching postgraduate and DNB trainees for over 22 years. Dr Pramod completed his medical studies in Kerala after which he joined UCLA in Los Angeles where he completed his training in CT coronary angio procedures.",,0,0,1734452205609,-1
75,8,956601,1173589,1132595,https://imagesx.practo.com/providers/dr-radhapriya-yalamanchi-cardiologist-chennai-88abe69a-c1b3-4fac-8d0f-ea5c4acc0e8d.jpg,/chennai/doctor/dr-radhapriya-yalamanchi-cardiologist?practice_id=1132595&specialization=Cardiologist&referrer=doctor_listing&page_uid=27a7c2db-8736-410d-9290-1855a8fe1883,Dr. Radhapriya Yalamanchi,Cardiologist,MBBS,"JSS Medical College, Mysore",2011,DNB - Cardiology,National Board Of Examinatiion,2019,12,Chennai,Alwarpet,Hospital,Apollo Spectra Hospital,1000," Dr. Radha Priya Yalamanchi is a National Board certified  Cardiologist with over 7 years of specialized experience practicing at Apollo Spectra and Apollo Main hospitals, Chennai.   Dr. Radha is specialised in coronary angiograms, complex coronary angioplasty, post bypass angioplasty , calcium modification procedures like  rotablation , orbital atherectomy, laser atherectomy(ELCA). She is also well trained in pacemaker implantation, pericardiocentesis, right heart catheterisation, device closure (ASD/PFO) and transcatheter valve interventions. Her special interest  lies in heart failure management and pregnancy related heart diseases.  She is also certified in Renal Denervation, an advanced procedure  for treating uncontrolled hypertension.  Her patient-centric approach ensures personalized treatment plans tailored to each individual's health needs. She is an active member of several prestigious medical societies, reflecting her commitment to the field of cardiology. For comprehensive and advanced Cardiology care, schedule a consultation with Dr. Radha Priya at Apollo today. Benefit from her extensive experience and cutting-edge treatments for a wide range of cardiovascular conditions.              ",,,0,1734452205614,-1
76,8,941016,1157153,792837,https://imagesx.practo.com/providers/dr-vijayakumar-s-cardiologist-chennai-fa6d3ea6-3a5d-4e82-9ab7-896421ce0f5b.jpg,/chennai/doctor/dr-vijayakumar-s-cardiologist?practice_id=792837&specialization=Cardiologist&referrer=doctor_listing&page_uid=27a7c2db-8736-410d-9290-1855a8fe1883,Dr. Vijayakumar S,Cardiologist,MBBS,The Tamil Nadu Dr. M G R Medical Univeristy,1999,MD - General Medicine,The Tamil Nadu Dr. M G R Medical Univeristy,2004,25,Chennai,Greams Road,Hospital,Apollo Hospital,1500,,,,0,1734452205611,-1
