rank,page,id,doctor_id,practice_id,image_url,profile_url,doctor_name,specialization,qualification,college,completion_year,qualification,college,completion_year,experience_years,practice_city,practice_locality,practice_type,practice_name,consultation_fees,summary,recommendation_percent,patients_count,reviews_count,timestamp,position,
1,1,347883,494137,1134529,https://imagesx.practo.com/providers/dr-shoaib-padaria-fakhruddin-cardiologist-mumbai-3596fbf1-3df9-4f50-9832-73d2f6fa0c87.jpg,/mumbai/doctor/shoaib-padaria-cardiologist?practice_id=1134529&specialization=Cardiologist&referrer=doctor_listing&page_uid=f7475035-1c55-40f6-944f-7f162e5759a4,Dr. Shoaib Padaria Fakhruddin,Cardiologist,MBBS,King Edward Memorial Hospital and Seth Gordhandas Sunderdas Medical College,1982,MD - General Medicine,King Edward Memorial Hospital and Seth Gordhandas Sunderdas Medical College,1985,42,Mumbai,Tardeo,Hospital,Apollo Spectra Hospitals,1500,"Dr. Shoaib Padaria Fakhruddin is a leading vascular cardiologist with a remarkable experience of 31 years. In 2015 he led the Indian delegation to the International UIP Chapter meeting in Seoul, South Korea. He keeps himself abreast with the latest developments in vascular cardiology by constantly delivering guest lectures at prestigious medical institutes and conferences. He was elected as a Council Member of the Union Internationale Phlebology on account of his much sought after and eminent expertise.",82,17,12,1734453886690,1
2,1,668946,630402,708747,https://imagesx.practo.com/providers/dr-rajanikanth-c-r-cardiologist-mumbai-e5c8ff4e-bb95-42c8-b438-6052f8a4a853.jpg,/mumbai/doctor/dr-rajanikanth-c-r-cardiologist?practice_id=708747&specialization=Cardiologist&referrer=doctor_listing&page_uid=f7475035-1c55-40f6-944f-7f162e5759a4,Dr. Rajanikanth C. R.,Cardiologist,MBBS,"University Of Mysore, India",1986,MS - General Surgery,"University Of Mysore, India",1990,34,Mumbai,Chembur,Hospital,Surana Sethia Hospital and Research Center,1000,,100,10,0,1734453886691,2
3,1,700709,289338,982258,https://imagesx.practo.com/providers/dr-praveen-kulkarni-cardiologist-mumbai-3fc7e400-3893-4595-8d2b-7c1fbf1f13ff.jpg,/mumbai/doctor/praveen-kulkarni-1-cardiologist?practice_id=982258&specialization=Cardiologist&referrer=doctor_listing&page_uid=f7475035-1c55-40f6-944f-7f162e5759a4,Dr. Praveen Kulkarni,Cardiologist,MBBS,Rajiv Gandhi University of Health Sciences,2002,MD - Medicine,"POSTGRADUATE INSTITUTE OF MEDICAL  EDUCATION AND RESEARCH, CHANDIGARH",2007,22,Mumbai,Parel,Hospital,Gleneagles Hospitals,1850,,92,24,21,1734453886691,4
4,1,782866,556863,1350981,https://imagesx.practo.com/providers/dr-c-b-munjewar-cardiologist-mumbai-8566e034-f760-4f93-9127-a5ba6238e0f7.jpg,/mumbai/doctor/chandrashekhar-munjewar-cardiologist-1?practice_id=1350981&specialization=Cardiologist&referrer=doctor_listing&page_uid=f7475035-1c55-40f6-944f-7f162e5759a4,Dr. C. B. Munjewar,Cardiologist,MBBS,"Maharashtra Universtity of Health Sciences, Nashik",2006,MD - General Medicine,"Grant Medical College and Sir JJ Hospital, Mumbai",2009,18,Mumbai,Ghatkopar,Clinic,FirstHeart Cardiac Super Speciality Centre,1500,"Dr.C. B. Munjewar is a well-experienced and learned Cardiologist, trained under renowned experts. He is well known for his clinical approach and intervention expertise. Loved by patients because he spends enough time with every patient to their complete satisfaction. Quite an expert in procedures like echocardiography, angiography, angioplasty, pacemaker etc.",99,74,38,1734453886691,5
5,1,665542,237167,692922,https://imagesx.practo.com/providers/dr-nilesh-gautam-cardiologist-mumbai-3a890c31-2935-44ac-912e-56517d208a66.jpg,/mumbai/doctor/dr-nilesh-cardiologist?practice_id=692922&specialization=Cardiologist&referrer=doctor_listing&page_uid=f7475035-1c55-40f6-944f-7f162e5759a4,Dr. Nilesh Gautam,Cardiologist,MBBS,"Mahatma Gandhi Institute of Medical Sciences, Sewagram (MGIMS)",1994,MD - General Medicine,"BVMC ,Pune",2000,23,Mumbai,Mahim,Hospital,S L Raheja Fortis Hospital,1800,"Dr Nilesh completed MBBSin 1994.   Professional Experience:  Extensive experience in non-invasive investigational & interventional procedures  Has performed more than 5000 angiographies & over 1000 angioplasties  Primary investigator in international clinical trials on newer drugs in treatment of hypertension  Sub PI in various interventional clinical trials in newer stenting techniques & treatment modalities of coronary heart disease  Seminars presented on various topics during Clinical Departmental Cardiology Meetings (2000-2007)   His publications :  2004 is heparin necessary before coronary angiography n. Gautam, v. Surase, s. Karnade, s. Vaishnav, Asian heart institute, Mumbai.  Our experience with paclitaxel-eluting (taxus) stent – immediate and intermediate-term follow-up. N.Gautam, s. Rane, b. Shah, t.Suvarna, n. Burkule, a jain, r. Panda, s. Vaishnav, asian heart institute, and mumbai.  2005  use of sodabicarb & n acetyl cystiene in patients with high creatinine undergoing invasive procedure nilesh gautam, sudhir vaishnav, suniel karande, tilak suvarna  2006  the initial experience of using cardiac recovery system in patients with refractory cardiac failure s amit, s vaishnav, k rajeev, n gautam, v dsilva, asian heart institute.   2007       Tct web site case study - coronary aneurysm stenting during acute mioperator(s):  Dr. Sudhir vaishnav md dm, dr. Nilesh gautam, md, dm, dr. Tilak suvarna md, dm  2007.            Percutaneous transluminal catheter based coil embolisation of the septal artery as a treatment for hypertrophic obstructive cardiomyopathy”. Dr Sudhir Vaishnav MD dm, dr. Nilesh Gautam, MD, dm  2012  comparison of bivalirudin monotherapy with unfractionated heparin plus gpiibiiia inhibitor in patients of ua/non-stemi undergoing PCI. Dr Nilesh Gautam MD, DM, Drsuvarna tilak DNB, Santosh Kumar Dora, Pravin Kulkarni M.D., Dr Santosh Khandekar DNB.Ihj64(2012) s49-s 69             exercise stress echocardiography after revascularization; a single centre study. Praveen Kulkarni DM, Nilesh Gautam DM, et al ,ihj 64(2012) s81es 94    indian heart journal 2013.(under publication)   bioabsorbable stents: our experience.  Prasugrel vs clopidogrel in pci: our experience   International faculty          singapore cardiologists meet 2008- indian experience with irbesartan in treating patients with moderate hypertension.           Clinical trial participant     cosima 2    comparative study of the efficacy of irbesartan/ hctz     with valsartan /hctz using home  blood pressure monitoring in   the treatment of mild to moderate hypertension.    Sponsors-bristol Meyers & Squibb Sanofi –syntheco partnership.  Biomime   The first-in-man safety and performance evaluation of the biomime sirolimus eluting stent system for the treatment of patients with single, discrete, de novo, non-complex coronary lesions-the biomime pilot fim trial. Sponsors and collaborators –meril life sciences pvt .Ltd.  Averroes trial apixaban versus acetylsalicylic acid to prevent strokes in atrial fibrillation. Sponsors- bristol –meyers squibb, pfizer.     ",90,10,6,1734453886690,6
6,1,852172,1044885,1413940,https://imagesx.practo.com/providers/dr-mitt-k-kothari-interventional-cardiologist-mumbai-a207cc8b-2fec-413d-8056-76d25528a1fb.jpg,/mumbai/doctor/dr-dr-mitt-k-kothari-internal-medicine?practice_id=1413940&specialization=Cardiologist&referrer=doctor_listing&page_uid=f7475035-1c55-40f6-944f-7f162e5759a4,Dr. Mitt K Kothari,Cardiologist,MBBS,Mgm Institute Of Health Sciences,2014,MD - General Medicine,"Rajiv Gandhi University of Health Sciences, Bangalore, India",2018,10,Mumbai,Lbs Marg-Mulund,Clinic,DR. Mitt Kothari's CARDIOHEALTH CENTRE,1500,"Dr. Mitt Kothari is the best cardiologist in Mulund. He holds a Doctorate of National Board in Cardiology (DrNB) Superspeciality from national board of examinations , new delhi . Moreover, Dr. Kothari also holds a MD Masters Degree in Internal Medicine from Rajiv Gandhi University (RGUHS), Bengaluru, Karnataka. Furthermore, he has also completed a Certificate degree in Cardiovascular Disease and Stroke – CCCS cardiology which is recognized by the American College of Cardiology (ACC) and World Heart Federation (WHO).",100,4,3,1734453886692,7
7,1,676887,641973,1250608,https://imagesx.practo.com/providers/dr-kamales-kumar-saha-cardiac-surgeon-mumbai-97567d05-d6f1-4b8a-adeb-c08b98f16260.jpg,/mumbai/doctor/kamales-kumar-saha-cardiac-surgeon?practice_id=1250608&specialization=Cardiologist&referrer=doctor_listing&page_uid=f7475035-1c55-40f6-944f-7f162e5759a4,Dr. Kamales Kumar Saha,Cardiologist,MBBS,University Of Calcutta,1986,MS - General Surgery,University Of Calcutta,1991,38,Mumbai,Goregaon East,Clinic,HeartClinic,3900,30 years experience. Did MCh from AIIMS New Delhi and did fellowship in The Mayo Clinic USA. Specializes in beating heart and minimally invasive bypass surgery. Also specialise in revolutionary non invasive ESMR treatment for heart blocks,85,27,15,1734453886691,8
8,1,613529,633781,668459,https://imagesx.practo.com/providers/dr-nitesh-b-karnire-cardiologist-mumbai-f3cb8ea2-c7d7-4cee-8c52-7fc5312f8760.jpg,/mumbai/doctor/dr-nitesh-b-karnire-cardiologist?practice_id=668459&specialization=Cardiologist&referrer=doctor_listing&page_uid=f7475035-1c55-40f6-944f-7f162e5759a4,Dr. Nitesh B. Karnire,Cardiologist,MBBS,"Father Muller Medical College, Mangalore",2009,DM - Cardiology,MGM Medical College and Hospital,2017,15,Mumbai,Bandra East,Hospital,Bandra East Nursing Home,1200,Cardiologist with dedication for patient oriented care. proficient in Invasive and non invasive cardiology. Facilities available: 1. Consultations. 2. 2D Echocardiography. 3. TMT Stress test 3. Coronary angiography radial and femoral route 4. Angioplasty 5. Device closure for ASD and PDA. 6. Second opinion.,86,7,5,1734453886690,9
9,1,758044,916573,1326920,https://imagesx.practo.com/providers/dr-aditya-dhawale-cardiologist-mumbai-78e152d4-ce1b-41ad-aa06-89cfe66a57bf.jpg,/mumbai/doctor/dr-aditya-dhawale-cardiologist?practice_id=1326920&specialization=Cardiologist&referrer=doctor_listing&page_uid=f7475035-1c55-40f6-944f-7f162e5759a4,Dr. Aditya Dhawale,Cardiologist,MBBS,Maharshtra University of Health Sciences,2009,MD - General Medicine,"Maharashtra Universtity of Health Sciences, Nashik",2015,15,Mumbai,Ghatkopar West,Clinic,Hope Multispeciality Clinic,1000,,92,12,8,1734453886691,10
10,1,964650,1263755,1600626,https://imagesx.practo.com/providers/dr-jaideep-m-rajebahadur-cardiologist-mumbai-adcaf6ff-a2ff-493c-b187-fd748af4e7df.jpg,/mumbai/doctor/dr-rajebahadur-jaideep-madhusudan-cardiologist?practice_id=1600626&specialization=Cardiologist&referrer=doctor_listing&page_uid=f7475035-1c55-40f6-944f-7f162e5759a4,Dr. Jaideep M Rajebahadur,Cardiologist,MBBS,"Maharashtra University Of Health Science, Nashik",2005,DNB - General Medicine,National Board Of Examinations Nbe,2012,19,Mumbai,Goregaon,Clinic,Sugar and Heart Clinic,1500,"Consultant Interventional Cardiologist.  With 15+ years of experience, he specializes in angioplasty, pacemakers, heart failure, arrhythmias, advanced imaging (IVUS, OCT), TAVI/TAVR, and BMV procedures.",,0,0,1734453886692,12
11,2,674467,564093,679125,https://imagesx.practo.com/providers/dr-chetan-bhambure-cardiologist-mumbai-10112ceb-cea4-4928-bca9-7f37ad71f29f.jpg,/mumbai/doctor/chetan-bhambure-cardiologist?practice_id=679125&specialization=Cardiologist&referrer=doctor_listing&page_uid=f66856da-03a9-4757-99a4-794ddfaeea7e,Dr. Chetan Bhambure,Cardiologist,MBBS,B J Medical College Ahemdabad,1997,MD - Medicine,B J Medical College Ahemdabad,2001,27,Mumbai,Mira Road,Hospital,Wockhardt Hospitals (formerly known as Umrao Hospital),1000,,93,14,13,1734453887932,0
12,2,777062,503655,692922,https://imagesx.practo.com/providers/dr-ambardekar-shekhar-shriram-cardiologist-mumbai-31a8cc6f-b552-48d7-a9bc-b92e62467203.jpg,/mumbai/doctor/dr-ambardekar-shekhar-shriram-cardiologist?practice_id=692922&specialization=Cardiologist&referrer=doctor_listing&page_uid=f66856da-03a9-4757-99a4-794ddfaeea7e,Dr. Ambardekar Shekhar Shriram,Cardiologist,MBBS,University Of Bombay,1978,MD - General Medicine,University Of Bombay,1985,46,Mumbai,Mahim,Hospital,S L Raheja Fortis Hospital,1800,"Dr. Shekhar Ambardekar is a senior interventional cardiologist, with a special interest in preventive cardiology. Dr. Ambardekar brings to S.L Raheja (A Fortis Associate) Hospital more than 25 yrs of experience in interventional cardiology. Dr. Ambardekar has extensive experience in teaching, having worked as a lecturer in Cardiology in Grant Medical College and J.J group of Hospitals, Mumbai where he has mentored many graduate and post graduate students. ",95,19,8,1734453887932,1
14,2,847271,1037886,679125,https://imagesx.practo.com/providers/dr-ashish-mishra-cardiologist-mumbai-982ba702-c06e-4074-988d-396a488fad4a.jpg,/mumbai/doctor/dr-ashish-mishra-3-cardiologist?practice_id=679125&specialization=Cardiologist&referrer=doctor_listing&page_uid=f66856da-03a9-4757-99a4-794ddfaeea7e,Dr. Ashish Mishra,Cardiologist,MBBS,"Maharashtra Universtity of Health Sciences, Nashik",2010,MD - General Medicine,"Maharashtra Universtity of Health Sciences, Nashik",2014,5,Mumbai,Mira Road,Hospital,Wockhardt Hospitals (formerly known as Umrao Hospital),1000,,100,7,7,1734453887933,3
15,2,847047,240326,862484,https://imagesx.practo.com/providers/dr-ashwin-b-mehta-cardiologist-mumbai-24096ae5-af3f-44ca-a2c7-41fda349d15c.jpg,/mumbai/doctor/dr-ashwin-mehta-cardiologist?practice_id=862484&specialization=Cardiologist&referrer=doctor_listing&page_uid=f66856da-03a9-4757-99a4-794ddfaeea7e,Dr. Ashwin.B. Mehta,Cardiologist,MBBS,King Edward Memorial Hospital and Seth Gordhandas Sunderdas Medical College,1962,DM - Cardiology,King Edward Memorial Hospital and Seth Gordhandas Sunderdas Medical College,1966,58,Mumbai,Charni Road,Hospital,Sir H.N. Reliance Foundation Hospital,4000,"The Director of the Department of Cardiology at Jaslok Hospital, Dr. Ashwin B Mehta is an eminent Interventional Cardiologist in Mumbai, with more than 38 years' experience behind him. He also serves as an Honorary Consultant Cardiologist at SR Mehta Hospital, Lilavati Hospital, Breach Candy Hospital, Harkisondas Hospital, Western Railway Hospital and Saifee Hospital. He is a well-qualified Interventional Cardiologist and has been recognized with several awards and honors. He has received the prestigious Padmashree National Award in 2004. The same year, Dr. Mehta received the Maharashtra Gaurav Award for the most outstanding contribution in Cardiology by the Govt. of Maharashtra. Dr. Ashwin B Mehta has pioneered Cardiac Catheterisation and Angiography in newborn babies in India and was also the first to introduce His Bundle Electrography in India and Primary Angioplasty in Acute Myocardial Infarction with the first systemic trial. He has performed more than 10,000 Angioplasties and over 50,000 Angiographies. Dr. Ashwin B Mehta's special skills include Coronary Interventions, Rotablation, Balloon valvotomy, transcatheter and Aortic valve replacement. Among many of his other achievements, he was a pioneer in starting Cardiac catheterization and Angiography in newborn babies in India in 1973 and the first one to start Bundle Electrography in India in the same year. Dr. Ashwin B Mehta also has a vast experience on academic front as he has taught hundreds of undergraduate, postgraduate and super specialty medical students and has served for over 25 years as Hon. Professor of Cardiology at the University of Mumbai and Lokmanya Tilak Municipal Medical College, Sion, Mumbai.",50,2,2,1734453887933,4
16,2,372712,441461,862484,https://imagesx.practo.com/providers/dr-manoj-r-mashru-cardiologist-mumbai-61b47699-39a9-4979-88a4-690d6bcb1917.jpg,/mumbai/doctor/dr-manoj-r-mashru-cardiologist?practice_id=862484&specialization=Cardiologist&referrer=doctor_listing&page_uid=f66856da-03a9-4757-99a4-794ddfaeea7e,Dr. Manoj R. Mashru,Cardiologist,MBBS,"Topiwala National Medical College (TNMC, Mumbai )",1980,MD - General Medicine,"Topiwala National Medical College (TNMC, Mumbai )",1982,38,Mumbai,Charni Road,Hospital,Sir H.N. Reliance Foundation Hospital,2500,,88,8,6,1734453887932,5
17,2,655047,697290,862484,https://imagesx.practo.com/providers/dr-maulik-parekh-interventional-cardiologist-mumbai-9c6c6f23-1452-4926-95d9-83bff791ca0c.jpg,/mumbai/doctor/maulik-parekh-cardiologist?practice_id=862484&specialization=Cardiologist&referrer=doctor_listing&page_uid=f66856da-03a9-4757-99a4-794ddfaeea7e,Dr. Maulik Parekh,Cardiologist,DNB - Cardiology,"National Board of Examination, India",2015,MBBS,"Maharashtra Universtity of Health Sciences, Nashik",2008,16,Mumbai,Charni Road,Hospital,Sir H.N. Reliance Foundation Hospital,2000,"Dr Maulik Parekh completed his MD (Gen. Medicine) securing the university first rank and thereafter, successfully completed DNB (Cardiology) at the P D Hinduja National Hospital, Mumbai. He is extensively trained in handling of routine and emergency cardiology cases and procedures. He has performed more than 2000 diagnostic coronary angiographies and more than 800 angioplasties. He has expertise in trans-radial coronary interventions. He is well trained in implantation of Single and dual chamber pacemakers and ICDs.  He has trained at the reputed Gottsegen Gyorgy Hungarian Institute of Cardiology, Budapest as a Post-Doctoral fellow in Trans-Catheter valve therapies and structural heart interventions. Here he trained extensively for Transcatheter Aortic Valve Implantation (TAVI / TAVR) and has performed more than 90 TAVI/TAVRs, which is one of the largest volume in the region. Here he also trained for other structural heart interventions like MitraClip, PFO closures, ASD closure, Left atrial appendage closure etc.  Dr. Maulik Parekh is a founder member of Indian Academy of Echocardiography and is well trained in basic and advanced echocardiography including contrast echocardiography, speckle tracking, 3D echocardiography and trans-esophageal echocardiography.  Dr. Parekh is the author of several research papers and has many nationals and international conference presentations in the field of cardiology to his credit. He has also contributed as author for various textbook chapters in the field of Cardiology.",75,4,4,1734453887932,6
18,2,650219,308781,778301,https://imagesx.practo.com/providers/dr-ramesh-kawar-cardiologist-mumbai-8900ab6b-589c-4cd0-939d-63404da795a4.jpg,/mumbai/doctor/dr-ramesh-kawar-cardiologist-3?practice_id=778301&specialization=Cardiologist&referrer=doctor_listing&page_uid=f66856da-03a9-4757-99a4-794ddfaeea7e,Dr. Ramesh Kawar,Cardiologist,MBBS,"Dr. Sampurnanand Medical College, Jodhpur",1988,MD - General Medicine,"Dr. Sampurnanand Medical College, Jodhpur",1992,27,Mumbai,Malad West,Hospital,Surana Hospital And Research Center,1500,,80,46,20,1734453887932,7
19,2,877305,478784,862484,https://imagesx.practo.com/providers/dr-ajit-r-menon-interventional-cardiologist-mumbai-b4a4c956-00c6-48cc-9728-8c78d8992632.jpg,/mumbai/doctor/ajit-r-menon-cardiologist?practice_id=862484&specialization=Cardiologist&referrer=doctor_listing&page_uid=f66856da-03a9-4757-99a4-794ddfaeea7e,Dr. Ajit R. Menon,Cardiologist,DM - Cardiology,"Grant Medical College and Sir JJ Hospital, Mumbai",1995,,,,29,Mumbai,Charni Road,Hospital,Sir H.N. Reliance Foundation Hospital,4000,"Dr. Ajit Menon is an experienced interventional cardiologist with over 15 years of experience at various reputed hospitals in Mumbai. Apart from his extensive experience in all types of cardiac catetherisation, he has also been involved in clinical trials, and has several publications to his credit.",100,4,3,1734453887933,8
20,2,888190,691422,862484,https://imagesx.practo.com/providers/dr-talha-meeran-cardiologist-mumbai-95186a2f-e8bf-46d1-b230-e4c720661e23.jpg,/mumbai/doctor/talha-meeran-cardiologist?practice_id=862484&specialization=Cardiologist&referrer=doctor_listing&page_uid=f66856da-03a9-4757-99a4-794ddfaeea7e,Dr. Talha Meeran,Cardiologist,MBBS,Topiwala National Medical College & BYL Nair Charitable Hospital,2007,Diplomate of American Board of Internal Medicine (Internal Medicine),american board of medicine,2014,11,Mumbai,Charni Road,Hospital,Sir H.N. Reliance Foundation Hospital,2000,"Dr. Talha Meeran is one of the very few American Board-Certified Advanced Heart Failure Cardiologist in the country. He has trained at elite institutes such as the Johns Hopkins Hospital and the Allegheny General Hospital, USA. After completing his Cardiology fellowship in USA, Dr. Meeran spent one additional year of clinical fellowship in the field of Cardiac Transplants, Left Ventricular Assist Devices (LVAD/ “Heart Pumps”) and Pulmonary Hypertension.  He has been successfully treating numerous patients with conditions such as Advanced Heart Failure, Heart Transplants, LVADs and Pulmonary Hypertension and would like to enhance the standard of care of such patients in our city and country.",,0,0,1734453887933,9
21,3,948485,713570,692922,https://imagesx.practo.com/providers/dr-snehal-kulkarni-cardiologist-mumbai-6319cc10-7040-43ff-84f8-742f69db5622.jpg,/mumbai/doctor/dr-snehal-kulkarni-paediatric-cardiology?practice_id=692922&specialization=Cardiologist&referrer=doctor_listing&page_uid=6868edaa-76a2-4f9a-8fce-e611e767274b,Dr. Snehal Kulkarni,Cardiologist,MBBS,Shivaji University,1983,MD - General Medicine,Shivaji University,1986,23,Mumbai,Mahim,Hospital,S L Raheja Fortis Hospital,1800,"Dr. Snehal Kulkarni is a highly respected Pediatric Cardiologist at S L Raheja Hospital – A Fortis Associate, with over 20 years of dedicated experience in the field. She is deeply passionate about pediatric heart health and specializes in diagnosing and treating a wide range of cardiac conditions in children. Dr. Kulkarni completed her advanced cardiology training at BYL Nair Hospital in Mumbai. She then served as an Assistant Professor of Cardiology at KEM Hospital, one of India's premier medical institutions. Her expertise was further refined during her six-year tenure at Madras Medical Mission, where she worked alongside renowned pediatric cardiologist Dr. K. M. Cherian as the Chief of Pediatric Cardiology. Throughout her career, she has played a vital role in establishing and enhancing Pediatric Cardiology departments in several leading hospitals across Mumbai. Dr. Kulkarni has authored and co-authored numerous chapters in medical textbooks and has over 40 publications in national and international journals. Her research enhances the understanding of pediatric cardiology and contributes to best practices in clinical care. Dr. Snehal Kulkarni is dedicated to providing comprehensive, patient-centered care tailored to the unique needs of each child. Her innovative approach and unwavering commitment make her a trusted resource for families navigating complex cardiac health issues.",,0,0,1734453888804,-1
