rank,page,id,doctor_id,practice_id,image_url,profile_url,doctor_name,specialization,qualification,college,completion_year,qualification,college,completion_year,experience_years,practice_city,practice_locality,practice_type,practice_name,consultation_fees,summary,recommendation_percent,patients_count,reviews_count,timestamp,position,
1,1,668341,551616,905893,https://imagesx.practo.com/providers/dr-aruna-tantia-infertility-specialist-kolkata-74ae19ac-b673-41e8-8e26-40c119d85dbc.jpg,/kolkata/doctor/aruna-tantia-laparoscopic-surgeon?practice_id=905893&specialization=Gynecologist&referrer=doctor_listing&page_uid=6360520a-20b7-48f5-9b70-1a4fa2821b29,Dr. Aruna Tantia,Gynecologist,MBBS,Rajasthan University,1986,MS - Obstetrics & Gynaecology,B N Mandal University,2011,38,Kolkata,Salt Lake,Hospital,ILS Hospitals,1500,"Dr Aruna Tantia is a Senior Consultant Gynae endoscopic &amp; Robotic in Salt Lake, Kolkata and has an experience of 38 years in these fields. Dr. Aruna Tantia practices at ILS Hospitals Salt Lake, Kolkata. She completed MS - Obstetrics &amp; Gynaecology from Mata Gujri Memorial Medical College, Kishanganj in 2011,Fellowship in Laparoscopy from Kiel University, Germany in 1999 and Fellowship in Minimal Access Surgery (FMAS) &amp; Reproductive Medicine from The Association of Minimal Access Surgeons of India in 2016.",85,13,9,1734453865434,2
2,1,926551,1154911,706972,https://imagesx.practo.com/providers/dr-anuradha-dutta-gynecologist-kolkata-9711bf23-67cb-4547-9f7e-b988132b47c1.jpg,/kolkata/doctor/dr-anuradha-dutta-obstetrics-gynecology-1?practice_id=706972&specialization=Gynecologist&referrer=doctor_listing&page_uid=6360520a-20b7-48f5-9b70-1a4fa2821b29,Dr. Anuradha Dutta,Gynecologist,MBBS,Culcatta University,2001,MS - Obstetrics & Gynaecology,Culcutta University,2006,23,Kolkata,Dumdum Road,Hospital,ILS Hospitals,800,,,0,0,1734453865500,3
3,1,926573,1141546,706972,https://imagesx.practo.com/providers/dr-rakesh-khan-gynecologist-kolkata-2f497c04-2cd9-4d9e-b60e-88fe9b39ce4d.jpg,/kolkata/doctor/dr-rakesh-khan-obstetrics-gynecology?practice_id=706972&specialization=Gynecologist&referrer=doctor_listing&page_uid=6360520a-20b7-48f5-9b70-1a4fa2821b29,Dr. Rakesh Khan,Gynecologist,MBBS,University Of Calcutta,2005,DGO,THE WEST BENGAL UNIVERSITY OF HEALTH SCIENCES,2008,19,Kolkata,Dumdum Road,Hospital,ILS Hospitals,800,,,0,0,1734453865500,5
4,1,668260,268587,706972,https://imagesx.practo.com/providers/dr-anindita-chakraborty-gynecologist-kolkata-c2b1b116-19f2-4f0e-acaa-ea4870a34bb6.jpg,/kolkata/doctor/dr-anindita-chakraborty-gynecologist-obstetrician?practice_id=706972&specialization=Gynecologist&referrer=doctor_listing&page_uid=6360520a-20b7-48f5-9b70-1a4fa2821b29,Dr. Anindita Chakraborty,Gynecologist,MBBS,Burdwan Medical College,1999,MS - Obstetrics & Gynaecology,"Medical College, Calcutta",2002,25,Kolkata,Dumdum Road,Hospital,ILS Hospitals,800,,96,51,29,1734453865434,6
5,1,837599,1024103,1274844,https://imagesx.practo.com/providers/dr-lipika-das-obstetrician-kolkata-26b399dc-ac4d-4a52-9ded-01281ff9ec81.jpg,/kolkata/doctor/dr-lipika-das-gynecologist-obstetrician?practice_id=1274844&specialization=Gynecologist&referrer=doctor_listing&page_uid=6360520a-20b7-48f5-9b70-1a4fa2821b29,Dr. Lipika Das,Gynecologist,MBBS,Calcutta University,2000,MS - Obstetrics & Gynaecology,West Bengal State University,2007,23,Kolkata,Beliaghata,Hospital,Techno India Dama Healthcare & Medical Centre,700,,,0,0,1734453865500,7
6,1,468749,516288,1039289,https://imagesx.practo.com/providers/dr-subidita-chatterjee-gynecologist-kolkata-37492dac-9600-4391-b7fb-657a93474a99.jpg,/kolkata/doctor/subidita-chatterjee-gynecologist-obstetrician?practice_id=1039289&specialization=Gynecologist&referrer=doctor_listing&page_uid=6360520a-20b7-48f5-9b70-1a4fa2821b29,Dr. Subidita Chatterjee,Gynecologist,MBBS,"Medical College, Calcutta",1985,DGO,"Medical College, Calcutta",1988,39,Kolkata,Salt Lake,Clinic,Body N Mind Cafe,1000,"Dr. Subidita Chatterjee is a gynaecologist, obstetrician and infertility specialist in Salt Lake, Kolkata. She has an experience of 38 years in these fields. At present she practices at Body n Mind Clinic, a unit of Body N Mind Cafe Pvt Ltd in Salt Lake, Kolkata. She has several years of experience of working abroad in various countries of the world. She has also worked for WHO and other UN organizations. She has made clinical guidelines which are used by doctors and nurses all over the world.She is a member of Federation of Obstetric and Gynaecological societies of India (FOGSI), BOGS and Society of Human Genetics. She is a youth friendly doctor. She performs all kinds of gynaecological operations. both laparoscopy and open surgery. She is also an expert in IVF. From Nov. 23 she will be available for OPD services of a new upcoming hospital. Please contact for details.",90,575,306,1734453865434,8
7,1,813235,905471,1377977,https://imagesx.practo.com/providers/dr-arunima-haldar-gynecologist-kolkata-1272f9d6-9fe2-477e-b6b6-ecd70cb91348.jpg,/kolkata/doctor/dr-arunima-haldar-gynecologist-obstetrician?practice_id=1377977&specialization=Gynecologist&referrer=doctor_listing&page_uid=6360520a-20b7-48f5-9b70-1a4fa2821b29,Dr. Arunima Haldar,Gynecologist,MBBS,West Bengal State University,2009,MS - Obstetrics & Gynaecology,West Bengal State University,2018,15,Kolkata,New Town,Clinic,Care N Cure Opticals And Wellness Centre,600,"Dr. Arunima Haldar, a distinguished Gynecologist, Obstetrician, and Infertility Specialist, possesses an impressive 14 years of expertise. She is practising as Gynecologist in Newtown and a Top Gynecologist and Infertility Specialist in Kolkata. With her extensive qualifications, including MBBS, MS in Obstetrics & Gynaecology, DGO, and DNB in Obstetrics & Gynecology, Dr. Haldar offers comprehensive women's healthcare. Her compassionate care and commitment shine through, making her the go-to Pregnancy Doctor in Newtown-Rajarhat. Driven by a passion for maternal and reproductive health, Dr. Arunima Haldar is your trusted partner on the journey to wellness and motherhood.""",94,115,70,1734453865435,9
8,1,676866,738238,1250516,https://imagesx.practo.com/providers/dr-piya-roy-gynecologist-kolkata-b7e7fd61-9434-4b73-93f5-665698dbb844.jpg,/kolkata/doctor/dr-piya-roy-gynecologist-obstetrician?practice_id=1250516&specialization=Gynecologist&referrer=doctor_listing&page_uid=6360520a-20b7-48f5-9b70-1a4fa2821b29,Dr. Piya Roy,Gynecologist,MBBS,Calcutta University,1992,MD - Obstetrics & Gynaecology,Calcutta University,1997,32,Kolkata,Mukundapur,Hospital,Manipal Hospitals (AMRI Hospitals),800,,62,34,25,1734453865434,10
9,1,686911,546764,1033173,https://imagesx.practo.com/providers/dr-irina-dey-gynecologist-kolkata-989a55e3-3cca-4119-b1bb-f6293b80a45d.jpg,/kolkata/doctor/irina-dey-gynecologist-obstetrician?practice_id=1033173&specialization=Gynecologist&referrer=doctor_listing&page_uid=6360520a-20b7-48f5-9b70-1a4fa2821b29,Dr. Irina Dey,Gynecologist,MBBS,"Jawahar Lal Nehru Medical College, AMU, Aligarh",2004,DGO,"Jawahar Lal Nehru Medical College, AMU, Aligarh",2006,20,Kolkata,Dhakuria,Hospital,Manipal Hospitals (AMRI Hospitals),900,Dr. Irina Dey is a well trained and professional doctor and has an experience of more than 16 years. She has worked in Delhi-NCR region before moving back to Kolkata. She is presently working in AMRI Dhakuria.,98,265,167,1734453865435,11
10,1,617891,551979,1176163,https://imagesx.practo.com/providers/dr-sukhamoy-barik-gynecologist-kolkata-523c5d39-f89d-418d-8fff-b561684bdc23.jpg,/kolkata/doctor/dr-sukhamoy-barik-gynecologist-obstetrician-1?practice_id=1176163&specialization=Gynecologist&referrer=doctor_listing&page_uid=6360520a-20b7-48f5-9b70-1a4fa2821b29,Dr. Sukhamoy Barik,Gynecologist,MBBS,Calcutta University,2007,MS - Obstetrics & Gynaecology,THE WEST BENGAL UNIVERSITY OF HEALTH SCIENCES,2012,17,Kolkata,Baranagar,Clinic,Binayak Imaging And Diagnostic Center,500,"Dr. Sukhamoy Barik is a Gynecologist and Obstetrician in Dumdum, Kolkata and has an experience of 10 years in these fields. Dr. Sukhamoy Barik practices at Binayak Health World in Dumdum, Kolkata, Patho Treat Diagnostic Center & Polyclinic in Dumdum Road, Kolkata and Bhagirathi Neotia Woman & Child Care Center in Shakespeare Sarani, Kolkata. He completed MBBS from Medical College, Calcutta in 2006, MS - Obstetrics, and Gynaecology from Vivekananda Institute Of Medical Science in 2012 and FMAS from Galaxy Hospital, Pune in 2015.  He is a member of Royal College of Obstetricians & Gynaecologists, London (RCOG). ",99,123,108,1734453865434,13
11,2,742898,795667,1274844,https://imagesx.practo.com/providers/dr-sunipa-chatterjee-gynecologist-kolkata-1583184b-14c0-4a05-b645-10f25de6908d.jpg,/kolkata/doctor/sunipa-obstetrics-gynecology?practice_id=1274844&specialization=Gynecologist&referrer=doctor_listing&page_uid=40b567a8-0d85-4fd7-927b-f75cba0bed32,Dr. Sunipa Chatterjee,Gynecologist,MD - Physician,Sechenov Moscow Medical Academy,2011,MS - Obstetrics & Gynaecology,"Rajasthan University of Health Science, Jaipur",2016,12,Kolkata,Beliaghata,Hospital,Techno India Dama Healthcare & Medical Centre,900,"Dr. Sunipa Chatterjee is an obstetrician and gynaecologist from Kolkata. Her special interest is infertility. She practices at different clinics in Kolkata. She has completed MBBS from Moscow Medical University and MS(Obst & Gynae) from SP Medical College, Bikaner, Rajasthan. She has fellowship in MInimal Access Surgery and reproduction and child health. She has given laparoscopic training in various FOGSI affiliated courses. Her interest of practice includes infertility, polycystice ovarian syndrome, uterine fibroids, ovarian cyst/tumors, post menopause disorders, laparoscopy, hysteroscopy and colposcopy.",100,20,15,1734453866851,0
12,2,941462,589297,1129338,https://imagesx.practo.com/providers/dr-jasmin-reza-susarla-gynecologist-kolkata-3c3fde9f-6a73-454a-8353-56b1c6dae4c2.jpg,/kolkata/doctor/jasmin-reza-susarla?practice_id=1129338&specialization=Gynecologist&referrer=doctor_listing&page_uid=40b567a8-0d85-4fd7-927b-f75cba0bed32,Dr. Jasmin Reza Susarla,Gynecologist,MBBS,"Medical College, Calcutta",2002,DGO,Chittaranjan Seva Sadan,2007,22,Kolkata,Kasba,Hospital,Desun Hospital,700,,100,4,4,1734453866901,1
13,2,955581,969138,1250516,https://imagesx.practo.com/providers/dr-sanchila-talukdar-gynecologist-kolkata-af4e1e36-07e4-49a4-a6e9-352f9bef37c2.jpg,/kolkata/doctor/sanchila-talukdar-gynecologist-obstetrician?practice_id=1250516&specialization=Gynecologist&referrer=doctor_listing&page_uid=40b567a8-0d85-4fd7-927b-f75cba0bed32,Dr. Sanchila Talukdar,Gynecologist,MBBS,"Medical College, Calcutta",2005,DNB - Obstetrics & Gynecology,"National Board of Examination, India",2010,14,Kolkata,Mukundapur,Hospital,Manipal Hospitals (AMRI Hospitals),800,"I am an Obstetrician and Gynaecologist. I passed my MBBS from Medical College, Kolkata. DNB from New Delhi. MRCPI from Ireland and MRCOG from London.",,0,0,1734453866904,2
14,2,941969,1159407,1473764,https://imagesx.practo.com/providers/dr-suparna-banerjee-gynecologist-kolkata-8ec2e337-6f63-4392-8a8e-1bdf7c36fd1c.jpg,/kolkata/doctor/suparna-banerjee-gynecologist-obstetrician?practice_id=1473764&specialization=Gynecologist&referrer=doctor_listing&page_uid=40b567a8-0d85-4fd7-927b-f75cba0bed32,Dr. Suparna Banerjee,Gynecologist,MBBS,Calcutta University	,1998,MD - Obstetrics & Gynaecology,Calcutta University	,2004,15,Kolkata,New Alipore,Clinic,Ankur Fertility Clinic,1000,"15 years of Extensive experience in Infertility, IVF (assisted conception), Gynecological problem, Laparoscopy, Hysteroscopy Dr Suparna Banerjee specializes in different areas of Gynaecology. Her proficiency lies in the procedures associated with Infertility and Gynaecological treatments. Dr Banerjee started her career at the renowned R G Kar Medical College and Hospital, Kolkata. She treats all types of INFERTILITY problems. Many of her patients are experiencing the joy of being parents despite having problems in conceiving for a long time. She has successfully treated many critical patients suffering from recurrent miscarriage, pre-term delivery and for implantation failure.",,0,0,1734453866903,3
15,2,834826,774496,1033173,https://imagesx.practo.com/providers/dr-shyamal-kumar-debnath-gynecologist-kolkata-00c9a555-2f09-4a72-997b-f0f0690da44e.jpg,/kolkata/doctor/shyamal-kumar-debnath-gynecologist-obstetrician?practice_id=1033173&specialization=Gynecologist&referrer=doctor_listing&page_uid=40b567a8-0d85-4fd7-927b-f75cba0bed32,Dr. Shyamal Kumar Debnath,Gynecologist,MBBS,Calcutta University,2005,DGO,West Bengal University of Health Sciences,2009,17,Kolkata,Dhakuria,Hospital,Manipal Hospitals (AMRI Hospitals),800,,100,32,32,1734453866900,4
16,2,915837,1110369,1460694,https://imagesx.practo.com/providers/dr-sai-dibyadarshini-bhuyan-infertility-specialist-kolkata-b317703c-bed1-4741-ba1d-bd44d425abe9.jpg,/kolkata/doctor/sai-dibyadarshini-bhuyan-gynecologist-obstetrician-1?practice_id=1460694&specialization=Gynecologist&referrer=doctor_listing&page_uid=40b567a8-0d85-4fd7-927b-f75cba0bed32,Dr. Sai Dibyadarshini Bhuyan,Gynecologist,MBBS,Berhampur University,2015,DNB - Obstetrics & Gynecology,National Board Of Examinatiion,2023,9,Kolkata,New Town,Clinic,Saivie Clinic,1000,"With a wealth of experience in obstetrics and gynecology, including specialized training as a Gold Medalist, I bring a distinguished level of expertise to my practice. My focus areas include PCOS management, infertility care, laparoscopic surgery, and ensuring safe deliveries through meticulous high-risk pregnancy management. I have successfully handled complex deliveries such as breech, preterm, and those involving high blood sugar mothers, ensuring the best possible outcomes for both mother and baby.",,0,0,1734453866900,5
17,2,941463,593739,1129338,https://imagesx.practo.com/providers/dr-dipankar-bhattacharya-obstetrician-kolkata-7db881bb-bcf3-4000-8994-81609af17d35.jpg,/kolkata/doctor/dr-dipankar-bhattacharya-gynecologist-obstetrician-1?practice_id=1129338&specialization=Gynecologist&referrer=doctor_listing&page_uid=40b567a8-0d85-4fd7-927b-f75cba0bed32,Dr. Dipankar Bhattacharya,Gynecologist,MBBS,"University Of Calcuta, India",1996,DGO,"University Of Calcuta, India",2000,22,Kolkata,Kasba,Hospital,Desun Hospital,800,"Dr Dipankar Bhattacharyya is a renowned Gynecologic Oncologist. A Gynecologic oncologist is an obstetrician and gynecologist who specializes in the diagnosis and treatment of women with cancer of the reproductive organs.Specifically, the gynecologic oncologist treats cancer of the ovary, endometrium, uterus, cervix, vagina, vulva and trophoblastic disease. ",,1,0,1734453866901,6
18,2,944388,285071,1475524,https://imagesx.practo.com/providers/dr-swagatika-panda-obstetrician-kolkata-1c739728-3cb2-4c9d-b0e8-e12e2e7d0c67.jpg,/kolkata/doctor/swagatika-panda-gynecologist-obstetrician?practice_id=1475524&specialization=Gynecologist&referrer=doctor_listing&page_uid=40b567a8-0d85-4fd7-927b-f75cba0bed32,Dr. Swagatika Panda,Gynecologist,MBBS,"Utkal University, Orissa, India",2002,MD - Obstetrics & Gynaecology,Sambalpur University,2007,18,Kolkata,Mukundapur,Clinic,Jivantika Diagnostic Clinic,800,"Dr Swagatika Panda has graduated from SCB Medical College Cuttack in 2002and did her Masters  in Obstetrics s &y ecology in 2006 from VSS Medical College Burla.. She has done senior residency in JIPMER  Pondicherry and Nrs medical college Kolkata. Has special interest in high risk pregnancy, infertility treatment and laparoscopy and hysteroscopy surgeries.",,0,0,1734453866904,7
19,2,931055,1146731,1465502,https://imagesx.practo.com/providers/dr-asok-ray-gynecologist-kolkata-c0c0679a-b604-4d39-aa69-bfa2314b43af.jpg,/kolkata/doctor/asok-ray-gynecologist-obstetrician?practice_id=1465502&specialization=Gynecologist&referrer=doctor_listing&page_uid=40b567a8-0d85-4fd7-927b-f75cba0bed32,Dr. Asok Ray,Gynecologist,MBBS,Calcutta University,1994,DGO,Calcutta University,2000,30,Kolkata,Beliaghata,Clinic,Apollo Clinic,800,,,0,0,1734453866900,8
20,2,864674,915373,1425484,https://imagesx.practo.com/providers/dr-sudipta-paul-gynecologist-howrah-c4c9cb6d-21e1-4fc8-b3d3-313e5b49387a.jpg,/kolkata/doctor/sudipta-paul-gynecologist-obstetrician?practice_id=1425484&specialization=Gynecologist&referrer=doctor_listing&page_uid=40b567a8-0d85-4fd7-927b-f75cba0bed32,Dr. Sudipta Paul,Gynecologist,MBBS,West Bengal State University,2010,MS - Obstetrics & Gynaecology,West Bengal State University,2014,14,Kolkata,Lake Gardens,Clinic,EPTA Clinic,1000,,,0,0,1734453866900,9
21,3,868279,1070758,1274844,https://imagesx.practo.com/providers/dr-arnab-kundu-obstetrician-kolkata-580dbd8a-385d-4c0a-8949-f2db0b1f1f7b.jpg,/kolkata/doctor/dr-arnab-kundu-gynecologist-obstetrician?practice_id=1274844&specialization=Gynecologist&referrer=doctor_listing&page_uid=894bf04c-577f-4868-b231-fbe8583ceb4f,Dr. Arnab Kundu,Gynecologist,MBBS,West Bengal Institute of Health Sciences ,2011,DGO,"Bharati Vidyapeeth University, Pune",2016,13,Kolkata,Beliaghata,Hospital,Techno India Dama Healthcare & Medical Centre,900,,,0,0,1734453868104,0
22,3,864675,759663,1425484,https://imagesx.practo.com/providers/dr-ushasi-mukherjee-gynecologist-kolkata-286625f5-5132-476a-826f-a213202754ec.jpg,/kolkata/doctor/dr-ushasi-mukherjee-gynecologist-obstetrician?practice_id=1425484&specialization=Gynecologist&referrer=doctor_listing&page_uid=894bf04c-577f-4868-b231-fbe8583ceb4f,Dr. Ushasi Mukherjee,Gynecologist,MBBS,Bankura Sammilani Medical College & Hospital,2010,DNB - Obstetrics & Gynecology,"National Board of Education, New Delhi",2019,14,Kolkata,Lake Gardens,Clinic,EPTA Clinic,1500,,,0,0,1734453868104,1
23,3,940618,1157635,1472967,https://imagesx.practo.com/providers/dr-anshu-agrawal-gynecologist-kolkata-02a5f5a2-dcdb-4900-9e24-b87c0d073484.jpg,/kolkata/doctor/dr-mrs-anshu-agrawal-gynecologist-obstetrician?practice_id=1472967&specialization=Gynecologist&referrer=doctor_listing&page_uid=894bf04c-577f-4868-b231-fbe8583ceb4f,Dr. Anshu Agrawal,Gynecologist,MBBS,Chhatrapati Shahu Ji Maharaj Medical University,2007,DNB - Obstetrics & Gynecology,National Board Of Examinations Nbe,2013,17,Kolkata,Chittaranjan Avenue,Clinic,RB Diagnostic Centre,600,,,0,0,1734453868104,2
24,3,940620,915828,1472967,https://imagesx.practo.com/providers/dr-sanjukta-chatterjee-obstetrician-kolkata-c5d8f2fe-dc1d-4f0c-bd06-846f47aafb29.jpg,/kolkata/doctor/sanjukta-chatterjee-gynecologist-obstetrician?practice_id=1472967&specialization=Gynecologist&referrer=doctor_listing&page_uid=894bf04c-577f-4868-b231-fbe8583ceb4f,Dr. Sanjukta Chatterjee,Gynecologist,MBBS,"North Bengal Medical College and Hospital, Siliguri",2013,MS - Obstetrics & Gynaecology,West Bengal University f Health Sciences ,2017,11,Kolkata,Chittaranjan Avenue,Clinic,RB Diagnostic Centre,800,,,0,0,1734453868105,3
25,3,549541,569280,1250516,https://imagesx.practo.com/providers/dr-rahul-roy-chowdhury-gynecologist-kolkata-ae7b5030-290c-495e-9b72-4faf6d1c20ac.jpg,/kolkata/doctor/rahul-roychoudhury-oncologist?practice_id=1250516&specialization=Gynecologist&referrer=doctor_listing&page_uid=894bf04c-577f-4868-b231-fbe8583ceb4f,Dr. Rahul Roy Chowdhury,Gynecologist,MBBS,"University Of Calcuta, India",1988,Fellow of Royal College of Obstetricians and Gynaecologists FRCOG (London),"Royal College of Obstetricians and Gynaecologists, London",2015,33,Kolkata,Mukundapur,Hospital,Manipal Hospitals (AMRI Hospitals),1200,"Dr. Roy Chowdhury spent a significant part of his professional life (15 years) in the UK. He has trained in various hospitals and holds the FRCOG, from the Royal College of Obstetricians and Gynaecologists London and a Completion Certificate of Training from the Professional Medical Educational and Training Board in the UK.  He trained in Gynaecological Oncology from the Oxford Cancer Centre at The John Radcliffe Hospital Oxford from 2003 to 2007 and continues to practice Gynaecological Oncology in various institutions. He moved back to India in 2008 and practices Gynaecological Oncology. He is now a Fellow of the Royal College of Obstetricians and Gynaecologists. Presently he is a practicing Gynaecological Oncology in Kolkata, India and associated with reputed healthcare providers in Kolkata. ",100,4,3,1734453868104,4
26,3,676840,563993,1250516,https://imagesx.practo.com/providers/dr-biswajyoti-guha-gynecologist-kolkata-f9690424-f849-4db2-8210-79b0a8a87feb.jpg,/kolkata/doctor/dr-biswajyoti-guha-1-gynecologist-obstetrician?practice_id=1250516&specialization=Gynecologist&referrer=doctor_listing&page_uid=894bf04c-577f-4868-b231-fbe8583ceb4f,Dr. Biswajyoti Guha,Gynecologist,MBBS,R G Kar Medical College and Hospital,1992,MD - Obstetrics & Gynaecology,"University Of Calcuta, India",2000,30,Kolkata,Mukundapur,Hospital,Manipal Hospitals (AMRI Hospitals),800,,100,14,12,1734453868104,5
27,3,544648,567535,1123039,https://imagesx.practo.com/providers/dr-poushali-sanyal-gynecologist-kolkata-b83810bf-873b-4cc8-a99f-f68acb6051af.jpg,/kolkata/doctor/dr-poushali-sanyal-gynecologist-obstetrician?practice_id=1123039&specialization=Gynecologist&referrer=doctor_listing&page_uid=894bf04c-577f-4868-b231-fbe8583ceb4f,Dr. Poushali Sanyal,Gynecologist,MBBS,"Medical College, Calcutta",2006,MS - Obstetrics & Gynaecology,"POSTGRADUATE INSTITUTE OF MEDICAL  EDUCATION AND RESEARCH, CHANDIGARH",2011,13,Kolkata,Southern Market,Clinic,Sanyals Clinic,400,"I have done my MS from IPGMER, Kolkata and have been awarded various national fellowships such as DNB and FMAS. I have trained in endoscopic surgery and reproductive medicine under a stalwart like Dr. Gautam Khastgir and has worked with him for a long time. I provide comprehensive health care to women. I deal with Obstetrics, Gynaecology and my areas of special expertise include high-risk pregnancy, gynecological endoscopies like laparoscopy and hysteroscopy and infertility. My clinics are well equipped to provide complete health care to women, including IUI and ultrasound facilities. I attend various national and state conferences and workshops to keep myself updated with the advancements in my field. I believe that a gynecologist who is dedicated, up to date with the recent advances in her field and attends to her patients better. I perform surgeries in various reputed hospitals in Kolkata.",100,29,16,1734453868102,6
28,3,374200,442485,878084,https://imagesx.practo.com/providers/dr-ranjana-tibrewal-gynecologist-kolkata-b6a90573-9b57-4944-bb92-325cebf5ad81.jpg,/kolkata/doctor/dr-ranjana-tibrewal-gynecologist-obstetrician?practice_id=878084&specialization=Gynecologist&referrer=doctor_listing&page_uid=894bf04c-577f-4868-b231-fbe8583ceb4f,Dr. Ranjana Tibrewal,Gynecologist,MBBS,"Medical College, Calcutta",2002,MS - Obstetrics & Gynaecology,"Medical College, Calcutta",2009,22,Kolkata,Lake Gardens,Clinic,Dr Ranjana's Chamber,900,"Dr. Ranjana Tibrewal is a Gynecologist, Obstetrician and Infertility Specialist in Jodhpur Park, Kolkata and has an experience of 15 years in these fields. Dr. Ranjana Tibrewal practices at Dr. Ranjana's Chamber in Jodhpur Park, Kolkata, Medica Clinic, Beckbagan in Park Circus, Kolkata and Medica Superspeciality Hospital in Mukundapur, Kolkata. She completed MBBS from Calcutta National Medical College in 2002 and MS - Obstetrics and Gynaecology from Medical College, Kolkata in 2009.  She is a member of Bengal Obstetrics and Gynecology Society and executive committee member ISOPARB (Indian Society of Perinatology and Reproductive Biology).",76,46,30,1734453868101,7
29,3,757320,529675,1250516,https://imagesx.practo.com/providers/dr-shilpita-banerjee-gynecologist-kolkata-8404748b-1a41-485a-99b6-bbb503308a65.jpg,/kolkata/doctor/shilpita-banerjee-gynecologist-obstetrician?practice_id=1250516&specialization=Gynecologist&referrer=doctor_listing&page_uid=894bf04c-577f-4868-b231-fbe8583ceb4f,Dr. Shilpita Banerjee,Gynecologist,MBBS,Calcutta University,2002,MS - Obstetrics & Gynaecology,West Bengal University of Health Sciences,2007,22,Kolkata,Mukundapur,Hospital,Manipal Hospitals (AMRI Hospitals),1200,"Dr. Shilpita Banerjee is a Gynecologist (MS (GYNAE AND OBSTETRICS), FNB (HIGH RISK PREGNANCY AND PERINATOLOGY) ) in Garfa, Kolkata",,1,0,1734453868104,8
30,3,941468,288077,1129338,https://imagesx.practo.com/providers/dr-avijit-basak-gynecologist-kolkata-fb4f2e56-85ed-4498-b12d-22d9fe421e86.jpg,/kolkata/doctor/dr-avijit-basak-gynecologist-obstetrician?practice_id=1129338&specialization=Gynecologist&referrer=doctor_listing&page_uid=894bf04c-577f-4868-b231-fbe8583ceb4f,Dr. Avijit Basak,Gynecologist,MBBS,"Medical College, Calcutta",2005,MS - Obstetrics & Gynaecology,Burdwan Medical College,2007,19,Kolkata,Kasba,Hospital,Desun Hospital,500,"Dr. Avijit Basak is a Gynecologist, Obstetrician and Laparoscopy in College Square, Kolkata and Has an Experience of 11 Years in These Fields. Dr. Avijit Basak Practices at Upkar Nursing Home in College Square, Kolkata, Iris Hospital in Baghajatin, Kolkata and Doctors Point in Jadavpur University, Kolkata. He Completed MBBS From Calcutta National Medical College & Hospital in 2005, MS - Obstetrics, and Gynaecology From Burdwan Medical College & Hospital and F.mas, D.mas ( WALS ) From World Association of Laparoscopic Surgeons (WALS) in 2015.  He Is a Member of Federation of Obstetric and Gynaecological Societies of India (FOGSI) and Life Member of World Association of Laparoscopic Surgeon ( WALS ). ",100,14,0,1734453868105,9
31,4,864678,572482,1425484,https://imagesx.practo.com/providers/dr-vineeta-verma-gynecologist-kolkata-86f4452e-3fd2-4549-9a14-de6479a17ee4.jpg,/kolkata/doctor/vineeta-kaul-gynecologist-obstetrician?practice_id=1425484&specialization=Gynecologist&referrer=doctor_listing&page_uid=4b840213-cc23-41df-9e28-7a0bb25a28b5,Dr. Vineeta Verma,Gynecologist,MBBS,calcullta University,1987,MD - Obstetrics & Gynaecology,Aiims New Delhi,2004,37,Kolkata,Lake Gardens,Clinic,EPTA Clinic,2000,"Dr. Vineeta Kaul is specialised in Infertility management. She performs Laparoscopy and hysteroscopy to diagnose and treat with protocols for Intrauterine insemination (IUI), In-Vitro fertilization (IVF), Surrogacy, Teenage health care management including cancer vaccine, menstrual disorders, Polycystic Ovarian Syndrome, High risk pregnancy management-high pressure or gestational diabetes, recurrent pregnancy loss, multiple pregnancies, Post menopausal care-prevention of bone loss. Dr. Kaul operative skills include endoscopic and open surgery with early detection of cervical cancer, ovarian cancer and proper management.",100,5,2,1734453869203,0
32,4,763817,908614,1327211,https://imagesx.practo.com/providers/dr-ananya-roy-gynecologist-kolkata-37167802-edf6-4ef9-b0b7-1ad91ca91ec8.jpg,/kolkata/doctor/ananya-roy-gynecologist-obstetrician?practice_id=1327211&specialization=Gynecologist&referrer=doctor_listing&page_uid=4b840213-cc23-41df-9e28-7a0bb25a28b5,Dr. Ananya Roy,Gynecologist,MBBS,Calcutta University,2008,MS - Obstetrics & Gynaecology,West Bengal State University,2014,16,Kolkata,Tollygunge,Clinic,Safe Care Health Services,700,"Advanced laparoscopic surgeon, infertility specialist, obstetrician",100,2,1,1734453869203,1
33,4,915718,912010,1323796,https://imagesx.practo.com/providers/dr-sreya-battacharyya-gynecologist-kolkata-bf64f6c2-6a27-436d-8e4a-badbcdc4d468.jpg,/kolkata/doctor/dr-sreya-battacharyya-gynecologist-obstetrician?practice_id=1323796&specialization=Gynecologist&referrer=doctor_listing&page_uid=4b840213-cc23-41df-9e28-7a0bb25a28b5,Dr. Sreya Battacharyya,Gynecologist,MBBS,Luzhou Medical College,2012,DNB - Obstetrics & Gynecology,"National Board of Examination, India",2016,12,Kolkata,Park Street,Hospital,Indira IVF - Fertility and IVF Center,0,,100,5,3,1734453869203,2
34,4,440485,492075,735842,https://imagesx.practo.com/providers/dr-nandini-chakrabarti-gynecologist-kolkata-7c21104b-27e1-46ee-a5d8-0c01244a9b95.jpg,/kolkata/doctor/nandini-chakrabarti-bhattacharyya-gynecologist-obstetrician?practice_id=735842&specialization=Gynecologist&referrer=doctor_listing&page_uid=4b840213-cc23-41df-9e28-7a0bb25a28b5,Dr. Nandini Chakrabarti,Gynecologist,MBBS,"Medical College, Calcutta",1993,DGO,"Medical College, Calcutta",1997,31,Kolkata,Salt Lake,Hospital,Manipal Hospital Broadway (AMRI Hospitals),1000,,55,33,21,1734453869202,3
35,4,754736,912032,1323796,https://imagesx.practo.com/providers/dr-prosun-bera-gynecologist-kolkata-d5268083-117c-48d3-b397-222c1bee9544.jpg,/kolkata/doctor/dr-prosun-bera-gynecologist-obstetrician?practice_id=1323796&specialization=Gynecologist&referrer=doctor_listing&page_uid=4b840213-cc23-41df-9e28-7a0bb25a28b5,Dr. Prosun Bera,Gynecologist,MBBS,THE WEST BENGAL UNIVERSITY OF HEALTH SCIENCES,2010,MS - Obstetrics & Gynaecology,Sambalpur University,2015,14,Kolkata,Park Street,Hospital,Indira IVF - Fertility and IVF Center,0,,100,3,3,1734453869203,4
36,4,623459,619903,735842,https://imagesx.practo.com/providers/dr-suchandra-mukhopadhyay-gynecologist-kolkata-653c67be-af0f-4062-bb3e-f89072a2dd0a.jpg,/kolkata/doctor/dr-suchandra-mukhopadhyay-gynecologist-obstetrician?practice_id=735842&specialization=Gynecologist&referrer=doctor_listing&page_uid=4b840213-cc23-41df-9e28-7a0bb25a28b5,Dr. Suchandra Mukhopadhyay,Gynecologist,MBBS,University Of Calcutta,1998,DNB - Obstetrics & Gynecology,National Board Of Examination,2009,26,Kolkata,Salt Lake,Hospital,Manipal Hospital Broadway (AMRI Hospitals),1000,,95,19,12,1734453869202,5
37,4,754715,912005,1323796,https://imagesx.practo.com/providers/dr-akanksha-jangid-gynecologist-kolkata-16b187b4-4086-469d-acef-821cd6855568.jpg,/kolkata/doctor/dr-akanksha-jangid-gynecologist-obstetrician?practice_id=1323796&specialization=Gynecologist&referrer=doctor_listing&page_uid=4b840213-cc23-41df-9e28-7a0bb25a28b5,Dr. Akanksha Jangid,Gynecologist,MBBS,"Rajasthan University of Health Science, Jaipur",2009,MD - Obstetrics & Gynaecology,"PGIMER, Chandigarh, India",2012,15,Kolkata,Park Street,Hospital,Indira IVF - Fertility and IVF Center,1000,,88,8,6,1734453869203,6
38,4,932746,912011,1354012,https://imagesx.practo.com/providers/dr-sugata-gynecologist-kolkata-71021040-c28e-4b0e-ae84-64f0ec84a45f.jpg,/kolkata/doctor/dr-sugata-gynecologist-obstetrician?practice_id=1354012&specialization=Gynecologist&referrer=doctor_listing&page_uid=4b840213-cc23-41df-9e28-7a0bb25a28b5,Dr. Sugata,Gynecologist,MBBS,West Bengal University of Health and Sciences,2013,MS - Obstetrics & Gynaecology,West Bengal University of Health and Sciences,2017,11,Kolkata,Sarat Bose Road,Clinic,Birla Fertility and IVF,0,,100,1,1,1734453869203,7
39,4,754721,912014,1323796,https://imagesx.practo.com/providers/dr-arnab-barma-gynecologist-kolkata-9f38d978-595a-493c-93d3-95c036df35fb.jpg,/kolkata/doctor/dr-arnab-barma-gynecologist-obstetrician?practice_id=1323796&specialization=Gynecologist&referrer=doctor_listing&page_uid=4b840213-cc23-41df-9e28-7a0bb25a28b5,Dr. Arnab Barma,Gynecologist,MBBS,Burdwan University,2006,DGO,West Bengal University of Health and Sciences,2012,18,Kolkata,Park Street,Hospital,Indira IVF - Fertility and IVF Center,0,,,0,0,1734453869203,8
40,4,754717,912007,1323796,https://imagesx.practo.com/providers/dr-samanta-sutapan-gynecologist-kolkata-ded78e0a-a451-443b-a709-090f863c8a90.jpg,/kolkata/doctor/dr-samanta-sutapan-gynecologist-obstetrician?practice_id=1323796&specialization=Gynecologist&referrer=doctor_listing&page_uid=4b840213-cc23-41df-9e28-7a0bb25a28b5,Dr. Samanta Sutapan,Gynecologist,MBBS,West Bengal Univeristy of Health and Sciences,2011,MS - Obstetrics & Gynaecology,West Bengal Univeristy of Health and Sciences,2015,13,Kolkata,Park Street,Hospital,Indira IVF - Fertility and IVF Center,0,,,0,0,1734453869203,9
41,5,754407,911571,735842,https://imagesx.practo.com/providers/dr-gautam-dattasarma-gynecologist-kolkata-08ab7f81-6cfc-4272-9083-024daeb1c21b.jpg,/kolkata/doctor/gautam-dattasarma-gynecologist-obstetrician?practice_id=735842&specialization=Gynecologist&referrer=doctor_listing&page_uid=1b265647-ae10-410f-87b9-d8c945aeda89,Dr. Gautam Dattasarma,Gynecologist,MBBS,University of North Bengal,1989,DGO,B N Mandal Univeristy ,2010,35,Kolkata,Salt Lake,Hospital,Manipal Hospital Broadway (AMRI Hospitals),1000,,,0,0,1734453870301,0
42,5,941458,772923,1129338,https://imagesx.practo.com/providers/dr-pinki-agarwal-gynecologist-kolkata-f58f6da8-975a-4bef-a1b1-b7e204656d02.jpg,/kolkata/doctor/pinki-agarwal-gynecologist-obstetrician?practice_id=1129338&specialization=Gynecologist&referrer=doctor_listing&page_uid=1b265647-ae10-410f-87b9-d8c945aeda89,Dr. Pinki Agarwal,Gynecologist,MBBS,"Darbhanga Medical College And Hospital, Bihar",2007,DGO,"Patna Medical College, Patna",2013,12,Kolkata,Kasba,Hospital,Desun Hospital,1000,Interested In   - Normal Delivery -  Management Of High-Risk Pregnancy - Infertility,100,1,0,1734453870302,1
43,5,934706,1150681,1465502,https://imagesx.practo.com/providers/dr-subhadip-mallik-gynecologist-kolkata-bcc69392-f49c-4d6a-b587-0b57c88ee984.jpg,/kolkata/doctor/subhadip-mullick-gynecologist-obstetrician?practice_id=1465502&specialization=Gynecologist&referrer=doctor_listing&page_uid=1b265647-ae10-410f-87b9-d8c945aeda89,Dr. Subhadip Mallik,Gynecologist,MBBS,Calcutta University,2000,DGO,West bengal university,2007,24,Kolkata,Beliaghata,Clinic,Apollo Clinic,650,,,0,0,1734453870302,2
44,5,865712,1066810,1472925,https://imagesx.practo.com/providers/dr-priyanka-sannigrahi-obstetrician-kolkata-ae3597de-5359-44a8-94dd-5c77625a1e8c.jpg,/kolkata/doctor/priyanka-sannigrahi-gynecologist-obstetrician?practice_id=1472925&specialization=Gynecologist&referrer=doctor_listing&page_uid=1b265647-ae10-410f-87b9-d8c945aeda89,Dr. Priyanka Sannigrahi,Gynecologist,MBBS,Calcutta National Medical College,2013,MS - Obstetrics & Gynaecology,R G Kar Medical College and Hospital,2018,10,Kolkata,Salt Lake,Hospital,RB Diagnostic,800,,,0,0,1734453870301,3
45,5,868738,532836,1425484,https://imagesx.practo.com/providers/dr-ayan-mukhopadhyay-gynecologist-kolkata-fa836bc7-67fd-4782-b06c-4b2af14648bc.jpg,/kolkata/doctor/dr-ayan-mukhopadhyay-gynecologist-obstetrician-gynecologist-obstetrician?practice_id=1425484&specialization=Gynecologist&referrer=doctor_listing&page_uid=1b265647-ae10-410f-87b9-d8c945aeda89,Dr. Ayan Mukhopadhyay,Gynecologist,MBBS,"Medical College, Calcutta",2006,MS - Obstetrics & Gynaecology,R G Kar Medical College and Hospital,2013,18,Kolkata,Lake Gardens,Clinic,EPTA Clinic,1500,,,0,0,1734453870301,4
46,5,834713,1019737,1274844,https://imagesx.practo.com/providers/dr-amrita-chaudhuri-gynecologist-kolkata-afb35e17-e461-46b6-bc13-a55664782d73.jpg,/kolkata/doctor/dr-amrita-chaudhuri-gynecologist-obstetrician?practice_id=1274844&specialization=Gynecologist&referrer=doctor_listing&page_uid=1b265647-ae10-410f-87b9-d8c945aeda89,Dr. Amrita Chaudhuri,Gynecologist,MBBS,The West Bengal University of Health Science ,2011,DNB - Obstetrics & Gynecology,National Board Of Examination,2018,11,Kolkata,Beliaghata,Hospital,Techno India Dama Healthcare & Medical Centre,1000,,,0,0,1734453870301,5
47,5,905710,1095173,1457899,https://imagesx.practo.com/providers/dr-bikram-mondal-gynecologist-kolkata-24579a87-c09d-4fca-86d2-1cc156b92327.jpg,/kolkata/doctor/bikram-mondal-gynecologist-obstetrician?practice_id=1457899&specialization=Gynecologist&referrer=doctor_listing&page_uid=1b265647-ae10-410f-87b9-d8c945aeda89,Dr. Bikram Mondal,Gynecologist,MBBS,West Bengal University of Health Sciences,2019,MS - Obstetrics & Gynaecology,West Bengal University of Health Sciences,2023,5,Kolkata,Jadavpur,Clinic,Medi Health Point Clinic,800,,,0,0,1734453870301,6
48,5,940619,1157636,1472967,https://imagesx.practo.com/providers/dr-swarna-nandi-halder-gynecologist-kolkata-d12e43af-d088-4850-ae90-12d935fe79a2.jpg,/kolkata/doctor/dr-swarna-nandi-halder-general-physician?practice_id=1472967&specialization=Gynecologist&referrer=doctor_listing&page_uid=1b265647-ae10-410f-87b9-d8c945aeda89,Dr. Swarna Nandi Halder,Gynecologist,MBBS,West Bengal University of Health Science,2019,MS - Obstetrics & Gynaecology,West Bengal University of Health Science,2023,3,Kolkata,Chittaranjan Avenue,Clinic,RB Diagnostic Centre,700,,,0,0,1734453870302,7
49,5,550340,571299,711006,https://imagesx.practo.com/providers/dr-tanuka-das-gynecologist-kolkata-fe71cc95-4da1-4e74-a8f1-ab0e21e1f03e.jpg,/kolkata/doctor/tanuka-das-gupta-gynecologist-obstetrician?practice_id=711006&specialization=Gynecologist&referrer=doctor_listing&page_uid=1b265647-ae10-410f-87b9-d8c945aeda89,Dr. Tanuka Das,Gynecologist,MBBS,Nil Ratan Sircar medical college,2007,MRCOG(UK),"Royal College of England, UK",2010,17,Kolkata,Baghajatin,Hospital,IRIS Hospital,700,"Dr. Tanuka Das Gupta is a renowned Gynecologist with specialization in Laparoscopy and Infertility Surgery.She is a Consultant Gynecologist, Laparoscopic Surgeon and Specialist in Microsurgery & Infertility. She has 7 years of practicing experience. She is practicing at IRIS Multispeciality Hospital in Baghajatin and at Bengal Cancer Foundation in Entally, Kolkata. She has more than 10 Publications in Laparoscopy in International Journal. She has obtained several certification courses in Ultrasound. She has done IUI training under veteran Doctor B.N. Chakraborty.  She has excellent Surgical Skills in Advanced Laparoscopic Techniques such as Laparoscopic Hysterectomy, Fibroid Removal,Ovarian Cystectomy, Endometriosis Ablation for Infertility Treatment, as well as Traditional Gynecological Surgery.",96,26,10,1734453870301,8
