rank,page,id,doctor_id,practice_id,image_url,profile_url,doctor_name,specialization,qualification,college,completion_year,qualification,college,completion_year,experience_years,practice_city,practice_locality,practice_type,practice_name,consultation_fees,summary,recommendation_percent,patients_count,reviews_count,timestamp,position,
1,1,836778,738243,659849,https://imagesx.practo.com/providers/dr-biplab-dolui-orthopedic-surgeon-kolkata-5adbee88-6538-4494-a8bb-ea689163a4f8.jpg,/kolkata/doctor/dr-biplab-dolui-orthopedist?practice_id=659849&specialization=Orthopedist&referrer=doctor_listing&page_uid=daca351e-3785-4c12-91ea-8f34693c4b07,Dr. Biplab Dolui,Orthopedist,MBBS,University Of Calcutta,1997,MS - Orthopaedics,University Of Calcutta,2003,21,Kolkata,Alipore,Hospital,Kothari Medical Centre,800,,91,11,10,1734453873416,1
2,1,394126,453165,905893,https://imagesx.practo.com/providers/dr-suresh-kumar-kejriwal-orthopedic-surgeon-kolkata-9748328e-4cf3-4cf2-85dc-fe811308cb20.jpg,/kolkata/doctor/dr-suresh-kumar-kejriwal-orthopedist-1?practice_id=905893&specialization=Orthopedist&referrer=doctor_listing&page_uid=daca351e-3785-4c12-91ea-8f34693c4b07,Dr. Suresh Kumar Kejriwal,Orthopedist,MBBS,"Medical College, Calcutta",2003,MS - Orthopaedics,"Medical College, Calcutta",2007,21,Kolkata,Salt Lake,Hospital,ILS Hospitals,600,"He completed MS in Orthopedics from Nilratan Sircar Medical College. In due course, he attended many academic programs and presented papers at many places He joined Medical College Kolkata as RMO Cum Clinical Tutor and later promoted as Assistant Professor. He worked there for four years in a dedicated way. He joined ILS Multispeciality Hospital (both DumDum and Saltlake) as consultant Orthopaedic Surgeon. He is a regular figure in a different academic program in West Bengal and India. He attended a training program for knee replacement & arthroscopic surgery in North Sydney Trauma and Sports Medicine Centre. He is an active member of Eastern India Orthopaedic Training Programme. He is very efficient in orthopedic trauma management, complex pelvic acetabular surgery, arthroscopy & joint replacement surgery. He was the organizing secretary of KASSCON 2014; International Foot and Anlke Meet. He cleared MRCS ( 1 & 2). He is a very active member of KASS (Kolkata Arthroscopy and Sports Surgery)",86,7,5,1734453873414,2
3,1,742896,1020198,1274844,https://imagesx.practo.com/providers/dr-gautam-gupta-orthopedic-surgeon-kolkata-f68ae234-169e-4bf5-9105-f4b9f0f06db1.jpg,/kolkata/doctor/dr-gautam-gupta-1-orthopedist?practice_id=1274844&specialization=Orthopedist&referrer=doctor_listing&page_uid=daca351e-3785-4c12-91ea-8f34693c4b07,Dr. Gautam Gupta,Orthopedist,MBBS,University Of Calcutta,2008,MS - Orthopaedics,The West Bengal University of Health Science ,2012,15,Kolkata,Beliaghata,Hospital,Techno India Dama Healthcare & Medical Centre,700,"Meet Dr. Gautam Gupta, a highly respected orthopedic surgeon with over 14 years of specialized experience. Dr. Gupta is renowned for his expertise in advanced procedures including knee and hip replacements, ligament injuries, sports trauma, and fractures. Having received extensive international training in the Netherlands and Germany, Dr. Gupta brings a global perspective to his practice. Currently serving as a Consultant Orthopedic Surgeon in Kolkata, Dr. Gupta is dedicated to providing compassionate and high-quality orthopedic care to each patient.  Trust Dr. Gautam Gupta to create personalized treatment plans tailored to your orthopedic needs, ensuring optimal outcomes and a path towards better orthopedic health.  Specializations:  Total Knee Replacement (TKR) Partial Knee Replacement (PKR) Minimally Invasive Knee Replacement Robotic-Assisted Knee Replacement Custom Knee Replacement Revision Knee Replacement Total Hip Replacement (THR) Partial Hip Replacement (Hemiarthroplasty) Hip Resurfacing Minimally Invasive Hip Replacement Anterior Hip Replacement Robotic-Assisted Hip Replacement Revision Hip Replacement Anterior Cruciate Ligament (ACL) Reconstruction Posterior Cruciate Ligament (PCL) Reconstruction Medial Collateral Ligament (MCL) Repair Lateral Collateral Ligament (LCL) Reconstruction Arthroscopic Meniscus Repair Arthroscopic Rotator Cuff Repair Ankle Ligament Reconstruction Elbow Ligament Reconstruction (Tommy John Surgery) Sports Injury Management Fracture and Trauma Surgery Open Reduction Internal Fixation (ORIF) Closed Reduction Internal Fixation (CRIF) External Fixation Intramedullary Nailing Plating and Screws Bone Grafting Joint Reconstruction Minimally Invasive Fracture Surgery Reconstructive Surgery Pelvic Fracture Stabilization Fracture Debridement and Cleaning Rehabilitative Procedures For more information, visit: https://bonedoctorgautam. Com/",67,3,3,1734453873415,4
4,1,676880,295319,1250516,https://imagesx.practo.com/providers/dr-bishal-bhagat-orthopedic-surgeon-kolkata-1bab17b1-b21b-4f07-a865-acc67fe1ec09.jpg,/kolkata/doctor/dr-bishal-bhagat-orthopedist?practice_id=1250516&specialization=Orthopedist&referrer=doctor_listing&page_uid=daca351e-3785-4c12-91ea-8f34693c4b07,Dr. Bishal Bhagat,Orthopedist,MBBS,Nil Ratan Sircar medical college,2000,DNB - Orthopedics/Orthopedic Surgery,"National Board of Examination, India",2011,24,Kolkata,Mukundapur,Hospital,Manipal Hospitals (AMRI Hospitals),1000,,100,19,14,1734453873415,5
5,1,46078,75863,635703,https://imagesx.practo.com/providers/dr-amitava-narayan-mukherjee-orthopedic-surgeon-kolkata-b305a097-0fb0-4f71-adaa-e04b8002187d.jpg,/kolkata/doctor/dr-amitava-narayan-mukherjee-orthopedist?practice_id=635703&specialization=Orthopedist&referrer=doctor_listing&page_uid=daca351e-3785-4c12-91ea-8f34693c4b07,Dr. Amitava Narayan Mukherjee,Orthopedist,MBBS,"Government Medical College, Jammu",1986,M.Ch - Orthopaedics,University of Dundee (U.K),2018,38,Kolkata,Baguihati,Clinic,Med 7  Clinic,1500,"Dr. Amitava Narayan Mukherjee is an Orthopedist in Baguihati, Kolkata. Dr. Amitava Narayan Mukherjee practices at Orthopaedic & Joint Replacement Welfare Clinic in Baguihati, Kolkata. He completed MBBS, MS - Orthopaedics and M.Ch.  He is a member of Indian Orthopaedic Association and West Bengal Orthopaedic Association.   Dr. Amitava has more than 20 years of experience and is celebrated and much loved amongst both his patients and his peers.",90,374,117,1734453873414,6
6,1,575114,508478,1142246,https://imagesx.practo.com/providers/dr-saumitra-sircar-orthopedic-surgeon-kolkata-3e859c00-ebad-4d56-a459-433192aa940c.jpg,/kolkata/doctor/saumitra-sircar-orthopedist?practice_id=1142246&specialization=Orthopedist&referrer=doctor_listing&page_uid=daca351e-3785-4c12-91ea-8f34693c4b07,Dr. Saumitra Sircar,Orthopedist,DNB - Orthopedics/Orthopedic Surgery,"All India Institute of Medical Sciences, New Delhi",2004,MS - General Surgery,"Armed Forces Medical College (AFMC), Pune",1995,38,Kolkata,L.R.Sarani,Clinic,HealthCheck,700,"Dr. Saumitra Sircar has a long experience in treatment of complex trauma, joint replacement and arthroscopic surgery with excellent outcomes. Most of the techniques of surgery used by him were learned during his training in AIIMS New Delhi and he has added further innovations to it based on his own experience. A perfect technique of surgery leading to best longtime outcomes is his priority rather than a fast surgery or a large volume.",100,58,40,1734453873415,7
7,1,686857,593401,1033173,https://imagesx.practo.com/providers/dr-ritwik-ganguli-orthopedic-surgeon-kolkata-a25bdc0d-4a64-401a-a542-79417e97465f.jpg,/kolkata/doctor/dr-ritwik-ganguly-orthopedist?practice_id=1033173&specialization=Orthopedist&referrer=doctor_listing&page_uid=daca351e-3785-4c12-91ea-8f34693c4b07,Dr. Ritwik Ganguli,Orthopedist,MBBS,"North Bengal Medical College and Hospital, Siliguri",2009,DNB - Orthopedics/Orthopedic Surgery,"North Bengal Medical College and Hospital, Siliguri",2013,15,Kolkata,Dhakuria,Hospital,Manipal Hospitals (AMRI Hospitals),800,Dr. Ritwik Ganguli is an Orthopedic surgeon with an experience of 6 years in this field. The doctor also specializes in Arthroscopy and sports surgery. The doctor has experiences and competencies. ,85,20,13,1734453873415,8
8,1,786226,593399,1250516,https://imagesx.practo.com/providers/dr-sutanu-hazra-orthopedic-surgeon-kolkata-922252db-1eef-4abc-b679-0905f5ede7f0.jpg,/kolkata/doctor/dr-sutanu-hazra-orthopedist?practice_id=1250516&specialization=Orthopedist&referrer=doctor_listing&page_uid=daca351e-3785-4c12-91ea-8f34693c4b07,Dr. Sutanu Hazra,Orthopedist,MBBS,Banaras Hindu University,2000,MS - Orthopaedics,Banaras Hindu University,2002,22,Kolkata,Mukundapur,Hospital,Manipal Hospitals (AMRI Hospitals),1000,,67,3,3,1734453873415,9
9,1,841606,1029838,1250516,https://imagesx.practo.com/providers/dr-souvik-paul-orthopedic-surgeon-kolkata-c6a67e1e-51ed-48e5-9068-4143aea6c55d.jpg,/kolkata/doctor/souvik-paul-orthopedist-1?practice_id=1250516&specialization=Orthopedist&referrer=doctor_listing&page_uid=daca351e-3785-4c12-91ea-8f34693c4b07,Dr. Souvik Paul,Orthopedist,MBBS,Burdwan Medical College,2015,MS - Orthopaedics,"All India Institute of Medical Sciences, Rishikesh",2019,9,Kolkata,Mukundapur,Hospital,Manipal Hospitals (AMRI Hospitals),800,,,0,0,1734453873417,10
10,1,686847,281558,1033173,https://imagesx.practo.com/providers/dr-sanjoy-bagchi-orthopedic-surgeon-kolkata-bb24438c-251f-4133-aae9-e4574dc29bef.jpg,/kolkata/doctor/dr-sanjoy-bagchi-orthopedist?practice_id=1033173&specialization=Orthopedist&referrer=doctor_listing&page_uid=daca351e-3785-4c12-91ea-8f34693c4b07,Dr. Sanjoy Bagchi,Orthopedist,MBBS,"Medical College, Calcutta",1989,MS - Orthopaedics,"Medical College, Calcutta",1994,26,Kolkata,Dhakuria,Hospital,Manipal Hospitals (AMRI Hospitals),1100,"Dr. Sanjoy Bagchi is a Trauma Surgeon and Orthopaedician presently practices at NH Narayana Multispeciality Hospital (Kolkata). He accomplished his MBBS and MS (Ortho) from Calcutta Medical College. He served more than 15 years, during the span he solved many complicated cases, successfully and precisely.   Dr. Bagchi is a prominent Trauma Surgeon known for his expertise in treating acute physical injuries on an emergency basis and during this trauma surgery, he encompasses treatment of the most severe, life-threatening, penetrating and blunt force injuries. Moreover, he performs all surgical procedures that are necessary on an immediate basis, as well as for follow-up surgery.    Other than that, Dr. Bagchi treats the injuries of the musculoskeletal system and takes care of bones, joints, ligaments, tendons, muscles and nerves. Dr. Bagchi is also specialized in arthroscopy surgery of knee ligaments like ACL repair, PCL repair, and meniscus arthroscopic surgery.  ",90,40,23,1734453873415,11
11,2,940622,742817,1472967,https://imagesx.practo.com/providers/dr-aswini-kumar-pathak-orthopedic-surgeon-kolkata-10bebad4-5b25-4c01-a8b1-8885521ccc81.jpg,/kolkata/doctor/dr-aswini-pathak-general-physician?practice_id=1472967&specialization=Orthopedist&referrer=doctor_listing&page_uid=e26a3d71-d9b0-43f3-83ea-29e4c043fa24,Dr. Aswini  Kumar Pathak,Orthopedist,MBBS,"Medical College, Calcutta",1972,MS - Orthopaedics,University Of Calcutta,1977,52,Kolkata,Chittaranjan Avenue,Clinic,RB Diagnostic Centre,1000,,67,3,0,1734453874608,0
12,2,706470,101539,1033173,https://imagesx.practo.com/providers/dr-rajib-basu-orthopedic-surgeon-kolkata-bc733412-027f-4eb3-8b44-4c58aa4b6fc5.jpg,/kolkata/doctor/dr-rajib-basu-orthopedist?practice_id=1033173&specialization=Orthopedist&referrer=doctor_listing&page_uid=e26a3d71-d9b0-43f3-83ea-29e4c043fa24,Dr. Rajib Basu,Orthopedist,MBBS,Calcutta University,1995,MRCS (UK),"Royal College of Surgeons of Edinburgh (RCSE), U.K",2001,29,Kolkata,Dhakuria,Hospital,Manipal Hospitals (AMRI Hospitals),1500,,70,10,8,1734453874606,1
13,2,931115,1146771,1465502,https://imagesx.practo.com/providers/dr-mainak-chandra-orthopedic-surgeon-kolkata-956cba20-eb3f-422c-a372-7b5d3fcb71bc.jpg,/kolkata/doctor/mainak-chandra-orthotist?practice_id=1465502&specialization=Orthopedist&referrer=doctor_listing&page_uid=e26a3d71-d9b0-43f3-83ea-29e4c043fa24,Dr. Mainak Chandra,Orthopedist,MBBS,Calcutta University,2008,MS - Orthopaedics,The West Bengal university of health & Sciences,2012,15,Kolkata,Beliaghata,Clinic,Apollo Clinic,1000,,100,4,4,1734453874606,2
14,2,706813,798953,735842,https://imagesx.practo.com/providers/dr-subhadip-mandal-orthopedic-surgeon-kolkata-521dd1d4-a8e1-4f5b-9f6e-45a4d8cc000e.jpg,/kolkata/doctor/dr-subhadip-mandal-orthopedist?practice_id=735842&specialization=Orthopedist&referrer=doctor_listing&page_uid=e26a3d71-d9b0-43f3-83ea-29e4c043fa24,Dr. Subhadip Mandal,Orthopedist,MBBS,West Bengal of University of Health Sciences,2009,MS - Orthopaedics,West Bengal University of Health Sciences,2014,15,Kolkata,Salt Lake,Hospital,Manipal Hospital Broadway (AMRI Hospitals),1000,,100,2,2,1734453874606,3
15,2,686853,752395,1033173,https://imagesx.practo.com/providers/dr-bikash-chandra-mondal-orthopedic-surgeon-kolkata-c7b86b4b-2fd6-40c2-b30f-41edb494fa22.jpg,/kolkata/doctor/dr-bikash-chandra-mondal-orthopedist?practice_id=1033173&specialization=Orthopedist&referrer=doctor_listing&page_uid=e26a3d71-d9b0-43f3-83ea-29e4c043fa24,Dr. Bikash Chandra Mondal,Orthopedist,MBBS,Calcutta University,2005,MS - Orthopaedics,West Bengal University of Healthy Science,2012,19,Kolkata,Dhakuria,Hospital,Manipal Hospitals (AMRI Hospitals),800,,50,2,1,1734453874604,4
16,2,733350,885109,735842,https://imagesx.practo.com/providers/dr-tanmoy-karmakar-orthopedic-surgeon-kolkata-43bc5220-7853-4f17-8598-c0fbbdf2385b.jpg,/kolkata/doctor/tanmoy-karmakar-orthopedist?practice_id=735842&specialization=Orthopedist&referrer=doctor_listing&page_uid=e26a3d71-d9b0-43f3-83ea-29e4c043fa24,Dr. Tanmoy Karmakar,Orthopedist,MBBS, R. G. Kar Medical College and Hospital,2011,MS - Orthopaedics, R. G. Kar Medical College and Hospital,2015,13,Kolkata,Salt Lake,Hospital,Manipal Hospital Broadway (AMRI Hospitals),1000,,56,9,2,1734453874606,5
17,2,941216,1158442,1129338,https://imagesx.practo.com/providers/dr-soham-banik-orthopedic-surgeon-kolkata-bb6f8cf7-26fd-47ea-82c1-21754f96d9a2.jpg,/kolkata/doctor/dr-soham-banik-orthopedist?practice_id=1129338&specialization=Orthopedist&referrer=doctor_listing&page_uid=e26a3d71-d9b0-43f3-83ea-29e4c043fa24,Dr. Soham Banik,Orthopedist,MBBS,West Bengal University of Health Sciences,2014,MS - Orthopaedics,Maharashtra University Of Health Sciences,2020,9,Kolkata,Kasba,Hospital,Desun Hospital,750,,,0,0,1734453874608,6
18,2,940643,1157669,1472925,https://imagesx.practo.com/providers/dr-pratik-agarwal-orthopedic-surgeon-kolkata-e09a7976-223d-4cc3-b618-113d15008a0c.jpg,/kolkata/doctor/dr-pratik-agarwal-orthopedist-1?practice_id=1472925&specialization=Orthopedist&referrer=doctor_listing&page_uid=e26a3d71-d9b0-43f3-83ea-29e4c043fa24,Dr. Pratik Agarwal,Orthopedist,MBBS,West Bengal University of Health Sciences	,2013,MS - Orthopaedics,Bharati Vidyapeeth Deemed University,2020,11,Kolkata,Salt Lake,Hospital,RB Diagnostic,800,,,0,0,1734453874608,7
19,2,940545,935559,1471823,https://imagesx.practo.com/providers/dr-nikhil-sharma-orthopedic-surgeon-kolkata-d9e23472-9162-43c5-a030-3e538c7e5e41.jpg,/kolkata/doctor/nikhil-sharma-5-orthopedist-1?practice_id=1471823&specialization=Orthopedist&referrer=doctor_listing&page_uid=e26a3d71-d9b0-43f3-83ea-29e4c043fa24,Dr. Nikhil Sharma,Orthopedist,MBBS,"KPC Medical College, Jadavpur, Kolkata",2014,DNB - Orthopedics/Orthopedic Surgery,Nattional Board Of Examinations,2019,10,Kolkata,Lake Town,Hospital,RB Diagnostic,1000,,,0,0,1734453874608,8
20,2,863124,869222,1274844,https://imagesx.practo.com/providers/dr-prashant-kumar-joint-replacement-surgeon-kolkata-5059f8ec-27b6-4ccc-a5cf-45a0933e775e.jpg,/kolkata/doctor/dr-prashant-kumar-2-ortho-surgeon?practice_id=1274844&specialization=Orthopedist&referrer=doctor_listing&page_uid=e26a3d71-d9b0-43f3-83ea-29e4c043fa24,Dr. Prashant Kumar,Orthopedist,MBBS,"IPGMER,KOLKATA,West Bengal University of Health Sciences",2014,MS - Orthopaedics,West Bengal State University,2019,9,Kolkata,Beliaghata,Hospital,Techno India Dama Healthcare & Medical Centre,800,,,0,0,1734453874606,9
21,3,933553,738824,905893,,/kolkata/doctor/reet-mukhopadhyay-orthopedist?practice_id=905893&specialization=Orthopedist&referrer=doctor_listing&page_uid=206e2f09-f082-4b68-ab96-d1ec13dd7313,Dr. Reet Mukhopadhyay,Orthopedist,MBBS,"Maulana Azad Medical  College, Delhi University",2013,MS - Orthopaedics,Postgraduate Institute of Medical Education & Research,2018,10,Kolkata,Salt Lake,Hospital,ILS Hospitals,700,,,0,0,1734453876310,0
22,3,926626,1141601,1462858,https://imagesx.practo.com/providers/dr-anand-kumar-gupta-orthopedic-surgeon-kolkata-b6d98248-68c9-41db-bf19-8236b70bdf75.jpg,/kolkata/doctor/yash-12-physiotherapist?practice_id=1462858&specialization=Orthopedist&referrer=doctor_listing&page_uid=206e2f09-f082-4b68-ab96-d1ec13dd7313,Dr. Anand Kumar Gupta,Orthopedist,MBBS,West Bengal State University,2017,MS - Orthopaedics,Delhi University,2021,7,Kolkata,Chittaranjan Avenue,Clinic,Pro Care,1000,,,0,0,1734453876306,1
23,3,863332,1062761,1274844,https://imagesx.practo.com/providers/dr-swarnava-dattagupta-orthopedic-surgeon-kolkata-66e8e827-0d86-4c1e-9bc3-152d2f98cede.jpg,/kolkata/doctor/dr-swarnava-dattagupta-orthopedist?practice_id=1274844&specialization=Orthopedist&referrer=doctor_listing&page_uid=206e2f09-f082-4b68-ab96-d1ec13dd7313,Dr. Swarnava Dattagupta,Orthopedist,MBBS,West Bengal University of Health Sciences,2014,DNB - Orthopedics/Orthopedic Surgery,"National Board of Examination, India",2018,9,Kolkata,Beliaghata,Hospital,Techno India Dama Healthcare & Medical Centre,900,,,0,0,1734453876306,2
24,3,863134,1062760,1274844,https://imagesx.practo.com/providers/dr-swarnabha-mukhopadhyay-orthopedic-surgeon-kolkata-df96268e-b50f-4bc2-bafe-620343947e3a.jpg,/kolkata/doctor/dr-swarnabha-mukhopadhyay-orthopedist?practice_id=1274844&specialization=Orthopedist&referrer=doctor_listing&page_uid=206e2f09-f082-4b68-ab96-d1ec13dd7313,Dr. Swarnabha Mukhopadhyay,Orthopedist,MBBS,West Bengal University of Health Sciences,2015,MS - Orthopaedics,West Bengal University of Health Sciences,2021,9,Kolkata,Beliaghata,Hospital,Techno India Dama Healthcare & Medical Centre,900,,,0,0,1734453876306,3
25,3,952056,595686,1250516,https://imagesx.practo.com/providers/dr-avishek-das-joint-replacement-surgeon-kolkata-1732cd9e-7564-40e9-ab8e-15f8e8525dd7.jpg,/kolkata/doctor/dr-avishek-das-1-orthopedist?practice_id=1250516&specialization=Orthopedist&referrer=doctor_listing&page_uid=206e2f09-f082-4b68-ab96-d1ec13dd7313,Dr. Avishek Das,Orthopedist,MBBS,Calcutta University,2001,DNB - Orthopedics/Orthopedic Surgery,"National Board of Examination, India",2010,23,Kolkata,Mukundapur,Hospital,Manipal Hospitals (AMRI Hospitals),1000,"Dr. Avishek Das is a Joint Replacement Surgeon and Sports Medicine Surgeon at  Columbia Asia Hospital, Salt Lake, Kolkata  and at IRIS Hospital, Baghajatin, Kolkata and has an experience of 14 years in these fields. Dr. Avishek Das practices at Surakkha Clinic at Ekta Heights, Jadavpur and Kalikapur and Medi Dent in Salt Lake, Kolkata. He completed MBBS from Calcutta University in 2001 and DNB - Orthopedics/Orthopedic Surgery from Vivekananda Institute of Medical Sciences, Kolkata in 2010 . He worked at GoodHope",,2,0,1734453876314,4
26,3,873141,903645,1250516,https://imagesx.practo.com/providers/dr-nirmalya-deb-orthopedic-surgeon-kolkata-7d891532-e92d-4783-a875-e460d2d0b7d3.jpg,/kolkata/doctor/nirmalya-deb-ortho-surgeon?practice_id=1250516&specialization=Orthopedist&referrer=doctor_listing&page_uid=206e2f09-f082-4b68-ab96-d1ec13dd7313,Dr. Nirmalya Deb,Orthopedist,MBBS,Calcutta University,2001,Diploma in Orthopaedics,"The West Bengal University of Health Sciences (WBUHS), Kolkata",2007,23,Kolkata,Mukundapur,Hospital,Manipal Hospitals (AMRI Hospitals),1000,"Dr. Nirmalya Deb had done MCh Orth (UK), MSc Orth (UK), D Orth (Cal), MBBS (Cal), GK Arthroscopy Fellow(Coimbatore, India) Arthroplasty Fellow (DePuy,India)",,0,0,1734453876306,5
27,3,687660,577126,735842,https://imagesx.practo.com/providers/dr-manoj-kumar-khemani-orthopedic-surgeon-kolkata-2f604e7d-3a4b-47b9-849f-1182f6260338.jpg,/kolkata/doctor/dr-manoj-kumar-khemani-orthopedist-1?practice_id=735842&specialization=Orthopedist&referrer=doctor_listing&page_uid=206e2f09-f082-4b68-ab96-d1ec13dd7313,Dr. Manoj Kumar Khemani,Orthopedist,MBBS,Bankura Sammilani Medical College & Hospital,2002,M.Ch - Orthopaedics,"USAIM (University of Seychelles,American Institute of Medicine)",2015,22,Kolkata,Salt Lake,Hospital,Manipal Hospital Broadway (AMRI Hospitals),1000,"Dr. Manoj Kumar Khemani is a highly qualified and experienced Orthopaedic surgeon and an accomplished clinician. He has an experience of treating more than 8000 patients. He is an alumnus of B. S. Medical College, Calcutta University and received his specialist training from the prestigious Dr. D. Y. Patil Medical College, Pune. He completed his Mch. Ortho degree from the University of Seychelles and Advanced trauma life support course from AIIMS.  He has rich expertise in Joint Replacement surgeries, Complex Trauma, Sports and Spinal injuries. He also specializes in General and Elderly orthopedics. He has a special interest in osteoporosis and related complications.  Dr. Manoj Kumar Khemani is a member of the Indian Medical Association Indian Orthopedics Association and West Bengal Orthopaedic Association. He is also a life member of Trauma Society of India, Indian Arthroscopy Society & West Bengal Arthroplasty Society. He works from his clinic Healing Touch in Bangor Avenue. He is fully dedicated to his patients.",91,32,15,1734453876306,6
28,3,849869,896683,1250516,https://imagesx.practo.com/providers/dr-soham-mandal-orthopedic-surgeon-kolkata-23ccd094-b11a-4fb6-a89c-82c8dd76d6e2.jpg,/kolkata/doctor/dr-soham-mandal-orthopedist?practice_id=1250516&specialization=Orthopedist&referrer=doctor_listing&page_uid=206e2f09-f082-4b68-ab96-d1ec13dd7313,Dr. Soham Mandal,Orthopedist,MBBS,"Medical College, Calcutta",2012,DNB - Orthopedics/Orthopedic Surgery,"National Board of Education, New Delhi",2017,12,Kolkata,Mukundapur,Hospital,Manipal Hospitals (AMRI Hospitals),800,,100,4,0,1734453876306,7
29,3,691328,759270,1237847,https://imagesx.practo.com/providers/dr-prakash-mukherjee-orthopedic-surgeon-kolkata-069c4c85-7ab8-43a5-9071-83e9744036d1.jpg,/kolkata/doctor/prakash-mukherjee-orthopedist?practice_id=1237847&specialization=Orthopedist&referrer=doctor_listing&page_uid=206e2f09-f082-4b68-ab96-d1ec13dd7313,Dr. Prakash Mukherjee,Orthopedist,MBBS,Dibrugarh University,1975,Diploma in Orthopaedics,Calcutta University,1978,46,Kolkata,Sarat Bose Road,Clinic,Aloka Medicare Pvt. Ltd. (Formerly Calcutta Heart ),1200,,50,2,0,1734453876306,8
30,3,320528,344067,783140,https://imagesx.practo.com/providers/dr-bappaditya-sarkar-orthopedic-surgeon-kolkata-77d3d65f-9f5d-4ccc-bc09-c73caa4ea5da.jpg,/kolkata/doctor/dr-bappaditya-sarkar-orthopedist?practice_id=783140&specialization=Orthopedist&referrer=doctor_listing&page_uid=206e2f09-f082-4b68-ab96-d1ec13dd7313,Dr. Bappaditya Sarkar,Orthopedist,MBBS,Calcutta University,2002,Diploma in Orthopaedics,THE WEST BENGAL UNIVERSITY OF HEALTH SCIENCES,2009,22,Kolkata,Jodhpur Park,Clinic,Ashok Polyclinic Nursing Home,800,"Dr. Bappaditya Sarkar is an Orthopedics, Trauma and Minimally invasive Surgeon and has been practicing for last 18 years. He is an expert Trauma and Emergency surgeon and performs a range of Minimally invasive surgeries too. Some of the areas that he is specialized are surgeries for Fractures and limb surgeries, arthritis treatment and Keyhole surgeries. Dr. Sarkar operates at multiple clinics in Kolkata, providing world-class treatment at cost-effective prices. Being an experienced doctor, his fellows and counterparts often approach him for discussing complicated issues. Whenever he operates upon a patient, he makes sure all the procedures are aptly followed leaving no stone unturned to give the possible medical service.  The doctor has done his MBBS from Calcutta National Medical College in the year 2002. He has pursued his diploma in orthopedics in the year 2009 and has undergone MS degree in Surgery in the year 2012. All the qualifications are from Calcutta National Medical College.   The doctor has undertaken a special course in Fellowship in Minimal Access Surgery from IPGMER in the year 2016. He had an excellent academic career and has been a great reputed professional among his peer group.",96,53,27,1734453876305,9
31,4,551403,377969,735842,https://imagesx.practo.com/providers/dr-abhishek-saha-orthopedic-surgeon-kolkata-46064383-5142-476b-ac86-f949f324ddcc.jpg,/kolkata/doctor/drabhishek-saha-orthopedist?practice_id=735842&specialization=Orthopedist&referrer=doctor_listing&page_uid=199f6079-95a9-4b15-b985-7973bf2b4cdf,Dr. Abhishek Saha,Orthopedist,MBBS,"Maharashtra Universtity of Health Sciences, Nashik",2006,Diploma in Orthopaedics,JMF'S ACPM Medical college,2010,14,Kolkata,Salt Lake,Hospital,Manipal Hospital Broadway (AMRI Hospitals),800,,100,6,3,1734453877478,0
32,4,754411,900587,735842,https://imagesx.practo.com/providers/dr-rajeev-raman-orthopedic-surgeon-kolkata-ba4d872c-9cde-46c4-8428-1338599f9caa.jpg,/kolkata/doctor/rajeev-raman-orthopedist?practice_id=735842&specialization=Orthopedist&referrer=doctor_listing&page_uid=199f6079-95a9-4b15-b985-7973bf2b4cdf,Dr. Rajeev Raman,Orthopedist,MBBS,"The West Bengal University of Health Sciences (WBUHS), Kolkata",2003,MS - Orthopaedics,West Bengal State University,2007,21,Kolkata,Salt Lake,Hospital,Manipal Hospital Broadway (AMRI Hospitals),1000,Consultant Arthroscopy and Arthroplasty surgeon,60,5,3,1734453877478,1
33,4,763820,846008,1327211,https://imagesx.practo.com/providers/dr-abhishek-das-orthopedic-surgeon-kolkata-c9ed8bd0-f539-4299-bcd0-9b46ab516755.jpg,/kolkata/doctor/abhishek-das-ortho-surgeon?practice_id=1327211&specialization=Orthopedist&referrer=doctor_listing&page_uid=199f6079-95a9-4b15-b985-7973bf2b4cdf,Dr. Abhishek Das,Orthopedist,MBBS,West Bengal State University,2012,DNB - Orthopedics/Orthopedic Surgery,"National Board of Examination, India",2018,12,Kolkata,Tollygunge,Clinic,Safe Care Health Services,1000,"To serve the humanity is main motto upto my ability and credibility. Spreading love and gratitude. Schooling from Rama Krishna Mission, Under graduated from NRS Medical College, Kolkata, Post graduated from Kovai Medical Centre and Hospital, Coimbatore, had opportunity to learn from the gems of various sub speciality fields of Orthopaedics, ffrom here only I grew my love and passion for Orthopaedics. There after I practiced and got experienced from Maa Ram Pyari Ortho Centre, Ranchi and thereafter Apollo Gleneagles Hospital, Kolkata. Spend few months in Korea University Medical Centre, Guro Hospital, Seoul, South Korea for learning Deformity Correction and Paediatric Orthopaedics under the guidance of Pioneer in Paediatric Orthopaedics Prof H. R. Song. Then came back to my beloved City of Joy and still practising here. Now getting trained in Shoulder arthroscopy and arthroplasty from direct hands of Dr Abheek Kar. Currently attached to Apollo Gleneagles Hospital, Spandan Hospital, Kolkata.",,0,0,1734453877478,2
34,4,822012,999977,1033173,https://imagesx.practo.com/providers/dr-rajendra-singh-gaheer-orthopedic-surgeon-kolkata-aa88c908-9ea1-4157-ab23-485797385ac2.jpg,/kolkata/doctor/dr-rajendra-singh-gaheer-orthopedist?practice_id=1033173&specialization=Orthopedist&referrer=doctor_listing&page_uid=199f6079-95a9-4b15-b985-7973bf2b4cdf,Dr. Rajendra Singh Gaheer,Orthopedist,MBBS,Calcutta University,1997,MS - Orthopaedics,Calcutta University,2002,27,Kolkata,Dhakuria,Hospital,Manipal Hospitals (AMRI Hospitals),1000,,100,6,2,1734453877478,3
35,4,846142,1036405,1033173,https://imagesx.practo.com/providers/dr-gautam-saha-orthopedic-surgeon-kolkata-2793e6dd-e72b-439a-8871-00e691422c0b.jpg,/kolkata/doctor/dr-gautam-saha-1-orthopedist?practice_id=1033173&specialization=Orthopedist&referrer=doctor_listing&page_uid=199f6079-95a9-4b15-b985-7973bf2b4cdf,Dr. Gautam Saha,Orthopedist,MBBS,Calcutta University,1984,MS - Orthopaedics,"All India Institute of Medical Sciences, New Delhi",1988,36,Kolkata,Dhakuria,Hospital,Manipal Hospitals (AMRI Hospitals),1500,,75,4,2,1734453877479,4
36,4,687656,594811,735842,https://imagesx.practo.com/providers/dr-b-k-saha-orthopedic-surgeon-kolkata-e9dff08a-4eb9-4893-b6d3-144cc04ea77e.jpg,/kolkata/doctor/dr-b-k-saha-orthopedist?practice_id=735842&specialization=Orthopedist&referrer=doctor_listing&page_uid=199f6079-95a9-4b15-b985-7973bf2b4cdf,Dr. B K Saha,Orthopedist,MBBS,Chittagong Medical College and Hospital,1983,MS - Orthopaedics,University Of Dhaka,2000,24,Kolkata,Salt Lake,Hospital,Manipal Hospital Broadway (AMRI Hospitals),1000,,100,2,1,1734453877478,5
37,4,838099,876124,1033173,https://imagesx.practo.com/providers/dr-shomik-sarkar-joint-replacement-surgeon-kolkata-dc3e2275-80fd-4152-a6ea-0091fc5bf1ad.jpg,/kolkata/doctor/shomik-sarkar-orthopedist?practice_id=1033173&specialization=Orthopedist&referrer=doctor_listing&page_uid=199f6079-95a9-4b15-b985-7973bf2b4cdf,Dr. Shomik Sarkar,Orthopedist,MBBS,"Rajiv Gandhi University of Health Sciences, Bangalore, India",2011,Diploma in Orthopaedics,JJMMC Davangere RGUHS Bangalore,2014,13,Kolkata,Dhakuria,Hospital,Manipal Hospitals (AMRI Hospitals),800,,,2,0,1734453877478,6
38,4,754424,911607,735842,https://imagesx.practo.com/providers/dr-arunangsu-bhattacharyya-orthopedic-surgeon-kolkata-3e0edf5f-267e-4b40-a6f2-70d145c14ce5.jpg,/kolkata/doctor/arunangsu-bhattacharyya-orthopedist?practice_id=735842&specialization=Orthopedist&referrer=doctor_listing&page_uid=199f6079-95a9-4b15-b985-7973bf2b4cdf,Dr. Arunangsu Bhattacharyya,Orthopedist,MBBS,Burdwan Medical College,1995,MS - Orthopaedics,Sambalpur University,2000,29,Kolkata,Salt Lake,Hospital,Manipal Hospital Broadway (AMRI Hospitals),1000,,67,3,1,1734453877478,7
39,4,931116,813662,1465502,https://imagesx.practo.com/providers/dr-suhas-ranjan-bala-orthopedic-surgeon-kolkata-43e9b8b8-8f48-4be1-91f3-b471c10005c8.jpg,/kolkata/doctor/dr-dr-suhas-ranjan-bala-orthopedist?practice_id=1465502&specialization=Orthopedist&referrer=doctor_listing&page_uid=199f6079-95a9-4b15-b985-7973bf2b4cdf,Dr. Suhas Ranjan Bala,Orthopedist,MBBS,Calcutta University,1982,DO,Calcutta University,1985,29,Kolkata,Beliaghata,Clinic,Apollo Clinic,1000,,100,2,2,1734453877479,8
40,4,597730,568962,711006,https://imagesx.practo.com/providers/dr-arunava-lala-orthopedic-surgeon-kolkata-c860e4b2-4dd6-45ba-81a8-07017af021bf.jpg,/kolkata/doctor/dr-arunava-lala-orthopedist?practice_id=711006&specialization=Orthopedist&referrer=doctor_listing&page_uid=199f6079-95a9-4b15-b985-7973bf2b4cdf,Dr. Arunava Lala,Orthopedist,MBBS,"Rajiv Gandhi University of Health Sciences, Bangalore, India",2006,MS - Orthopaedics,Ch. Charan Singh University,2009,18,Kolkata,Baghajatin,Hospital,IRIS Hospital,800,Joint Replacemernt and Orthopaedic Trauma surgeon with vast experience working in various hospitals of Kolkata.,50,6,3,1734453877478,9
41,5,856886,1052478,711006,https://imagesx.practo.com/providers/dr-asish-kumar-mandal-orthopedic-surgeon-kolkata-706a6d2e-ba26-4f5a-af82-b1915f097191.jpg,/kolkata/doctor/dr-asish-kumar-mandal-orthopedist?practice_id=711006&specialization=Orthopedist&referrer=doctor_listing&page_uid=b8e1d88c-a522-497b-8178-4d1876a10c00,Dr. Asish Kumar Mandal,Orthopedist,MBBS,University Of Calcutta,2007,DNB - Orthopedics/Orthopedic Surgery,"National Board of Education, New Delhi",2016,16,Kolkata,Baghajatin,Hospital,IRIS Hospital,700,,,0,0,1734453878402,-1
42,5,896442,1047573,1137685,https://imagesx.practo.com/providers/dr-keshav-digga-orthopedic-surgeon-kolkata-a56f7bfc-c54f-4465-9cc0-e1081ffe0458.jpg,/kolkata/doctor/keshav-digga-orthopedist?practice_id=1137685&specialization=Orthopedist&referrer=doctor_listing&page_uid=b8e1d88c-a522-497b-8178-4d1876a10c00,Dr. Keshav Digga,Orthopedist,MBBS,"KLE University, Belgaum",2017,MS - Orthopaedics,DY Patil University,2021,7,Kolkata,Bhawanipore,Clinic,Gajanan Clinic,800,,,0,0,1734453878404,-1
43,5,863126,1052944,1274844,https://imagesx.practo.com/providers/dr-sondipon-biswas-orthopedic-surgeon-kolkata-c845f362-5e41-4f5b-b564-1056309850ca.jpg,/kolkata/doctor/sondipon-biswas-orthopedist?practice_id=1274844&specialization=Orthopedist&referrer=doctor_listing&page_uid=b8e1d88c-a522-497b-8178-4d1876a10c00,Dr. Sondipon Biswas,Orthopedist,MBBS,West Bengal University of Health Sciences,2012,MS - Orthopaedics,"Chhatrapati Shahu Ji Maharaj University, Kanpur",2017,11,Kolkata,Beliaghata,Hospital,Techno India Dama Healthcare & Medical Centre,900,,,0,0,1734453878403,-1
