rank,page,id,doctor_id,practice_id,image_url,profile_url,doctor_name,specialization,qualification,college,completion_year,qualification,college,completion_year,experience_years,practice_city,practice_locality,practice_type,practice_name,consultation_fees,summary,recommendation_percent,patients_count,reviews_count,timestamp,position,
1,1,847795,571240,1410302,https://imagesx.practo.com/providers/dr-naveen-chettupalli-pediatrician-hyderabad-787a7778-2746-480a-a6e5-f4a1c400f5a8.jpg,/hyderabad/doctor/naveen-chettupalli-pediatrician?practice_id=1410302&specialization=Pediatrician&referrer=doctor_listing&page_uid=fc9a9970-f3b8-44d2-8b8a-c4d2211caa3a,Dr. Naveen Chettupalli,Pediatrician,MBBS,Dr. NTR University of Health Sciences Andhra Pradesh,2009,DNB - Paediatrics,National Board Of Examination,2015,15,Hyderabad,Madhapur,Hospital,Sravani Hospital,750,General pediatrician with 7 years experience and would extend my clinical expertise for the well being and health of kids,100,113,24,1734453808679,2
2,1,569509,21734,1138966,https://imagesx.practo.com/providers/dr-s-sridevi-pediatrician-chennai-a4ff9e9f-ce76-4402-98f7-80f602041f4b.jpg,/hyderabad/doctor/dr-sridevi-pediatrician-1?practice_id=1138966&specialization=Pediatrician&referrer=doctor_listing&page_uid=fc9a9970-f3b8-44d2-8b8a-c4d2211caa3a,Dr. S Sridevi,Pediatrician,MBBS,"Kilpauk Medical College, Chennai",1976,MD - Pediatrics,"University Of Madras, India",1982,48,Hyderabad,Saidabad,Clinic,Apex Medical and Dental Centre,400,36 years of experience as a general pediatrician and nutrition specialist she has experience in handling all types of emergencies and diseases from neonatology to adolescents. Advice on preventive vaccinations and maintain records of vaccination in the clinic. Advice on nutrition and maintain growth charts for children below five.,98,47,34,1734453808678,3
3,1,323118,284472,785280,https://imagesx.practo.com/providers/dr-ashwin-reddy-pediatrician-hyderabad-23bfba81-36a0-4dda-a360-9b92f51037af.jpg,/hyderabad/doctor/dr-ashwin-reddy-pediatrician-1?practice_id=785280&specialization=Pediatrician&referrer=doctor_listing&page_uid=fc9a9970-f3b8-44d2-8b8a-c4d2211caa3a,Dr. Ashwin Reddy,Pediatrician,MBBS,Rajiv Gandhi University of Health Sciences,2006,MD - Pediatrics,"Bharati Vidyapeeth University, Pune",2012,18,Hyderabad,Secunderabad,Clinic,Ashwin Children Hospital,450,Children's Doctor,96,106,37,1734453808678,5
4,1,570957,584972,1139835,https://imagesx.practo.com/providers/dr-srikanth-darisetty-pediatrician-hyderabad-500bea61-6caa-449b-ae1d-15b0b57c717e.jpg,/hyderabad/doctor/dr-srikanth-darisetty-pediatrician?practice_id=1139835&specialization=Pediatrician&referrer=doctor_listing&page_uid=fc9a9970-f3b8-44d2-8b8a-c4d2211caa3a,Dr. Srikanth Darisetty,Pediatrician,MBBS,Dr. NTR University of Health Sciences Andhra Pradesh,2010,MD - Pediatrics,CAIMS,2014,14,Hyderabad,Malkajgiri,Clinic,Dr. D . Srikanth clinic,550,"Pediatrician by profession.. Intensivist, neonatologist and consultant in healing touch clinic and healing touch hospital hospital",100,122,85,1734453808678,6
5,1,736039,458278,1308456,https://imagesx.practo.com/providers/dr-bhargavi-arun-pediatrician-hyderabad-45a89ae2-8d84-43dc-9b22-58ef345d97ee.jpg,/hyderabad/doctor/dr-bhargavi-4-paediatric-intensivist?practice_id=1308456&specialization=Pediatrician&referrer=doctor_listing&page_uid=fc9a9970-f3b8-44d2-8b8a-c4d2211caa3a,Dr. Bhargavi Arun,Pediatrician,MBBS,Dr. NTR University of Health Sciences Andhra Pradesh,2007,MD - Pediatrics,Dr. NTR University of Health Sciences Andhra Pradesh,2012,17,Hyderabad,Kukatpally,Clinic,Milestones Children's Clinic,500,"Dr. Bhargavi Arun has done MBBS from Osmania General Hospital, an MD in Pediatrics from Niloufer Hospital. She has vast experience in Child Development, Diseases, and Child Psychology.",98,175,101,1734453808679,7
6,1,942645,867204,1474193,https://imagesx.practo.com/providers/dr-avani-pediatrician-hyderabad-89e4a8c7-0a97-457e-a7f3-aadbbdfef7f5.jpg,/hyderabad/doctor/dr-avani-paediatrics?practice_id=1474193&specialization=Pediatrician&referrer=doctor_listing&page_uid=fc9a9970-f3b8-44d2-8b8a-c4d2211caa3a,Dr. Avani,Pediatrician,MBBS,Dr. NTR University of Health Sciences Andhra Pradesh,2011,Diploma in Child Health (DCH),Dr. NTR University of Health Sciences Andhra Pradesh,2016,13,Hyderabad,Nagole,Clinic,Dr. Avani's Cradle Child Clinics,300,Dr avani completed MBBS  and DCH in PIMS .. Have experience for 10 plus years,94,77,59,1734453808679,8
7,1,857146,902216,663465,https://imagesx.practo.com/providers/dr-sudheer-kumar-pediatrician-hyderabad-9a88e347-e4cf-4b38-9572-a5af11fffd45.jpg,/hyderabad/doctor/sudheer-kumar-1-pediatrician?practice_id=663465&specialization=Pediatrician&referrer=doctor_listing&page_uid=fc9a9970-f3b8-44d2-8b8a-c4d2211caa3a,Dr. Sudheer Kumar,Pediatrician,MBBS,Osmania University,1982,Diploma in Child Health (DCH),Osmania University,1987,42,Hyderabad,Gachibowli,Hospital,Continental Hospitals,900,"Dr Sudheer Kumar is an alumnus of HPS Begumpet, Osmania University and Chidambaram University, Tamilnadu.   He is a doctor of great ethics, etiquette and medical values and extreme integrity. Trained under teachers of high calibre and experience who laid more emphasis on clinical acumen, diagnostic skills and therapeutic interventions. He brings with him a lifetime of 33 years experience in the field of paediatrics which include general paediatrics, neonatology, social paediatrics and vaccinology.   He is a great contributor to the continued medical education for upcoming doctors and medicos. He has conducted several CMEs, seminars, conferences and workshops. He has also served in various positions in IMA and IAP for the Andhra Pradesh and Telangana chapter.   He also does philanthropic work with various social organisations and NGOs in conducting and taking part in free health camps.  Dr Sudheer is an ardent sports lover and played for the reputed HPS football team and has represented AP schools. He believes in simple living and high thinking. According to him, the sky is the limit in your quest for knowledge.",100,10,9,1734453808679,9
8,1,492200,532708,1068853,https://imagesx.practo.com/providers/dr-p-kirthini-pediatrician-hyderabad-409bbb5f-f716-4913-a90e-177afb656509.jpg,/hyderabad/doctor/kirthini-pediatrician?practice_id=1068853&specialization=Pediatrician&referrer=doctor_listing&page_uid=fc9a9970-f3b8-44d2-8b8a-c4d2211caa3a,Dr. P. Kirthini,Pediatrician,Diploma in Child Health (DCH),Jagadguru Jayadeva Murugarajendra Medical College (JJMMC),2011,MBBS,"College of Medical Sciences, Bharatpur",2002,22,Hyderabad,Madinaguda,Clinic,Tripura Children's Clinic,400,Dr. Kirthini is a Pediatrician and practices in Tripura Children's Clinic. She has 9 years of experience and had good hands in practice.,97,115,37,1734453808678,10
9,1,664372,710730,672148,https://imagesx.practo.com/providers/dr-rajesh-reddy-pediatrician-hyderabad-7902f565-750d-4524-aa4b-102a075711b9.jpg,/hyderabad/doctor/dr-dr-rajesh-reddy-pediatrician?practice_id=672148&specialization=Pediatrician&referrer=doctor_listing&page_uid=fc9a9970-f3b8-44d2-8b8a-c4d2211caa3a,Dr. Rajesh Reddy,Pediatrician,MBBS,Dr. NTR University of Health Sciences Andhra Pradesh,2008,Diploma in Child Health (DCH),Dr. NTR University of Health Sciences Andhra Pradesh,2013,16,Hyderabad,Banjara Hills,Hospital,Little Stars and She Hospital,600,"Dr. M. Rajesh Reddy is a Consultant Pediatrician & Neonatologist in Little Star Children's Hospital, Panjagutta, Hyderabad. He has an experience of 9 years in this field. He had completed MBBS from Dr. NTR University of Health Sciences in 2008 and Diploma in Child Health(DCH) in 2013. He had also completed Fellowship in Neonatology(NNF) in 2015. He underwent training in NRP & PALS. He was also trained in Bayley Scales of Infant and Toddler Development. He has been practicing as a Consultant Pediatrician & Intensivist in Little Stars Children's Hospital for past 5 years. His areas of interest are General Pediatrics, Growth & Development, Behavioural Problems, Allergy and Atopy etc. In Children.",90,10,6,1734453808679,11
10,1,246401,337430,730878,https://imagesx.practo.com/providers/dr-d-srikanth-reddy-pediatrician-hyderabad-8c8d0e72-eea0-4b4e-80f0-1b599473d1fc.jpg,/hyderabad/doctor/dr-d-srikanth-reddy-pediatrician?practice_id=730878&specialization=Pediatrician&referrer=doctor_listing&page_uid=fc9a9970-f3b8-44d2-8b8a-c4d2211caa3a,Dr. D. Srikanth Reddy,Pediatrician,MBBS,Kasturba Medical  College,2001,Diploma in Child Health (DCH),Kasturba Medical  College,2004,23,Hyderabad,Ramanthapur,Clinic,Children's Clinic & Vaccination Centre,600,"Dr. D. Srikanth Reddy has over 19 years of rich overall experience and 16 years as a Specialist in the field of General Pediatrics, Critical Care Pediatrics and Neonatology. He has a special interest in the area of Pediatric Infectious Diseases and Gastroenterology.",95,19,10,1734453808678,13
11,2,90848,204353,663952,https://imagesx.practo.com/providers/dr-sravanthi-j-general-physician-hyderabad-1c1785ce-5a36-4ea7-bfbc-6073105ca819.jpg,/hyderabad/doctor/dr-j-sravanthi-pediatrician?practice_id=663952&specialization=Pediatrician&referrer=doctor_listing&page_uid=321b7b36-f331-4907-b43b-e6c32cae27a0,Dr. Sravanthi J,Pediatrician,MBBS,"Osmania Medical College, Hyderabad",2002,Diploma in Child Health (DCH),"Osmania Medical College, Hyderabad",2006,22,Hyderabad,Domalguda,Clinic,Sai Vani Superspeciality Hospital,800,"MD INTERNAL MEDICINE (OSMANIA MEDICAL COLLEGE), DCH - CHILD SPECIALIST (NILOUFER HOSPITAL), FELLOW IN NEONATOLOGY - FERNANDEZ HOSPITAL. Expert in all infectious diseases in all age groups , asthma & allergic disorders, lifestyle management ,Diabetes management. Hypertension , VACCINATION FOR ALL AGE GROUPS & ALSO IN HIGH RISK CASES and also TRAVEL VACCINATION given in the clinic. Special interest in women health issues.",97,128,34,1734453810004,0
12,2,547392,569413,1124551,https://imagesx.practo.com/providers/dr-uday-kumar-sahu-pediatrician-hyderabad-e52b85f2-09ea-4735-a1d0-35b9a65797fc.jpg,/hyderabad/doctor/dr-uday-kumar-sahu-pediatrician-1?practice_id=1124551&specialization=Pediatrician&referrer=doctor_listing&page_uid=321b7b36-f331-4907-b43b-e6c32cae27a0,Dr. Uday Kumar Sahu,Pediatrician,MBBS,"Sriram Chandra Bhanj Medical College, Cuttack",1989,MD - Pediatrics,"Sriram Chandra Bhanj Medical College, Cuttack",1992,31,Hyderabad,Kondapur,Clinic,Savitri Children's Clinic,800,"Though jovial in nature, Dr. Uday is a serious doctor when it comes to the health of children. He began his career in 1994 by establishing CDR hospital for children, the first private pediatric hospital in Hyderabad. Having trained in Canada, He was the first neonatologist in earstwhile Andhra Pradesh. He has keen in rendering expertise to new born babies as well as children with nerve, heart, metabolic, endocrine and allergic disorder. He is a family man and when not practicing Doctor on call facility is available He indulge in his passion for singing and socialize with friends at golf",93,201,128,1734453810005,1
13,2,645178,568208,1135165,https://imagesx.practo.com/providers/dr-dinesh-kumar-chirla-neonatologist-hyderabad-58ce6016-f3b2-485b-b2b1-4c4cd279fa73.jpg,/hyderabad/doctor/dr-dinesh-kumar-chirla-pediatrician?practice_id=1135165&specialization=Pediatrician&referrer=doctor_listing&page_uid=321b7b36-f331-4907-b43b-e6c32cae27a0,Dr. Dinesh Kumar Chirla,Pediatrician,MBBS,Dr. Baba Saheb Ambedkar Marathwada University,1991,MD - Pediatrics,Dr. Baba Saheb Ambedkar Marathwada University,1994,33,Hyderabad,Kondapur,Hospital,Rainbow Children's Clinic,600,,90,10,6,1734453810005,2
14,2,812167,409114,1377112,https://imagesx.practo.com/providers/dr-ganta-rami-reddy-pediatrician-hyderabad-da7f0a8a-a6ac-4819-af4c-904d814f2265.jpg,/hyderabad/doctor/dr-rajesh-reddy-pediatrician-2?practice_id=1377112&specialization=Pediatrician&referrer=doctor_listing&page_uid=321b7b36-f331-4907-b43b-e6c32cae27a0,Dr. Ganta Rami Reddy,Pediatrician,MBBS,Hebei Medical University,2012,MD - Pediatrics,Dr. NTR University of Health Sciences Andhra Pradesh,2017,12,Hyderabad,Kondapur,Clinic,Neo Asian Clinics,500,,94,71,32,1734453810005,3
15,2,936266,326918,1458090,https://imagesx.practo.com/providers/dr-mukesh-kumar-khetan-pediatrician-hyderabad-368f6cbd-e1f8-4a06-98a4-093b35b97dff.jpg,/hyderabad/doctor/dr-mukesh-kumar-khetan-pediatrician-1-general-physician?practice_id=1458090&specialization=Pediatrician&referrer=doctor_listing&page_uid=321b7b36-f331-4907-b43b-e6c32cae27a0,Dr. Mukesh Kumar Khetan,Pediatrician,MBBS,"Manipal Academy Of Higher Education, Manipal, India",2001,DNB - Pediatrics,National Board Of Examination,2007,23,Hyderabad,Financial District,Hospital,Rainbow Children's Hospital,850,,97,2043,237,1734453810005,4
16,2,883485,1052759,1440750,https://imagesx.practo.com/providers/dr-neena-reddy-mukkala-pediatrician-hyderabad-f630d9d8-faa4-4d33-a4e7-88280416047d.jpg,/hyderabad/doctor/neena-reddy-mukkala-pediatrician?practice_id=1440750&specialization=Pediatrician&referrer=doctor_listing&page_uid=321b7b36-f331-4907-b43b-e6c32cae27a0,Dr. Neena Reddy Mukkala,Pediatrician,MD - Pediatrics,Dr. NTR University of Health Sciences Andhra Pradesh,2016,MBBS,Dr. NTR University of Health Sciences Andhra Pradesh,2011,9,Hyderabad,Narsingi,Clinic,Global Diagnostics And Clinics,500,,100,16,15,1734453810005,5
17,2,879260,1086670,1437758,https://imagesx.practo.com/providers/dr-shashi-dhar-thakur-pediatrician-hyderabad-a1ae2b71-513f-4bab-9715-6751e6d0bca3.jpg,/hyderabad/doctor/dr-shashi-dhar-thakur-pediatrician?practice_id=1437758&specialization=Pediatrician&referrer=doctor_listing&page_uid=321b7b36-f331-4907-b43b-e6c32cae27a0,Dr. Shashi Dhar Thakur,Pediatrician,MBBS,Dr. NTR University of Health Sciences Andhra Pradesh,2008,Diploma in Child Health (DCH),Rajiv Gandhi University of Health Sciences,2012,14,Hyderabad,Srinagar Colony,Hospital,Green Med Hospital,500,"Dr. Shashi Dhar Thakur has vast experience in NICU & PICU where he managed both term and pre-term babies and critically ill paediatric cases (Asthama, Epilepsy, dengue, etc. at various institutes. ",98,41,34,1734453810005,6
18,2,866,1236,672148,https://imagesx.practo.com/providers/dr-satish-ghanta-pediatrician-hyderabad-b49505cd-c93c-4a5f-9f08-0eb428008628.jpg,/hyderabad/doctor/dr-satish-ghanta-dentist?practice_id=672148&specialization=Pediatrician&referrer=doctor_listing&page_uid=321b7b36-f331-4907-b43b-e6c32cae27a0,Dr. Satish Ghanta,Pediatrician,MBBS,Manipal University,1993,MD - Pediatrics,Dr. NTR University of Health Sciences Andhra Pradesh,1997,26,Hyderabad,Banjara Hills,Hospital,Little Stars and She Hospital,1200,,83,30,21,1734453810004,7
19,2,553111,132607,1122372,https://imagesx.practo.com/providers/dr-koteswar-rao-pediatrician-hyderabad-4d3513eb-0426-4861-b74f-68cc650145c6.jpg,/hyderabad/doctor/dr-koteswar-rao-pulmonologist?practice_id=1122372&specialization=Pediatrician&referrer=doctor_listing&page_uid=321b7b36-f331-4907-b43b-e6c32cae27a0,Dr. Koteswar Rao,Pediatrician,MBBS,"Osmania Medical College, Hyderabad",1979,MD - Pediatrics,"Hahnemann University Hospital, Philadelphia, USA",1990,32,Hyderabad,Jubilee Hills,Clinic,Apollo Cradle & Children’s Hospital,800,"Dr Koteshwar Rao is a Pediatrician and Neonatologist with an experience of 26 years in these fields. He practices at Apollo Hospitals and Apollo Cradle in Jubilee Hills, Hyderabad. Completed his MBBS in Osmania Medical College, Hyderabad in 1979, MD – Pediatrics from Hahnemann University Hospital, Philadelphia, USA in 1990 and MD – Neonatology from North Shore University Hospital, Newyork, USA in 1993. Later worked as Neonatologist at Maimonides Medical Center, Newyork. After moving to India he started working in Apollo Hospitals.  He is a member of Indian Medical Association (IMA). Some of the services provided by the doctor are: Newborn Jaundice,Nebulisations,New Born Care,Infant & Child nutrition and Growth & Development Evaluation / Management etc. ",92,12,5,1734453810005,8
20,2,164790,270718,688357,https://imagesx.practo.com/providers/dr-p-k-rajeev-pediatrician-hyderabad-d0b6e5ac-1c5f-496e-a335-4da0c83fafbb.jpg,/hyderabad/doctor/dr-p-k-rajeev-pediatrician?practice_id=688357&specialization=Pediatrician&referrer=doctor_listing&page_uid=321b7b36-f331-4907-b43b-e6c32cae27a0,Dr. P.K.Rajeev,Pediatrician,MBBS,"Kakatiya Medical College, Wrangal",1999,MD - Pediatrics,"Gandhi Medical College, Hyderabad",2011,19,Hyderabad,Malkajgiri,Clinic,Shreyass Clinic,900,,88,24,5,1734453810004,9
21,3,906070,720862,1458090,https://imagesx.practo.com/providers/dr-pratima-verma-pediatrician-hyderabad-b1813bca-23da-4515-800f-5753b8b6dbc0.jpg,/hyderabad/doctor/dr-pratima-verma-pediatrician?practice_id=1458090&specialization=Pediatrician&referrer=doctor_listing&page_uid=67cd0def-e5da-4307-898c-9fb792ce6d14,Dr. Pratima Verma,Pediatrician,MBBS,"Osmania Medical College, Hyderabad",2003,"Member of the Royal College of Paediatrics and Child Health (MRCPCH, London, Glasgow or Edinburgh)","Royal college of paediatrics and child health, UK",2009,21,Hyderabad,Financial District,Hospital,Rainbow Children's Hospital,1000,"Dr Pratima Verma is a Consultant Paediatrician with Paediatric Nephrology Interest. Dr Pratima Verma has done her MBBS from Osmania Medical College, Hyderabad in 2003 and has completed her postgraduate and sub specialty training in Paediatrics and Nephrology from West Midlands and Birmingham Children's Hospital in UK. She has 15 years of experience in this field of paediatrics and has presented at National and International conferences in the UK. Medical education is also one of her interests. She has been the Audit Lead in her department in UK. Her special interest involves looking after children with all kidney conditions.",100,26,13,1734453811229,0
22,3,773027,335455,734645,https://imagesx.practo.com/providers/dr-madhavi-rs-pediatrician-hyderabad-a9ecb648-673c-46b1-a52c-a8dff2085379.jpg,/hyderabad/doctor/dr-madhavi-rs-pediatrician?practice_id=734645&specialization=Pediatrician&referrer=doctor_listing&page_uid=67cd0def-e5da-4307-898c-9fb792ce6d14,Dr. Madhavi RS,Pediatrician,MBBS,"University Of Mysore, India",1997,DNB - Paediatrics,"Manipal  Hospital, Bangalore",2003,21,Hyderabad,Banjara Hills,Clinic,Cloudnine Hospital (formerly The Birthplace),1100,"Dr. Madhavi is a compassionate pediatrician and an all-round friendly person with an eye for perfection. Her kindness and love for children shines through in everything she does. She graduated from the prestigious Mysore Medical College and did her Post-graduation in Pediatrics from the reputed Manipal Hospital, Bangalore. She has a passion for creative writing.   An expert in the field of newborn care, pediatrics, child nutrition and pediatric asthma, she is trained to meet the unique needs of children, through all of their developmental stages, as they grow and mature. She especially excels at guiding new parents about introducing solids to infants and handholds them during the transition away from breastfeeding. She is committed to giving comprehensive care to her patients. Her mission is to improve health of children through proper nutrition and various preventive strategies. She strongly believes that 'a child is what he or she eats' and will eventually eat 'what the parent eats.' She constantly puts efforts to educate parents to inculcate good dietary and lifestyle habits and to be good role models for their children.   ",91,82,34,1734453811229,1
23,3,557388,276624,1132578,https://imagesx.practo.com/providers/dr-lokesh-lingappa-pediatrician-hyderabad-d21b5e1c-3124-4f9d-9e6e-af5fcfbfcf5b.jpg,/hyderabad/doctor/dr-lokesh-lingappa-pediatrician-pediatrician?practice_id=1132578&specialization=Pediatrician&referrer=doctor_listing&page_uid=67cd0def-e5da-4307-898c-9fb792ce6d14,Dr. Lokesh Lingappa,Pediatrician,MBBS,"Mahadevappa Rampure Medical College, Gulbarga",1995,MD - Pediatrics,"Royal College of Pediatrics and Child Health, London",2004,29,Hyderabad,Banjara Hills,Hospital,Rainbow Children's Hospital,1500,"Dr Lokesh Lingappa is a Consultant Child and Adolescent Neurologist at Rainbow Children’s Hospital, Hyderabad. He completed his MBBS from Karnatak Medical College, Hubli, Karnataka in 1995. He did his Pediatric Training from Postgraduate Institute of Medical Education and Research (PGIMER), Chandigarh and trained in neurology (DM Neurology) at National Institute of Mental Health and Neurosciences (NIMHANS), Bengaluru. He pursued his passion to further pediatric neurology training and completed MRCPCH from UK and was trained at Birmingham Children’s Hospital, Frenchay Hospital, Bristol, UK and Bristol Children’s Hospital as Fellow in Pediatric Neurology. Dr. Lingappa was awarded the Best Outgoing Neurology Student (Dr Anisya Vasanth Award) at NIMHANS. He also received Travel Fellowship Grant Award at International Child Neurology Conference (ICNA) held at Montreal, Canada in 2006. Dr. Lingappa’s research interests range from neonatal neurological disorders, infantile epilepsy, intensive care neurology and long term outcomes of acute neurological disorders. Dr. Lingappa is a member of various associations and bodies namely, International Child Neurology Association(ICNA), Association of Child Neurology, Indian Academy of Neurology (IAN) India - LM 622, and Indian Academy of Paediatrics. He is also the Organising Secretary of Paediatric Epilepsy Society of Hyderabad (PESH), Hyderabad.",85,20,5,1734453811227,2
24,3,685454,583937,1122997,https://imagesx.practo.com/providers/dr-suryaprakash-hedda-pediatrician-hyderabad-e167d51e-95d2-46d5-aa4c-a495e6543cb9.jpg,/hyderabad/doctor/dr-suryaprakash-hedda-pediatrician?practice_id=1122997&specialization=Pediatrician&referrer=doctor_listing&page_uid=67cd0def-e5da-4307-898c-9fb792ce6d14,Dr. Suryaprakash Hedda,Pediatrician,MBBS,"Rajiv Gandhi University of Health Sciences, Bangalore, India",2009,MD - Pediatrics,"J.S.S Medical College, Mysore",2014,13,Hyderabad,Sanath Nagar,Hospital,Renova Neelima Hospitals (formerly Neelima Hospitals),500,"Dr. Suryaprakash Hedda is a Pediatrician and Perinatologist in Banjara Hills, Hyderabad and has an experience of 6 years in these fields. Dr. Suryaprakash Hedda practices at Femina Womens Hospital in Banjara Hills, Hyderabad. He completed MBBS from JNMC Medical College, Rajiv Gandhi University Of Medical Sciences Karnataka in 2009, MD - Paediatrics from Mysore JSS Medical College in 2014 (Gold Medalist) and Fellowship in Perinatal Medicine from St. John's Medical College in 2016.  Experience in managing ELBW, VLBW and all other high-risk newborns with the special interest in non-invasive ventilation(NIV).",93,28,14,1734453811228,3
25,3,557403,568461,1132571,https://imagesx.practo.com/providers/dr-ramesh-konanki-pediatrician-hyderabad-e8f8101a-fb45-4191-9dd3-f6247b2622ba.jpg,/hyderabad/doctor/dr-ramesh-konanki-1-neurologist?practice_id=1132571&specialization=Pediatrician&referrer=doctor_listing&page_uid=67cd0def-e5da-4307-898c-9fb792ce6d14,Dr. Ramesh Konanki,Pediatrician,MBBS,Dr. NTR University of Health Sciences Andhra Pradesh,2003,MD - Pediatrics,"All India Institute of Medical Sciences, New Delhi",2007,21,Hyderabad,Vikrampuri Colony,Hospital,Rainbow Children's Hospital,1000,"Dr.Ramesh Konanki has graduated (MBBS) from the prestigious Kurnool Medical College, Kurnool in 2003, and completed MD Pediatrics from the premier medical institute in the country, the All India Institute of Medical Sciences (AIIMS), New Delhi in 2011. He further completed DM Pediatric Neurology (3-year programme) from All India Institute of Medical Sciences, New Delhi. He acquired extensive training in managing simple and complex neurological problems and developmental disorders seen in newborns and children. He isalso an active member of a nation-wide multicentre study on Childhood Neurodevelopmental disorders being conducted by International Clinical Epidemiology Network (INCLEN). His area of intrests include- Epilepsy, Neurometabolic disorders, Neuromuscular disorders, Stroke in Children, Neonatal Neurology, Cerebral Palsy and other Neurodevelopmental disorders",100,24,17,1734453811227,4
26,3,687250,561250,771879,https://imagesx.practo.com/providers/dr-mohd-sarfaraz-nawaz-pediatrician-hyderabad-1ac3d809-12e9-4e03-bab3-1f1c181243b3.jpg,/hyderabad/doctor/dr-mohd-sarfaraz-nawaz-pediatrician?practice_id=771879&specialization=Pediatrician&referrer=doctor_listing&page_uid=67cd0def-e5da-4307-898c-9fb792ce6d14,Dr. Mohd.Sarfaraz Nawaz,Pediatrician,MBBS,Dr. NTR University of Health Sciences Andhra Pradesh,2006,MD - Pediatrics,Dr. NTR University of Health Sciences Andhra Pradesh,2013,17,Hyderabad,Ameerpet,Hospital,Aster Prime Hospital,600,"Dr. Mohammed Sarfaraz is a child specialist in Hyderabad and Consultant Paediatrician at Aster Prime Hospital. He has completed MBBS and MD in Paediatrics from Dr NTR University of Health Sciences. He has also cleared MRCPCH (Part 1 & Part 2) and won recognition for Medical Excellence Award from Indian Solidarity Council, New Delhi. Dr. Mohammed Sarfaraz is one of the best paediatricians in Hyderabad and published a paper on Diphyllobothriasis on a nine-year-old child in Journal of Medical Case Reports as a Co-Author in 2011.  Dr. Mohammed Sarfaraz is a Life Member of Growth, Development and Behavioural Paediatrics Academy of IAP. He has received Medical Excellence Award from Indian Solidarity Council, New Delhi for Outstanding Achievements and Remarkable Role in the Field of Medical Sciences.  He started working as a Paediatric Registrar at Aditya Hospital, Paediatric & Neonatal Registrar at Birthplace, Banjara Hills, Consultant Paediatrician at Birthplace, Banjara Hills. He has completed training in NRP and PALS and attended various National Paediatric and Neonatal Conferences.  His areas of expertise are general paediatrics, immunization, newborn care, neonatal resuscitation, developmental paediatrics, and paediatric dermatology.",100,13,10,1734453811229,5
27,3,627299,568221,1132578,https://imagesx.practo.com/providers/dr-faisal-b-nahdi-pediatrician-hyderabad-f47ced48-f0fd-4098-b1db-8bea70d1019f.jpg,/hyderabad/doctor/dr-faisal-b-nahdi-general-physician?practice_id=1132578&specialization=Pediatrician&referrer=doctor_listing&page_uid=67cd0def-e5da-4307-898c-9fb792ce6d14,Dr. Faisal B Nahdi,Pediatrician,MBBS,University of Pune,2001,Diploma in Child Health (DCH),Dr. D Y Patil Vidyapeeth,2006,23,Hyderabad,Banjara Hills,Hospital,Rainbow Children's Hospital,600,"Dr. Faisal completed his MBBS from University of Pune in 2001 and followed this up by MD from Dr.D.Y.Patil Vidyapeeth in 2006. He has an experience of 15 years. Presently, he is a full time senior pediatrician with a very busy pediatric outpatient clinic across Madhapur and Banjara.. Dr. Faisal has a pleasing personality which has made him very popular amongst the Rainbow fraternity and his patients as well.",82,17,8,1734453811228,6
28,3,906067,924257,1458086,https://imagesx.practo.com/providers/dr-divya-durga-neonatologist-hyderabad-71d20cf0-17a1-491f-bc38-de3e3fe49f40.jpg,/hyderabad/doctor/divya-durga-pediatrician?practice_id=1458086&specialization=Pediatrician&referrer=doctor_listing&page_uid=67cd0def-e5da-4307-898c-9fb792ce6d14,Dr. Divya Durga,Pediatrician,MBBS,Coimbatore Medical College,2011,MD - Pediatrics,"Mysore Medical Colloge, Mysore",2016,13,Hyderabad,Himayat Nagar,Hospital,Rainbow Children's Hospital,600,,100,1,1,1734453811229,7
29,3,857887,1050482,663465,https://imagesx.practo.com/providers/dr-kiran-kumar-g-pediatrician-hyderabad-5eeef57f-270e-472c-a704-e373adc27136.jpg,/hyderabad/doctor/kiran-kumar-g-pediatrician?practice_id=663465&specialization=Pediatrician&referrer=doctor_listing&page_uid=67cd0def-e5da-4307-898c-9fb792ce6d14,Dr. Kiran Kumar G,Pediatrician,MBBS,Rajiv Gandhi University of Health Sciences,2009,MD - Pediatrics,"Sarojini Naidu Medical College , Agra",2013,15,Hyderabad,Gachibowli,Hospital,Continental Hospitals,950,,100,17,16,1734453811229,8
30,3,907301,1123136,1427692,https://imagesx.practo.com/providers/dr-mohan-chand-gutta-neonatologist-hyderabad-9d2c4e39-a423-4307-a260-875067c36413.jpg,/hyderabad/doctor/dr-mohan-chand-gutta-pediatric-surgeon?practice_id=1427692&specialization=Pediatrician&referrer=doctor_listing&page_uid=67cd0def-e5da-4307-898c-9fb792ce6d14,Dr. Mohan Chand Gutta,Pediatrician,MBBS,Dr Ntr University Of Hhealth Sciences,2010,"Member of the Royal College of Paediatrics and Child Health (MRCPCH, London, Glasgow or Edinburgh)",The Royal College Of Paediatrics And Child Health,2016,14,Hyderabad,Pragathi Nagar,Hospital,Prasad Hospital,700,,,0,0,1734453811229,9
31,4,935165,777663,663465,https://imagesx.practo.com/providers/dr-sravanthi-k-pediatrician-hyderabad-00756898-33dc-4606-9040-b88d4438e475.jpg,/hyderabad/doctor/dr-sravanthi-k-pediatrician?practice_id=663465&specialization=Pediatrician&referrer=doctor_listing&page_uid=c7298a4c-bc04-40b1-9558-70055bb63d0e,Dr. Sravanthi.K,Pediatrician,MBBS,Dr. NTR University of Health Sciences Andhra Pradesh,2011,MD - Pediatrics,"Manipal Academy Of Higher Education, Manipal, India",2015,13,Hyderabad,Gachibowli,Hospital,Continental Hospitals,900,,100,13,12,1734453812717,0
32,4,733211,687022,1304746,https://imagesx.practo.com/providers/dr-a-satyanarayana-murthy-pediatrician-hyderabad-bb11536d-258b-4e41-aed8-7042f8f7c210.jpg,/hyderabad/doctor/dr-a-satyanarayana-murthy-pediatrician?practice_id=1304746&specialization=Pediatrician&referrer=doctor_listing&page_uid=c7298a4c-bc04-40b1-9558-70055bb63d0e,Dr. A Satyanarayana Murthy,Pediatrician,MBBS,Dr. B.R. Ambedkar Medical College,2012,Diploma in Child Health (DCH),ramaiah medical college,2017,12,Hyderabad,Kukatpally,Clinic,Nox Speciality Clinic,500,Can deal all kind of neonatal and pediatric diseases as well as emergencies. All kinds of vaccinations can be done,100,9,7,1734453812717,1
33,4,628352,568632,1132588,https://imagesx.practo.com/providers/dr-neelima-k-v-a-r-neonatologist-hyderabad-5c4dc082-bf84-4deb-8221-0dba3928d7bc.jpg,/hyderabad/doctor/dr-neelima-k-v-a-r-pediatrician?practice_id=1132588&specialization=Pediatrician&referrer=doctor_listing&page_uid=c7298a4c-bc04-40b1-9558-70055bb63d0e,Dr. Neelima K V A R,Pediatrician,MBBS,Dr. NTR University of Health Sciences Andhra Pradesh,2000,MD - Pediatrics,"Royal College of Pediatrics and Child Health, London",2011,24,Hyderabad,Hyder Nagar,Hospital,Rainbow Children's Hospital,1000,"Dr. Neelima Kharidehal is a Consultant Neonatologist at Rainbow Childrens’ Hospital. She is an alumni of the Andhra Medical College, Vishakhapatnam and completed her MD in Paediatrics from Guntur Medical College Guntur. Dr. Neelima received her MRCPCH membership in 2011 and also has a NNF fellowship in neonatology. She has more than 15 years of experience as a paediatrician.",85,13,8,1734453812717,2
34,4,860989,1101454,1421602,https://imagesx.practo.com/providers/dr-sindhuri-pediatrician-hyderabad-8ffd4f0e-e523-4fbd-9c17-7b1a19d11cbf.jpg,/hyderabad/doctor/sindhuri-pediatrician?practice_id=1421602&specialization=Pediatrician&referrer=doctor_listing&page_uid=c7298a4c-bc04-40b1-9558-70055bb63d0e,Dr. Sindhuri,Pediatrician,MD - Pediatrics,"Mamata Medical College, Khammam",2017,MBBS,Dr. NTR University of Health Sciences Andhra Pradesh,2013,10,Hyderabad,Kokapet,Clinic,Yello Clinics Diagnostics,600,,100,2,2,1734453812717,3
35,4,934356,1061588,734645,https://imagesx.practo.com/providers/dr-satish-reddy-hashampalli-pediatrician-bangalore-f1fe472f-0bd2-4349-8cca-b8e06a58b72f.jpg,/hyderabad/doctor/dr-satish-reddy-hashampalli-pediatrician?practice_id=734645&specialization=Pediatrician&referrer=doctor_listing&page_uid=c7298a4c-bc04-40b1-9558-70055bb63d0e,Dr. Satish Reddy Hashampalli,Pediatrician,MBBS,"Qingdao university , China",2013,MD - Pediatrics,"M R Medical College,Gulbarga",2018,11,Hyderabad,Banjara Hills,Clinic,Cloudnine Hospital (formerly The Birthplace),1100,"Dr. Satish Reddy is a neonatologist and paediatrician in Banjara Hills and Gachibpwli, Hyderabad and has vast experience of over 10 years in thise fileds. He completed his MD Paediatrics from one of the old and reputed Medical college, MR Medical college, Gulbarga, Karnataka and also did his Fellowship in neonatology from Rainbow Children’s Hospital, Bengalur – Following which he worked as Neonatal intensive care Specialist at various reputed hospitals, Bengaluru. Meanwhile has done Postgraduate Program in paediatric Nutrition course by Boston University School of Medicine and IPPN (Internatioal Program for Pretern Nutrition) from Europe. He is a member of national Neonatology forum (NNF) and Indian Academy of Paediatrics (IAP).  His areas of expertise include handiling level 3 NICU care, well experienced in managing all neonatal problems including extreme preterm and low birth weight baies, Babies requiring advanced ventilatio, Nitric oxide, Cooling Therapy, Functional echo/USG and also providing care for babies requiring surgicalintervertion. He is well versed with all aspects of Neonatal intensive care. Also hailed for expertise in General Paediatrics (Common cold, flu, wheezing, diarrhoea), Vaccinations, Nutrition, Infections, Growth and Development. He is passionate about improving quality of healthcare, Stongly believes in practisingevidence based medicine.",100,4,1,1734453812717,4
36,4,860715,1058540,1422241,https://imagesx.practo.com/providers/dr-subhash-chakravarthy-pediatrician-hyderabad-7efb3202-3921-4e17-a803-8a847f37fff7.jpg,/hyderabad/doctor/dr-subhash-chakravarthy-pediatrician?practice_id=1422241&specialization=Pediatrician&referrer=doctor_listing&page_uid=c7298a4c-bc04-40b1-9558-70055bb63d0e,Dr. Subhash Chakravarthy,Pediatrician,MBBS,Dr. NTR University of Health Sciences Andhra Pradesh,2009,DNB - Pediatrics,National Board Of Examination,2017,15,Hyderabad,Kondapur,Hospital,Sri Sri Holistic Hospitals,500,"Dr. J. Subhash Chakravarthy is an esteemed Paediatrician and Neonatologist who holds a plethora of qualifications, such as MBBS, DCH, DNB, and a Fellowship in Neonatology. Dr. Chakravarthy is committed to guaranteeing the health and well-being of his young patients by offering excellent care to newborns, infants, and children, drawing from his extensive experience. He is proficient in routine paediatric care, neonatal intensive care, and advanced neonatal procedures. Dr. Chakravarthy is a well-known medical professional known for his caring attitude and dedication to providing top-quality paediatric and neonatal care.",100,1,1,1734453812717,5
37,4,557396,568600,1132578,https://imagesx.practo.com/providers/dr-aparna-reddy-pediatrician-hyderabad-0639ccee-72f7-4718-99c9-61a5be2d365c.jpg,/hyderabad/doctor/dr-aparna-reddy-pediatrician-1?practice_id=1132578&specialization=Pediatrician&referrer=doctor_listing&page_uid=c7298a4c-bc04-40b1-9558-70055bb63d0e,Dr. Aparna Reddy,Pediatrician,MBBS,GULBARGA UNIVERSITY,1995,MD - Pediatrics,"National University Hospital, Singapore",2007,29,Hyderabad,Banjara Hills,Hospital,Rainbow Children's Hospital,600,"Dr. Aparna Reddy is a Consultant Pediatric Pulmonologist at Rainbow Children's Hospital, Banjara Hills. Dr. Reddy completed her MBBS from University og Gulbarga in 1995 and followed this up with M.D Pediatrics from BR.AMC, Bangalore in 1998 and Fellowship in Pediatric Pulmonology from National University Hospital, Singapore. She is a trainer for the asthma training module devised by Indian academy of Pediatrics. At Rainbow Children’s Hospital, Dr. Reddy manages a chronic lung disease and specialised asthma clinic.",54,24,16,1734453812716,6
38,4,937977,872524,1470816,https://imagesx.practo.com/providers/dr-jagan-mohan-varakala-pediatrician-hyderabad-cd5f2989-a3bb-4bd0-bdb2-b8d1e4a636ed.jpg,/hyderabad/doctor/jagan-mohan-varakala-pediatrician?practice_id=1470816&specialization=Pediatrician&referrer=doctor_listing&page_uid=c7298a4c-bc04-40b1-9558-70055bb63d0e,Dr. Jagan Mohan Varakala,Pediatrician,MBBS,"Osmania Medical College, Hyderabad",2011,MD - Pediatrics,Dr. NTR University of Health Sciences Andhra Pradesh,2016,13,Hyderabad,Madinaguda,Clinic,Paramitha Women And Children Hospital,500,"Care of Extreme Premature Babies (&lt;28 weeks),  Developmental follow up of the high risk babies,  Neonatal Ventilation including non-invasive ventilation as well as Conventional and High frequency Ventilation,",100,5,4,1734453812717,7
39,4,938321,916411,1470816,https://imagesx.practo.com/providers/dr-rajashekar-reddy-pediatrician-hyderabad-c30f4843-5ce4-4f53-a792-ab46b53c4a1b.jpg,/hyderabad/doctor/rajashekar-reddy-paediatrics?practice_id=1470816&specialization=Pediatrician&referrer=doctor_listing&page_uid=c7298a4c-bc04-40b1-9558-70055bb63d0e,Dr. Rajashekar Reddy,Pediatrician,MBBS,"Osmania Medical College, Hyderabad",2012,MD - Pediatrics,Kaloji Narayana Rao University Of Health Sciences,2020,12,Hyderabad,Madinaguda,Clinic,Paramitha Women And Children Hospital,500,,,0,0,1734453812718,8
40,4,937998,973806,1470816,https://imagesx.practo.com/providers/dr-rukesh-pediatrician-hyderabad-130a60f0-985c-41f7-ab45-05fdbae60168.jpg,/hyderabad/doctor/dr-rukesh-pediatrician?practice_id=1470816&specialization=Pediatrician&referrer=doctor_listing&page_uid=c7298a4c-bc04-40b1-9558-70055bb63d0e,Dr. Rukesh,Pediatrician,MD - Pediatrics,"Osmania Medical College, Hyderabad",2017,MBBS,Dr. NTR University of Health Sciences Andhra Pradesh,2013,10,Hyderabad,Madinaguda,Clinic,Paramitha Women And Children Hospital,500,,,0,0,1734453812718,9
41,5,636592,376585,1122372,https://imagesx.practo.com/providers/dr-c-suresh-kumar-pediatrician-hyderabad-652bbaa1-4186-4f71-b1b8-697625721aef.jpg,/hyderabad/doctor/dr-c-suresh-kumar-pediatrician-1?practice_id=1122372&specialization=Pediatrician&referrer=doctor_listing&page_uid=e08c4e40-81c1-457e-8f37-e657f4a7d022,Dr. C. Suresh Kumar,Pediatrician,MBBS,"Osmania Medical College, Hyderabad",1982,MD - Pediatrics,"Kakatiya Medical College, Wrangal",1986,42,Hyderabad,Jubilee Hills,Clinic,Apollo Cradle & Children’s Hospital,700,,89,9,0,1734453815005,0
42,5,873367,1076973,1148357,https://imagesx.practo.com/providers/dr-ravindra-kanna-kakara-pediatrician-hyderabad-3ef74111-d8cb-4649-9b05-e18d9593f627.jpg,/hyderabad/doctor/dr-ravindra-kanna-kakara-paediatrics?practice_id=1148357&specialization=Pediatrician&referrer=doctor_listing&page_uid=e08c4e40-81c1-457e-8f37-e657f4a7d022,Dr. Ravindra Kanna Kakara,Pediatrician,MBBS,Dr. NTR University of Health Sciences Andhra Pradesh,2011,MD - Pediatrics,Dr. NTR University of Health Sciences Andhra Pradesh,2016,12,Hyderabad,Manikonda,Clinic,Apollo Clinic,750,,,0,0,1734453815006,1
43,5,562447,568459,1134465,https://imagesx.practo.com/providers/dr-preetham-kumar-pediatrician-hyderabad-59d2e29e-c281-48e6-9200-927b01c887bc.jpg,/hyderabad/doctor/dr-preetham-kumar-pediatrician-1?practice_id=1134465&specialization=Pediatrician&referrer=doctor_listing&page_uid=e08c4e40-81c1-457e-8f37-e657f4a7d022,Dr. Preetham Kumar,Pediatrician,MBBS,Dr. NTR University of Health Sciences Andhra Pradesh,1996,DNB - Neonatology,Indian Academy of Pediatrics,2008,28,Hyderabad,LB Nagar,Hospital,Rainbow Children's Hospital,800,"Dr. Preetham Kumar Reddy is a Consultant Pediatrician and Intensivist at Rainbow Children’s Hospital, Vikrampuri. He takes care of the neonatal and pediatric intensive care at Rainbow Children’s Hospital, Vikrampuri. Dr.Preetham Reddy completed his undergraduation and postgraduation programmes in pediatrics from Osmania Medical College and did his fellowship in Neonatology. His areas of interest are High Frequency Oscillation and Statistics. ",73,11,8,1734453815005,2
44,5,708239,801583,1278601,https://imagesx.practo.com/providers/dr-deepti-v-pediatrician-hyderabad-7736669a-39ff-418d-8ac1-87412eaebde8.jpg,/hyderabad/doctor/deepti-v-pediatrician?practice_id=1278601&specialization=Pediatrician&referrer=doctor_listing&page_uid=e08c4e40-81c1-457e-8f37-e657f4a7d022,Dr. Deepti V,Pediatrician,MBBS,Dr. NTR University of Health Sciences Andhra Pradesh,2009,DNB - Paediatrics,National Borad of Examinations Ministry of Health Government of India,2016,14,Hyderabad,KPHB,Clinic,Pranada Children's Clinic,500,"Dedicated, empathetic,",50,2,1,1734453815005,3
45,5,729300,879085,1299477,https://imagesx.practo.com/providers/dr-t-prasad-pediatrician-hyderabad-0f37183c-6c8a-4730-b752-03d5614d0028.jpg,/hyderabad/doctor/t-prasad-pediatrician?practice_id=1299477&specialization=Pediatrician&referrer=doctor_listing&page_uid=e08c4e40-81c1-457e-8f37-e657f4a7d022,Dr. T Prasad,Pediatrician,MBBS,Kakatiya University,1990,MD - Pediatrics,Dr. NTR University of Health Sciences Andhra Pradesh,1997,34,Hyderabad,LB Nagar,Clinic,Lotus Hospitals | LB Nagar,500,,100,2,0,1734453815005,4
46,5,937390,1039418,1349482,https://imagesx.practo.com/providers/dr-g-prathyusha-pediatrician-hyderabad-4104857f-8814-4e7c-8310-785bdbd6b9ab.jpg,/hyderabad/doctor/g-prathyusha-pediatrician?practice_id=1349482&specialization=Pediatrician&referrer=doctor_listing&page_uid=e08c4e40-81c1-457e-8f37-e657f4a7d022,Dr. G.Prathyusha,Pediatrician,Diploma in Child Health (DCH),"JSS University, Mysore",2020,MBBS,"JSS University, Mysore",2014,10,Hyderabad,Madinaguda,Hospital,PRK Hospitals,700,,100,1,0,1734453815007,5
47,5,562771,568592,1135165,https://imagesx.practo.com/providers/dr-lakshmi-k-vedaprakash-pediatrician-hyderabad-6836e3db-0d3b-4657-a99f-c38dfc549f25.jpg,/hyderabad/doctor/dr-lakshmi-k-vedaprakash-pediatrician?practice_id=1135165&specialization=Pediatrician&referrer=doctor_listing&page_uid=e08c4e40-81c1-457e-8f37-e657f4a7d022,Dr. Lakshmi K Vedaprakash,Pediatrician,MBBS,"Osmania Medical College, Hyderabad",1998,MD - Pediatrics,"Royal College of Pediatrics and Child Health, London",2006,26,Hyderabad,Kondapur,Hospital,Rainbow Children's Clinic,1000,,70,23,16,1734453815005,6
48,5,557413,568593,1132588,https://imagesx.practo.com/providers/dr-pallavi-maddukuri-pediatrician-hyderabad-3500d0bc-67ff-438d-a86a-0869bdbd73dc.jpg,/hyderabad/doctor/dr-pallavi-maddukuri-pediatrician?practice_id=1132588&specialization=Pediatrician&referrer=doctor_listing&page_uid=e08c4e40-81c1-457e-8f37-e657f4a7d022,Dr. Pallavi Maddukuri,Pediatrician,MBBS,Dr. NTR University of Health Sciences Andhra Pradesh,1996,MD - Pediatrics,Dr. NTR University of Health Sciences Andhra Pradesh,2002,28,Hyderabad,Hyder Nagar,Hospital,Rainbow Children's Hospital,900,,62,29,23,1734453815004,7
49,5,802277,975821,1368847,https://imagesx.practo.com/providers/dr-b-naresh-goud-pediatrician-hyderabad-269d67c3-e74a-4ee1-bd2e-14e2afc1676f.jpg,/hyderabad/doctor/b-naresh-goud-pediatrician?practice_id=1368847&specialization=Pediatrician&referrer=doctor_listing&page_uid=e08c4e40-81c1-457e-8f37-e657f4a7d022,Dr. B Naresh Goud,Pediatrician,MBBS,Dr. NTR University of Health Sciences Andhra Pradesh,2013,MD - Pediatrics,Dr. NTR University of Health Sciences Andhra Pradesh,2018,11,Hyderabad,Medchal,Clinic,Aadi Children's Clinic,300,Neonatologist & children specialist,,0,0,1734453815005,8
50,5,553116,279268,1122372,https://imagesx.practo.com/providers/dr-sharmila-k-pediatrician-hyderabad-6511eb3f-29c6-41c9-97f0-e0b327972181.jpg,/hyderabad/doctor/dr-sharmila-k-pediatrician?practice_id=1122372&specialization=Pediatrician&referrer=doctor_listing&page_uid=e08c4e40-81c1-457e-8f37-e657f4a7d022,Dr. Sharmila K,Pediatrician,MBBS,"Osmania Medical College, Hyderabad",1996,MD - Pediatrics,"Osmania Medical College, Hyderabad",2003,28,Hyderabad,Jubilee Hills,Clinic,Apollo Cradle & Children’s Hospital,700,,36,11,9,1734453815004,9
51,6,905983,1067758,1458097,https://imagesx.practo.com/providers/dr-prasanna-lakshmi-mettupalli-pediatrician-hyderabad-34bb0f9e-40b9-4e1d-8cba-4c05ae6555f2.jpg,/hyderabad/doctor/prasanna-lakshmi-mettupalli-paediatrics?practice_id=1458097&specialization=Pediatrician&referrer=doctor_listing&page_uid=833e1e16-0ced-428f-8ddb-db7847113e45,Dr. Prasanna Lakshmi Mettupalli,Pediatrician,MBBS,"AMRITA INSTITUTE OF MEDICAL SCIENCES & RESEARCH CENTRE, ERNAKULAM",2012,Diploma in Child Health (DCH),"Kamineni Institute of Medical Sciences, Narketpally",2019,11,Hyderabad,Kondapur,Clinic,Gnanvi's Child Care Paediatric Clinic,600,Dr. Prasanna Lakshmi is a compassionate pediatrician with a passion to serve the kids to bring smiles on their faces,100,4,4,1734453818704,0
52,6,628355,263527,1132588,https://imagesx.practo.com/providers/dr-chandra-shekhar-pediatrician-hyderabad-c8718370-f312-4a5a-8e82-4d58ec75e755.jpg,/hyderabad/doctor/dr-chandra-shekhar-pediatrician?practice_id=1132588&specialization=Pediatrician&referrer=doctor_listing&page_uid=833e1e16-0ced-428f-8ddb-db7847113e45,Dr. Chandra Shekhar,Pediatrician,MBBS,Kakathiya Medical college,1998,Diploma in Child Health (DCH),Neloufer,2003,26,Hyderabad,Hyder Nagar,Hospital,Rainbow Children's Hospital,900,,53,15,10,1734453818681,1
53,6,873260,1077596,1267160,https://imagesx.practo.com/providers/dr-sujatha-reddy-veeram-pediatrician-hyderabad-ddcc7270-b101-4f32-a150-42dd5699adbe.jpg,/hyderabad/doctor/sujatha-reddy-veeram-pediatrician?practice_id=1267160&specialization=Pediatrician&referrer=doctor_listing&page_uid=833e1e16-0ced-428f-8ddb-db7847113e45,Dr. Sujatha Reddy Veeram,Pediatrician,MBBS,Dr. NTR University of Health Sciences Andhra Pradesh,2011,Diploma in Child Health (DCH),"Kamineni Institute of Medical Sciences, Hyderabad",2020,12,Hyderabad,Chanda Nagar,Hospital,Vijaya Nursing Home,550,Dr Sujatha Reddy Veeram is a Dedicated Pediatrician and Neonatologist specialized since 5 years as a Specialist. Demonstrated over 11 years of experience in Medical practice.  Specialized and rich experience in New born care. Graduated DCH from kaloji Narayana Rao University and MBBS from Dr. NTR University Andhra Pradesh.,,0,0,1734453818703,2
54,6,934568,1150540,1467524,https://imagesx.practo.com/providers/dr-kiranmaye-pediatrician-hyderabad-4a9eb89c-fbb4-486f-af78-9cb0d185ddcf.jpg,/hyderabad/doctor/kiranmaye-pediatrician?practice_id=1467524&specialization=Pediatrician&referrer=doctor_listing&page_uid=833e1e16-0ced-428f-8ddb-db7847113e45,Dr. Kiranmaye,Pediatrician,MBBS,Dr. NTR University of Health Sciences Andhra Pradesh,2006,DNB - Pediatrics,National Board Of Examinations Nbe,2014,10,Hyderabad,Hafeezpet,Clinic,My Doctor Multi-Speciality Hospital,500,,,0,0,1734453818705,3
55,6,873874,1078565,672148,https://imagesx.practo.com/providers/dr-n-sridevi-pediatrician-hyderabad-425db2ea-4f28-478e-a443-b29a666b2bcd.jpg,/hyderabad/doctor/dr-nayani-sridevi-general-physician?practice_id=672148&specialization=Pediatrician&referrer=doctor_listing&page_uid=833e1e16-0ced-428f-8ddb-db7847113e45,Dr. N Sridevi,Pediatrician,MBBS,Dr. NTR University of Health Sciences Andhra Pradesh,2012,DNB - Pediatrics,"National Board of Examination, India",2016,12,Hyderabad,Banjara Hills,Hospital,Little Stars and She Hospital,500,,,0,0,1734453818703,4
56,6,933684,1146853,1451745,https://imagesx.practo.com/providers/dr-sravya-sadaram-pediatrician-hyderabad-2830ef22-a1e3-484a-8fd8-b6c4fc9eadc7.jpg,/hyderabad/doctor/dr-sravya-5-pediatrician?practice_id=1451745&specialization=Pediatrician&referrer=doctor_listing&page_uid=833e1e16-0ced-428f-8ddb-db7847113e45,Dr. Sravya Sadaram,Pediatrician,MBBS,Srm Medical College Hospital & Research Centre,2014,MD - Pediatrics,Shadan Institute Of Medical Sciences,2020,8,Hyderabad,Kokapet,Clinic,Jade Clinics,800,,,0,0,1734453818705,5
57,6,742031,394055,771879,https://imagesx.practo.com/providers/dr-narender-tatikonda-pediatrician-hyderabad-7455446f-693f-4ce2-901f-142f9df7a11d.jpg,/hyderabad/doctor/dr-narender-tatikonda-pediatrician?practice_id=771879&specialization=Pediatrician&referrer=doctor_listing&page_uid=833e1e16-0ced-428f-8ddb-db7847113e45,Dr. Narender Tatikonda,Pediatrician,MBBS,University of Health and Sciences,1997,MD - Pediatrics,Dr. NTR University of Health Sciences Andhra Pradesh,2001,27,Hyderabad,Ameerpet,Hospital,Aster Prime Hospital,500,,100,8,1,1734453818703,6
58,6,857904,1054053,663465,https://imagesx.practo.com/providers/dr-harshasree-g-pediatrician-hyderabad-be9f7358-6443-4c2f-88f3-473381c9c372.jpg,/hyderabad/doctor/dr-harshasree-g-pediatrician?practice_id=663465&specialization=Pediatrician&referrer=doctor_listing&page_uid=833e1e16-0ced-428f-8ddb-db7847113e45,Dr. Harshasree G,Pediatrician,MBBS,"KLE University, Deemed university, Belgaum",2014,MD - Pediatrics,"Jawaharlal Nehru Medical College, Belgaum",2017,10,Hyderabad,Gachibowli,Hospital,Continental Hospitals,800,,,0,0,1734453818703,7
59,6,940908,997878,1432300,https://imagesx.practo.com/providers/dr-guggilum-purna-chandra-rao-neonatologist-hyderabad-311ad17b-5ac2-44c2-b99e-e24f79f79edb.jpg,/hyderabad/doctor/purna-1-pediatrician?practice_id=1432300&specialization=Pediatrician&referrer=doctor_listing&page_uid=833e1e16-0ced-428f-8ddb-db7847113e45,Dr. Guggilum Purna Chandra Rao,Pediatrician,MBBS,Dr. NTR University of Health Sciences; Vijayawada,2013,MD - Pediatrics,Post Graduate Institute of Medical Education & Research,2017,9,Hyderabad,Hitech City,Hospital,Cloudnine Hospital,1100,Dr. Purna Chandra Guggilum is a Neonatologist and Pediatrician in Hyderabad and has 8 Years of Experience in Paediatrics & Neonatology. Has Completed DM in Neonatology from All India Institute of Medical Sciences (AIIMS) and MD in Pediatrics from PGIMER. Has Experience in working as a Consultant Neonatologist in Level 3 Neonatal Intensive Care Units and expert in managing sick babies both term and preterm.,,0,0,1734453818705,8
60,6,898878,1109630,1452943,https://imagesx.practo.com/providers/dr-divya-nalamalapu-pediatrician-hyderabad-313acdad-e41e-4c6b-b3d2-594155918335.jpg,/hyderabad/doctor/divya-nalamalapu-pediatrician?practice_id=1452943&specialization=Pediatrician&referrer=doctor_listing&page_uid=833e1e16-0ced-428f-8ddb-db7847113e45,Dr. Divya Nalamalapu,Pediatrician,MBBS,DR. NTR university of health sciences,2017,MD - Pediatrics,Kaloji Narayana Rao University Of Health Sciences,2022,7,Hyderabad,Kukatpally,Clinic,Asthra Speciality Clinic,500,"Dr. Divya Nalamalapu is a dedicated pediatrician with a profound academic background. She completed her MBBS from Osmania Medical College and pursued her MD in Pediatrics from Niloufer Hospital, Osmania Medical College. With a wealth of experience and expertise in pediatric care, Dr. Divya is known for her friendly and approachable demeanor. Patients and colleagues alike appreciate her accessibility and willingness to help at any time. Dr. Divya also offers vaccinations to ensure the well-being and health of the children.",100,1,0,1734453818703,9
61,7,949077,1109223,710829,https://imagesx.practo.com/providers/dr-rentala-naveen-pediatrician-hyderabad-edae4491-d3c1-4bac-8501-97bc58a48fe4.jpg,/hyderabad/doctor/rentala-naveen-paediatrics-1?practice_id=710829&specialization=Pediatrician&referrer=doctor_listing&page_uid=55a7ed70-9ec1-49d3-9cf6-bb487f089e8d,Dr. Rentala Naveen,Pediatrician,MD - Pediatrics,"Geetanjali Medical College & Hospital, Udaipur",2022,MBBS,Sri Siddhartha Medical College & Research,2016,6,Hyderabad,Nizampet,Clinic,Apollo Clinic,600,a pediatric intensivist expertise in all pediatric critical cases and a neonatologist,,0,0,1734453819928,0
62,7,657105,701465,1134465,https://imagesx.practo.com/providers/dr-srinivas-tadaraj-pediatrician-hyderabad-b14d3aba-3a53-410f-ab2b-6f930197fa75.jpg,/hyderabad/doctor/dr-srinivas-tadaraj-pediatrician?practice_id=1134465&specialization=Pediatrician&referrer=doctor_listing&page_uid=55a7ed70-9ec1-49d3-9cf6-bb487f089e8d,Dr. Srinivas Tadaraj,Pediatrician,MBBS,Dr.N.T.R University of Medical Sciences,2008,MD - Pediatrics,"Guntur Medical College, Guntur",2013,16,Hyderabad,LB Nagar,Hospital,Rainbow Children's Hospital,800,,,0,0,1734453819927,1
63,7,857910,1054080,663465,https://imagesx.practo.com/providers/dr-ramya-nadipineni-pediatrician-hyderabad-6819d65f-0360-4e11-a8a8-ba2d9b182c22.jpg,/hyderabad/doctor/dr-ramya-nadipineni-general-physician?practice_id=663465&specialization=Pediatrician&referrer=doctor_listing&page_uid=55a7ed70-9ec1-49d3-9cf6-bb487f089e8d,Dr. Ramya Nadipineni,Pediatrician,MBBS,Rajiv Gandhi University of Health Sciences,2012,MD - Pediatrics,Dr. NTR University of Health Sciences Andhra Pradesh,2016,12,Hyderabad,Gachibowli,Hospital,Continental Hospitals,900,,,0,0,1734453819927,2
64,7,964371,923597,1148357,https://imagesx.practo.com/providers/dr-md-muqeed-mohiuddin-general-physician-hyderabad-e38f31e3-785c-4047-8294-f441f30319b7.jpg,/hyderabad/doctor/md-muqeed-mohiuddin-general-physician?practice_id=1148357&specialization=Pediatrician&referrer=doctor_listing&page_uid=55a7ed70-9ec1-49d3-9cf6-bb487f089e8d,Dr. Md. Muqeed Mohiuddin,Pediatrician,MBBS,Dr Ntr University Of Hhealth Sciences,2016,MD - Pediatrics,Kaloji Narayanrao Institute Of Health Science,2021,5,Hyderabad,Manikonda,Clinic,Apollo Clinic,750,,,0,0,1734453819928,3
65,7,936339,1152483,1469065,https://imagesx.practo.com/providers/dr-pranitha-j-pediatrician-hyderabad-81c9e7bf-afbd-4181-86f1-0b6231f044b6.jpg,/hyderabad/doctor/pranitha-j-pediatrician?practice_id=1469065&specialization=Pediatrician&referrer=doctor_listing&page_uid=55a7ed70-9ec1-49d3-9cf6-bb487f089e8d,Dr. Pranitha j,Pediatrician,MBBS,"MNR Medical College, Sangareddy",2008,Diploma in Child Health (DCH),"Dr. NTR UNIVERSITY OF HEALTH SCIENCES, AP",2011,16,Hyderabad,Sainikpuri,Clinic,Dr. Pranitha's Children Clinc,500,"Dr. Pranitha is a consultant pediatrician,  dr pranitha is  ex consultant pediatrician in rich hospital nellore  poulomi hospital  and mayflower hospital  currently working for apollo clinics",,0,0,1734453819927,4
66,7,557967,568594,1135165,https://imagesx.practo.com/providers/dr-meera-iyer-pediatrician-hyderabad-efac70e7-d998-4525-87e4-75eb26afe4bf.jpg,/hyderabad/doctor/dr-meera-iyer-pediatrician?practice_id=1135165&specialization=Pediatrician&referrer=doctor_listing&page_uid=55a7ed70-9ec1-49d3-9cf6-bb487f089e8d,Dr. Meera Iyer,Pediatrician,MBBS,Madurai Kamaraj University,1992,MD - Pediatrics,"Newark Beth Israel Medical Center And Children's Hospital, New Jersey",2004,32,Hyderabad,Kondapur,Hospital,Rainbow Children's Clinic,850,"Dr. Meera Iyer completed her MBBS from University of Madurai in 1992 and her post graduate from Newark Beth israel medical center and Childen's Hospital  New Jersy  in 2004. She has a vast pediatric experience in India and abroad. After completing pediatric training in India and USA, she worked as a consultant pediatrician in the USA till 2010, taking care of pediatric and neonatal patients. Dr. Iyer has been with the Rainbow hospital as full time consultant since 2011. Her areas interest includes growth and development, nutrition and asthma.",67,9,8,1734453819923,5
67,7,936850,1153087,1359605,https://imagesx.practo.com/providers/dr-chakka-sri-anusha-pediatrician-hyderabad-e8c870d3-39b5-4a29-beaf-8f7061d28ae3.jpg,/hyderabad/doctor/dr-chakka-sri-anusha-paediatrics?practice_id=1359605&specialization=Pediatrician&referrer=doctor_listing&page_uid=55a7ed70-9ec1-49d3-9cf6-bb487f089e8d,Dr. Chakka Sri Anusha,Pediatrician,MBBS,Manipal Academy of Higher Education,2015,MD - Pediatrics,Manipal Academy Of Higer Education(Mahe )University,2020,9,Hyderabad,Kondapur,Hospital,Sia Life Multi-speciality Hospital,500,,,0,0,1734453819928,6
68,7,888318,1097232,1432300,https://imagesx.practo.com/providers/dr-mahishma-k-pediatrician-hyderabad-0b72e3e4-8e01-461e-a990-c627462273be.jpg,/hyderabad/doctor/dr-mahishma-k-pediatrician?practice_id=1432300&specialization=Pediatrician&referrer=doctor_listing&page_uid=55a7ed70-9ec1-49d3-9cf6-bb487f089e8d,Dr. Mahishma K,Pediatrician,MBBS,Rajiv Gandhi University of Health Sciences,2010,MD - Pediatrics,Dr. NTR University of Health Sciences Andhra Pradesh,2015,14,Hyderabad,Hitech City,Hospital,Cloudnine Hospital,950,,,0,0,1734453819927,7
69,7,790858,671709,644062,https://imagesx.practo.com/providers/dr-d-suchitra-pediatrician-hyderabad-0508d42e-62a7-4125-bc98-9f49c63a46aa.jpg,/hyderabad/doctor/dr-d-suchitra-paediatrics?practice_id=644062&specialization=Pediatrician&referrer=doctor_listing&page_uid=55a7ed70-9ec1-49d3-9cf6-bb487f089e8d,Dr. D Suchitra,Pediatrician,MBBS,Dr. NTR University of Health Sciences Andhra Pradesh,2004,MD - Pediatrics,"Kamineni Institute of Medical Sciences, Narketpally",2012,20,Hyderabad,East Marredpally,Hospital,Shenoy Hospitals,800,"I Dr. D.Suchitra am working as  Associate professor of paediatrics at gandhi hospital, with 10 years experience. I have experience in care of children in PICU, treating infections and allergies in children, councelling of adolescent children - health issues. I have Level III NICU care experience, having looked after high risk newborns.  A strong proponent of breastfeeding, teaching breastfeeding techniques to new mothers.   My specific fields of interest include managing preterm babies , CPAP,  and neuro development followup.  Councelling parents regarding the health issues is my strength.",100,1,1,1734453819927,8
70,7,904424,1115560,1442523,https://imagesx.practo.com/providers/dr-sravya-vemulapalli-pediatrician-hyderabad-e2c77059-48de-4bdb-b698-7263b07b6396.jpg,/hyderabad/doctor/dr-sravya-vemulapalli-pediatrician?practice_id=1442523&specialization=Pediatrician&referrer=doctor_listing&page_uid=55a7ed70-9ec1-49d3-9cf6-bb487f089e8d,Dr. Sravya Vemulapalli,Pediatrician,MBBS,Dr. NTR University of Health Sciences Andhra Pradesh,2016,MD - Pediatrics,Dr. NTR University of Health Sciences Andhra Pradesh,2020,8,Hyderabad,Manikonda,Hospital,Prasad Hospitals,500,"Dr Sravya Vemulapalli is a Paediatrician & Neonatologist in Manikonda and has an experience of 8 years in this field. Dr Sravya Vemulapalli practices at Prasad Hospital, Manikonda, Hyderabad . She completed her MBBS from Mamata Medical College, Khammam in 2016 , MD Paediatrics from Dr NTR University of Health Sciences,Andhra Pradesh  in 2020 & Fellowship in Neonatology - National Neonatology Forum (FNNF) from Ankura Hospitals for Women & Children, Hyderabad.  She is member of Indian Academy of Paediatrics (IAP) & National Neonatology Forum ( NNF).  Dr Sravya Vemulapalli has skill & knowledge to deal with medical care of newborn babies, infants & children . She has an experience in managing sick babies ,both term & preterm. Her services range from general newborn care to common childhood illnesses, such as newborn care & well baby checkup, vaccinations, development & nutritional assessment, respiratory illnesses, gastrointestinal problems & skin disorders.",100,6,5,1734453819927,9
71,8,875242,1080567,1431793,https://imagesx.practo.com/providers/dr-rishivardhan-reddy-pediatrician-hyderabad-599d95d1-ae13-4061-9e3a-afd3d1e504ed.jpg,/hyderabad/doctor/dr-rishivardhan-reddy-pediatrician?practice_id=1431793&specialization=Pediatrician&referrer=doctor_listing&page_uid=4d4bd505-64a1-4029-b332-feba33b44959,Dr. Rishivardhan Reddy,Pediatrician,MBBS,Rajiv Gandhi University of Health Sciences,2015,MD - Pediatrics,"MGM  Institute of Health Science, Maharashtra ",2020,8,Hyderabad,Kushaiguda,Hospital,Sunseed Hospitals,500,,,0,0,1734453821207,0
72,8,873859,1078549,672148,https://imagesx.practo.com/providers/dr-sneha-m-pediatrician-hyderabad-b4e82df0-6e37-48ce-95e3-1dd884fd849b.jpg,/hyderabad/doctor/dr-sneha-m-pediatric-surgeon?practice_id=672148&specialization=Pediatrician&referrer=doctor_listing&page_uid=4d4bd505-64a1-4029-b332-feba33b44959,Dr. Sneha M,Pediatrician,MBBS,"J J M Medical College, Davangere",2013,MD - Pediatrics,JJMMC Davangere RGUHS Bangalore,2018,11,Hyderabad,Banjara Hills,Hospital,Little Stars and She Hospital,500,,,0,0,1734453821206,1
73,8,627310,648918,1132578,https://imagesx.practo.com/providers/dr-prashanth-bachina-pediatrician-hyderabad-f88098c4-0233-40ed-9e7f-8d63017e75f3.jpg,/hyderabad/doctor/dr-prashanth-bachina-gastroenterologist?practice_id=1132578&specialization=Pediatrician&referrer=doctor_listing&page_uid=4d4bd505-64a1-4029-b332-feba33b44959,Dr. Prashanth Bachina,Pediatrician,MBBS,Babasaheb Ambedkar Marathwada University,1999,MD - Pediatrics,Babasaheb Ambedkar Marathwada University,2003,21,Hyderabad,Banjara Hills,Hospital,Rainbow Children's Hospital,700,"Dr. Prashant Bachina is a Paediatric Gastroenterologist, Hepatologist & Liver transplant physician at Rainbow Children’s Hospital. He was a university topper with gold medals at undergraduate & post graduate education (MBBS & M.D.). After completing his M.D., he left for U.K. & worked in the most prestigious teaching hospitals of U.K. for eight years. During this period, he worked with patients having complex liver & gastro-intestinal problems. He has extensive experience in managing children with food allergies, reflux problems, constipation and IBD. Dr. Prashant specialises in managing patients with Biliary Atresia & complex liver conditions. He worked for four years in liver transplant units and managed over 300 patients with liver transplant. In 2010, he was awarded with the ""Rising Star Award"" in ""Pediatric Hepatlogy"" for his research work. Patients find him very approachable, pleasant and very friendly to children.	",63,8,6,1734453821206,2
74,8,713075,409132,1123562,https://imagesx.practo.com/providers/dr-taheer-shaik-pediatrician-hyderabad-e1dbc2d3-6eb5-4000-8efc-876702ce4387.jpg,/hyderabad/doctor/dr-taheer-shaik-pediatrician?practice_id=1123562&specialization=Pediatrician&referrer=doctor_listing&page_uid=4d4bd505-64a1-4029-b332-feba33b44959,Dr. Taheer Shaik,Pediatrician,MD - Physician,Peoples' Friendship University of Russia,2001,Diploma in Child Health (DCH),"Mahatma Gandhi Mission's Medical College, Navi Mumbai",2005,18,Hyderabad,Kondapur,Clinic,Apollo Cradle & Children’s Hospital,850,,100,4,3,1734453821206,3
75,8,610246,625350,1135165,https://imagesx.practo.com/providers/dr-david-suvarna-raju-parimi-pediatrician-hyderabad-85a6991b-cc3b-4b8b-a658-6ebab0580927.jpg,/hyderabad/doctor/david-suvarna-raju-parimi-pediatrician?practice_id=1135165&specialization=Pediatrician&referrer=doctor_listing&page_uid=4d4bd505-64a1-4029-b332-feba33b44959,Dr. David Suvarna Raju Parimi,Pediatrician,MBBS,"Christian Medical College & Hospital, Vellore",1999,Diploma in Child Health (DCH),"Christian Medical College & Hospital, Vellore",2009,19,Hyderabad,Kondapur,Hospital,Rainbow Children's Clinic,850,Dr. David Suvarna Raju Parimi is a General Pediatrician.,67,3,3,1734453821206,4
76,8,556887,576143,1135165,https://imagesx.practo.com/providers/dr-sirisha-kusuma-b-pediatrician-hyderabad-c3e65564-2ba4-4656-8967-a6d6ce2bf565.jpg,/hyderabad/doctor/sirisha-kusuma-b-1-endocrinologist?practice_id=1135165&specialization=Pediatrician&referrer=doctor_listing&page_uid=4d4bd505-64a1-4029-b332-feba33b44959,Dr. Sirisha Kusuma B,Pediatrician,MBBS,"Andhra Medical College, Visakhapatnam",2001,MD - Pediatrics,"POSTGRADUATE INSTITUTE OF MEDICAL  EDUCATION AND RESEARCH, CHANDIGARH",2006,14,Hyderabad,Kondapur,Hospital,Rainbow Children's Clinic,1100,"I am a pediatric endocrinology and diabetes specialist trained at Bangalore, India and RCH, Melbourne.  The field of endocrinology in children encompasses conditions like variations of physical growth , sexual development, childhood diabetes and thyroid and adrenal gland related problems etc.",89,9,6,1734453821205,5
77,8,628358,652150,1132588,https://imagesx.practo.com/providers/dr-vamsi-kiran-rayadu-pediatrician-hyderabad-ccf64df6-b76f-40aa-b539-a18ab555e90e.jpg,/hyderabad/doctor/dr-vamsi-kiran-rayadu-pediatrician?practice_id=1132588&specialization=Pediatrician&referrer=doctor_listing&page_uid=4d4bd505-64a1-4029-b332-feba33b44959,Dr. Vamsi Kiran Rayadu,Pediatrician,MBBS,Rangaraya Medical College.,2006,MD - Pediatrics,"Mamatha Medical college,Khammam",2012,10,Hyderabad,Hyder Nagar,Hospital,Rainbow Children's Hospital,900,,60,5,4,1734453821206,6
78,8,896167,957530,1451230,https://imagesx.practo.com/providers/dr-mahipal-erram-pediatrician-hyderabad-5391f7f7-4d5e-42f2-9827-2ed1b71666d1.jpg,/hyderabad/doctor/mahipal-erram-pediatrician?practice_id=1451230&specialization=Pediatrician&referrer=doctor_listing&page_uid=4d4bd505-64a1-4029-b332-feba33b44959,Dr. Mahipal Erram,Pediatrician,MBBS,Dr. NTR University of Health Sciences Andhra Pradesh,2015,MD - Pediatrics,Krishna Institute of Medical Sciences Deemed University,2021,6,Hyderabad,Quthbullapur,Clinic,Beema Pride Child Clinic,500,"Dr. Mahipal Erram is a Pediatrician in Quthbullapur, Hyderabad and has an experience of 6 years in this field. Dr. Mahipal Erram practices at Beema Pride Child Clinic in Quthbullapur, Hyderabad. He completed MBBS from Dr. NTR University of Health Sciences Andhra Pradesh in 2015 and MD - Pediatrics from Krishna Institute of Medical Sciences Deemed University in 2021.",,0,0,1734453821207,7
79,8,900478,1111448,1267160,https://imagesx.practo.com/providers/dr-k-s-nagaraju-pediatrician-hyderabad-6a1ea855-b387-44e9-9047-44bb2e9abea8.jpg,/hyderabad/doctor/k-s-nagaraju-pediatrician?practice_id=1267160&specialization=Pediatrician&referrer=doctor_listing&page_uid=4d4bd505-64a1-4029-b332-feba33b44959,Dr. K S Nagaraju,Pediatrician,MBBS,Dr. NTR University of Health Sciences Andhra Pradesh,1998,MD - Pediatrics,Dr. NTR University of Health Sciences Andhra Pradesh,2011,26,Hyderabad,Chanda Nagar,Hospital,Vijaya Nursing Home,650,,,0,0,1734453821207,8
80,8,557375,568334,1132571,https://imagesx.practo.com/providers/dr-surender-rao-dusa-pediatrician-hyderabad-adfe0225-2195-4f04-aebf-3daa781ee0af.jpg,/hyderabad/doctor/dr-surender-rao-dusa-pediatrician?practice_id=1132571&specialization=Pediatrician&referrer=doctor_listing&page_uid=4d4bd505-64a1-4029-b332-feba33b44959,Dr. Surender Rao Dusa,Pediatrician,MBBS,"Karnataka University, India",1999,MD - Pediatrics,"Sri Ramachandra University, Chennai",2008,25,Hyderabad,Vikrampuri Colony,Hospital,Rainbow Children's Hospital,850,"Dr. Surender Rao completed his MBBS from Karnataka University in the year 1999 and followed this up with his MD from Sri Ramachandra Deemed University in 2008. Since then he has been with Rainbow Children’s Hospital. He is a highly skilful neonatal intensivist. Dr. Rao’s interests are managing very premature, extremely low birth weight babies and nutrition in children.",60,5,3,1734453821206,9
81,9,937270,1152406,672148,https://imagesx.practo.com/providers/dr-malin-begum-shaik-pediatrician-hyderabad-50daa3f5-8192-4007-af3e-a443c7eff267.jpg,/hyderabad/doctor/dr-malin-begum-pediatrician?practice_id=672148&specialization=Pediatrician&referrer=doctor_listing&page_uid=a0e3a543-7c03-4070-a964-1e50414b59ef,Dr. Malin Begum Shaik,Pediatrician,MBBS,Dr.Ntr University Health Sciences,2006,Diploma in Child Health (DCH),Dr.Ntr University Health Sciences,2010,17,Hyderabad,Banjara Hills,Hospital,Little Stars and She Hospital,500,,100,1,0,1734453822608,0
82,9,561468,579307,1134465,https://imagesx.practo.com/providers/dr-satyanarayana-kavali-pediatrician-hyderabad-5f51b12d-3119-4dec-a276-535232304868.jpg,/hyderabad/doctor/dr-satyanarayana-kavali-pediatrician?practice_id=1134465&specialization=Pediatrician&referrer=doctor_listing&page_uid=a0e3a543-7c03-4070-a964-1e50414b59ef,Dr. Satyanarayana Kavali,Pediatrician,MBBS,Dr. NTR University of Health Sciences Andhra Pradesh,1994,MD - Pediatrics,Dr. NTR University of Health Sciences Andhra Pradesh,2000,23,Hyderabad,LB Nagar,Hospital,Rainbow Children's Hospital,800,,46,13,8,1734453822605,1
83,9,901299,1112263,644062,https://imagesx.practo.com/providers/dr-garimella-manaswani-pediatrician-hyderabad-a2463397-d458-47c5-b88d-1575ad113cbd.jpg,/hyderabad/doctor/dr-garimella-manaswani-pediatrician?practice_id=644062&specialization=Pediatrician&referrer=doctor_listing&page_uid=a0e3a543-7c03-4070-a964-1e50414b59ef,Dr. Garimella Manaswani,Pediatrician,MBBS,Dr. NTR University of Health Sciences Andhra Pradesh,2014,DNB - Paediatrics,"Tata Main Hospital, Jharkhand, NBE",2019,9,Hyderabad,East Marredpally,Hospital,Shenoy Hospitals,800,,,0,0,1734453822605,2
84,9,561471,579310,1134465,https://imagesx.practo.com/providers/dr-reena-lankala-pediatrician-hyderabad-29840f4a-40d4-4f08-8587-3ad26ea8ee9e.jpg,/hyderabad/doctor/dr-reena-lankala-pediatrician?practice_id=1134465&specialization=Pediatrician&referrer=doctor_listing&page_uid=a0e3a543-7c03-4070-a964-1e50414b59ef,Dr. Reena Lankala,Pediatrician,MBBS,University of Kathmandu,2003,MD - Pediatrics,Dr.N.T.R University of Health Sciences,2010,21,Hyderabad,LB Nagar,Hospital,Rainbow Children's Hospital,800,,100,9,3,1734453822605,3
85,9,698614,559101,837416,https://imagesx.practo.com/providers/dr-c-venkateshwara-reddy-pediatrician-hyderabad-acc3e6c3-0413-44e4-8b8b-73eedf2e2fd8.jpg,/hyderabad/doctor/dr-c-venkateshwara-reddy-pediatrician?practice_id=837416&specialization=Pediatrician&referrer=doctor_listing&page_uid=a0e3a543-7c03-4070-a964-1e50414b59ef,Dr. C. Venkateshwara Reddy,Pediatrician,MBBS,Dr. NTR University of Health Sciences Andhra Pradesh,2011,MD - Pediatrics,Dr. NTR University of Health Sciences Andhra Pradesh,2015,14,Hyderabad,Kondapur,Clinic,Satyasree Clinics & Diagnostics,500,Vaccination,100,2,2,1734453822605,4
86,9,557378,568625,1132571,https://imagesx.practo.com/providers/dr-akheel-syed-rizwan-pediatrician-hyderabad-7b4d4310-93cb-49a9-955f-08dec2bd3b55.jpg,/hyderabad/doctor/dr-akheel-syed-rizwan-pediatrician?practice_id=1132571&specialization=Pediatrician&referrer=doctor_listing&page_uid=a0e3a543-7c03-4070-a964-1e50414b59ef,Dr. Akheel Syed Rizwan,Pediatrician,MBBS,GULBARGA UNIVERSITY,2000,Diploma in Child Health (DCH),"Royal College of Pediatrics and Child Health, London",2009,24,Hyderabad,Vikrampuri Colony,Hospital,Rainbow Children's Hospital,850,"Dr Akheel Rizwan completed his MBBS from University of Gulbarga in 2000 and DCH from MR Medical College Karnataka. After completing his post-graduation he pursued higher education and training in the UK leading to MRCPCH (Member of the Royal College Of Pediatrics and Child Health, London). During his nine years stay in the UK he has worked extensively across various hospitals obtaining higher specialist training in areas of newborn and pediatric intensive care apart from general pediatrics. Before joining Rainbow Hospitals Dr Rizwan returned to India and worked at Manipal Hospital for two years. He currently works as a Consultant at Rainbow Hospital Secunderabad. His core area of work is intensive care, dealing with both critically ill newborn babies & children. He also has specialized training in pediatric & infant critical care transport.",100,9,6,1734453822605,5
87,9,895833,1105905,675874,https://imagesx.practo.com/providers/dr-greeshma-m-pediatrician-hyderabad-d710ed81-a385-4776-89a7-78b57984a4b1.jpg,/hyderabad/doctor/dr-greeshma-m-pediatrician?practice_id=675874&specialization=Pediatrician&referrer=doctor_listing&page_uid=a0e3a543-7c03-4070-a964-1e50414b59ef,Dr. Greeshma M,Pediatrician,MBBS,Dr. NTR University of Health Sciences Andhra Pradesh,2012,MD - Pediatrics,Dr. NTR University of Health Sciences Andhra Pradesh,2017,10,Hyderabad,Madhapur,Hospital,Hegde Hospital,700,,,0,0,1734453822605,6
88,9,562960,534284,1136641,https://imagesx.practo.com/providers/dr-bhavani-kalavalapalli-pediatrician-hyderabad-d57f00a7-b5fe-410f-97e0-bfc24f012f54.jpg,/hyderabad/doctor/dr-bhavani-kalavalapalli-pediatrician?practice_id=1136641&specialization=Pediatrician&referrer=doctor_listing&page_uid=a0e3a543-7c03-4070-a964-1e50414b59ef,Dr. Bhavani Kalavalapalli,Pediatrician,MBBS,Dr. NTR University of Health Sciences Andhra Pradesh,1994,CCT - Paediatrics,UNITED KINGDOM,2011,30,Hyderabad,Madhapur,Hospital,Idea Clinics,550,,100,9,4,1734453822605,7
89,9,936254,612827,1458090,https://imagesx.practo.com/providers/dr-reena-mathew-pediatrician-hyderabad-82a726ca-473d-44af-9692-8bdcb0b40ecf.jpg,/hyderabad/doctor/dr-reena-mathew-1-pediatrician-1?practice_id=1458090&specialization=Pediatrician&referrer=doctor_listing&page_uid=a0e3a543-7c03-4070-a964-1e50414b59ef,Dr. Reena Mathew,Pediatrician,MBBS,Goa University - Goa India,2009,MD - Pediatrics,"Goa Medical College, Bambolim",2013,11,Hyderabad,Financial District,Hospital,Rainbow Children's Hospital,850,,,0,0,1734453822608,8
90,9,915669,1139001,1459120,https://imagesx.practo.com/providers/dr-maram-shravani-neonatologist-hyderabad-1f77fb76-6e4c-41bc-93be-51794e8f12ad.jpg,/hyderabad/doctor/dr-maram-shravani-gynecologist-obstetrician?practice_id=1459120&specialization=Pediatrician&referrer=doctor_listing&page_uid=a0e3a543-7c03-4070-a964-1e50414b59ef,Dr. Maram Shravani,Pediatrician,MBBS,Dr Ntr University Of Hhealth Sciences,2012,DNB - Neonatology,"Fernandez Foundation, Hyderabad",2020,12,Hyderabad,Kompally,Hospital,Cloudnine Hospital,1000,,,0,0,1734453822605,9
91,10,507403,542691,663465,https://imagesx.practo.com/providers/dr-madhavi-adla-pediatrician-hyderabad-a3a97fec-5159-49a7-a442-cc45abbb0974.jpg,/hyderabad/doctor/dr-madhavi-adla-gynecologist-obstetrician?practice_id=663465&specialization=Pediatrician&referrer=doctor_listing&page_uid=acfbf209-25a7-48a9-a3e0-0729dbb93102,Dr. Madhavi Adla,Pediatrician,MBBS,"Mahadevappa Rampure Medical College, Gulbarga",1995,"Member of the Royal College of Paediatrics and Child Health (MRCPCH, London, Glasgow or Edinburgh)","Royal College of Pediatrics and Child Health, London",2004,29,Hyderabad,Gachibowli,Hospital,Continental Hospitals,1000,"Dr. Madhavi Adla is a consultant Paediatrician at Continental Hospitals. She has worked in U.K for about 10 years. She has worked in various sub-specialities including Neonatology, Paediatric Oncology, Respiratory HDU, CICU at Glenfield (ECMO centre) to name a few. She was a part of the specialist multidisciplinary team that provided children’s allergy services at Leicester Royal Infirmary. With special interest in allergy, she has gained tremendous experience in dealing with different allergies by working in the regional centre.",100,4,1,1734453823591,0
92,10,835868,1021558,710829,https://imagesx.practo.com/providers/dr-aleti-samatha-pediatrician-hyderabad-2eecac92-7d12-4f2e-a7eb-97a872122430.jpg,/hyderabad/doctor/dr-aleti-samatha-pediatrician?practice_id=710829&specialization=Pediatrician&referrer=doctor_listing&page_uid=acfbf209-25a7-48a9-a3e0-0729dbb93102,Dr. Aleti Samatha,Pediatrician,MBBS,Dr. NTR University of Health Sciences Andhra Pradesh,2012,DNB - Paediatrics,National Board Of Examination,2020,12,Hyderabad,Nizampet,Clinic,Apollo Clinic,500,,,0,0,1734453823592,1
93,10,667148,279824,1135165,https://imagesx.practo.com/providers/dr-leenatha-reddy-j-pediatrician-hyderabad-75fdd7a4-31ae-4e65-8039-65ebbe2043ac.jpg,/hyderabad/doctor/dr-leenatha-reddy-j-endocrinologist?practice_id=1135165&specialization=Pediatrician&referrer=doctor_listing&page_uid=acfbf209-25a7-48a9-a3e0-0729dbb93102,Dr. Leenatha Reddy J,Pediatrician,MBBS,"Mahadevappa Rampure Medical College, Gulbarga",1996,"Member of the Royal College of Paediatrics and Child Health (MRCPCH, London, Glasgow or Edinburgh)","NHS Hospitals, UK",2003,28,Hyderabad,Kondapur,Hospital,Rainbow Children's Clinic,1300,,100,2,0,1734453823592,2
94,10,683304,109642,703528,https://imagesx.practo.com/providers/dr-ramesh-babu-pediatrician-hyderabad-03ce9982-5a5a-4c20-a8ec-b4679354bdd9.jpg,/hyderabad/doctor/dr-ramesh-babu-general-physician-4-109642?practice_id=703528&specialization=Pediatrician&referrer=doctor_listing&page_uid=acfbf209-25a7-48a9-a3e0-0729dbb93102,Dr. Ramesh Babu,Pediatrician,MBBS,Kuvempu Univerisity,1997,MD - Pediatrics,"Rajiv Gandhi University of Health Sciences, Bangalore, India",2001,27,Hyderabad,AS Rao Nagar,Clinic,Apollo Clinic,550,,86,7,5,1734453823592,3
95,10,629816,654677,1132588,https://imagesx.practo.com/providers/dr-spurthi-reddy-chitta-pediatrician-hyderabad-8609d20a-0d47-4084-935b-0b88369c81ae.jpg,/hyderabad/doctor/dr-spurthi-reddy-chitta-allergist-immunologist?practice_id=1132588&specialization=Pediatrician&referrer=doctor_listing&page_uid=acfbf209-25a7-48a9-a3e0-0729dbb93102,Dr. Spurthi Reddy Chitta,Pediatrician,MBBS,"Gandhi Medical College, Hyderabad",2008,MD - Pediatrics,"State University of Newyork Downstate MedicalCenter at Brooklyn,Newyork,USA",2013,14,Hyderabad,Hyder Nagar,Hospital,Rainbow Children's Hospital,1150,,100,2,2,1734453823592,4
96,10,915671,420809,1459120,https://imagesx.practo.com/providers/dr-c-v-s-lakshmi-neonatologist-hyderabad-2a0cd367-d3f6-47dd-877a-01ac01855396.jpg,/hyderabad/doctor/dr-c-v-s-laxmi-pediatrician?practice_id=1459120&specialization=Pediatrician&referrer=doctor_listing&page_uid=acfbf209-25a7-48a9-a3e0-0729dbb93102,Dr. C.V.S. Lakshmi,Pediatrician,MBBS,Dr. NTR University of Health Sciences Andhra Pradesh,2001,MD - Pediatrics,"Osmania Medical College, Hyderabad",2006,18,Hyderabad,Kompally,Hospital,Cloudnine Hospital,1000,"Dr. C.V.S. Lakshmi is one of the most dedicated and highly skilled Senior Pediatrician and Neonatologist in Hyderabad, with a passion for providing exceptional care to newborns and children. She has a vast experience of more than 18 years in treating sick newborns and children and is known for her compassion, commitment and expertise, and providing the highest standard of care for sick newborns, children and support to families. She has received her training in some of the most prestigious institutes in India, in Pediatrics, Neonatology and Pediatric Intensive Care, and is also a teacher and mentor for postgraduate and post-doctoral fellowship students for many years. She has several research papers to her credit and has also been a faculty member at several state and National level conferences. She is often admired by her staff and colleagues for being a trusted team player and motivating the team in stressful medical emergencies.  All through her career, she has been committed in ensuring the well-being of her little patients and their families.    ",,0,0,1734453823592,5
