rank,page,id,doctor_id,practice_id,image_url,profile_url,doctor_name,specialization,qualification,college,completion_year,qualification,college,completion_year,experience_years,practice_city,practice_locality,practice_type,practice_name,consultation_fees,summary,recommendation_percent,patients_count,reviews_count,timestamp,position,
1,1,615548,636162,1139564,https://imagesx.practo.com/providers/dr-sai-sudhakar-cardiologist-hyderabad-4cf86986-dd26-4281-b319-447360059366.jpg,/hyderabad/doctor/dr-sai-sudhakar-cardiologist?practice_id=1139564&specialization=Cardiologist&referrer=doctor_listing&page_uid=dd13c278-e468-4907-836a-e3791153d5d9,Dr. Sai Sudhakar,Cardiologist,MBBS,Annamalai University,2002,MD - General Medicine,"Sri Ramachandra Medical College and  Research Institute (SRMC) Madras, India",2005,22,Hyderabad,Lakdikapul,Hospital,Gleneagles Hospital,950,"Dr. M Sai Sudhakar is one of the very few Interventional Cardiologists in the country with a credit of performing more than 10000 complex angioplasty procedures with very high success rates over a decade of career span. He is also the Chief Cardiac Transplant Physician. After finishing Super Specialty training and before joining Gleneagles global Dr. Sai Sudhakar had briefly worked in New York, USA and came back to India and started working with Apollo Hospitals and simultaneously pursued Fellowship Programs in Interventional Cardiology from renowned institutes in Europe London and USA.  DR M Sai Sudhakar has a passion for Cardiac Pacing and Devices like CRT & ICD for treating heart failure and sudden cardiac death. He has also has done lots of research on stem cell treatment for heart failure benefiting many patients across the globe. He plays an instrumental role in training many next-generation Cardiologists in these techniques. He has several original articles, abstracts published in many reputed national and international Index medical journals.  Dr. M Sai Sudhakar is a prominent invitee as a national and international faculty in cardiology forums and conferences across the globe. He is also the honouree for many prestigious awards in the field of cardiology research and transplant. Dr. Sai Sudhakar has also organized and made transplant possible for people deprived of basic needs and for this cause he garnered the appreciation of the health minister for performing with 100% success rate at low-costs.",100,3,2,1734452871408,2
2,1,875928,593921,983268,https://imagesx.practo.com/providers/dr-mohammed-wasif-azam-interventional-cardiologist-hyderabad-e8a43bc8-fadf-4243-9592-7de67805ee85.jpg,/hyderabad/doctor/dr-mohammed-wasif-azam-cardiologist-1?practice_id=983268&specialization=Cardiologist&referrer=doctor_listing&page_uid=dd13c278-e468-4907-836a-e3791153d5d9,Dr. Mohammed Wasif Azam,Cardiologist,MBBS,"Deccan College of Medical Sciences, Hyderabad",1992,MD - General Medicine,"Manipal Academy Of Higher Education, Manipal, India",1997,32,Hyderabad,Attapur,Hospital,Germanten Hospitals,750,,93,54,6,1734452871408,3
3,1,556604,567366,1027841,https://imagesx.practo.com/providers/dr-t-pramod-kumar-rao-cardiologist-hyderabad-032a5c93-28eb-4337-b659-bb9a2f828014.jpg,/hyderabad/doctor/t-pramodkumarrao-cardiologist?practice_id=1027841&specialization=Cardiologist&referrer=doctor_listing&page_uid=dd13c278-e468-4907-836a-e3791153d5d9,Dr. T. Pramod Kumar Rao,Cardiologist,MBBS,Kasturba Medical  College,2002,MD - General Medicine,"Gandhi Medical College, Hyderabad",2005,22,Hyderabad,Kukatpally,Hospital,OMNI Hospitals,550,"Dr. T. Pramod Kumar Rao is a Cardiologist and Interventional Cardiologist in Secunderabad, Hyderabad and has an experience of 9 years in these fields. Dr. T. Pramod Kumar Rao practices at Lakshya Heart Clinic in Secunderabad, Hyderabad. He completed MBBS from K.M.C in 2001, MD - General Medicine from Gandhi Medical College, Hyderabad in 2005 and DM - Cardiology from Sri Venkateswara Institute of Medical Sciences (SVIMS), Tirupati in 2008. ",100,29,16,1734452871408,5
4,1,926302,713401,1410302,https://imagesx.practo.com/providers/dr-harsha-vardhan-reddy-k-cardiologist-hyderabad-4a312844-c4fd-434a-b4f3-8cda297391eb.jpg,/hyderabad/doctor/dr-harsha-vardhan-reddy-k-cardiologist?practice_id=1410302&specialization=Cardiologist&referrer=doctor_listing&page_uid=dd13c278-e468-4907-836a-e3791153d5d9,Dr. Harsha Vardhan Reddy K,Cardiologist,MBBS,Kurnool Medical College; Kurnool,2007,DM - Cardiology,Gandhi Medical College; Hyderabad,2018,17,Hyderabad,Madhapur,Hospital,Sravani Hospital,900,,100,6,0,1734452871408,6
5,1,928896,1079532,983268,https://imagesx.practo.com/providers/dr-bharavi-chunduri-cardiologist-hyderabad-d6e99f9c-01ec-4b9d-a85c-8ea190d86b0b.jpg,/hyderabad/doctor/dr-bharavi-chunduri-cardiologist?practice_id=983268&specialization=Cardiologist&referrer=doctor_listing&page_uid=dd13c278-e468-4907-836a-e3791153d5d9,Dr. Bharavi Chunduri,Cardiologist,MBBS,Dr. NTR University of Health Sciences Andhra Pradesh,2007,DM - Cardiology,"Utkal University, Orissa, India",2021,17,Hyderabad,Attapur,Hospital,Germanten Hospitals,750,,,0,0,1734452871409,7
6,1,855713,1054997,1356986,https://imagesx.practo.com/providers/dr-surapaneni-sasank-cardiologist-hyderabad-dc85817e-a92e-4e21-97e6-5a607724e5dd.jpg,/hyderabad/doctor/surapaneni-sasank-cardiologist-1?practice_id=1356986&specialization=Cardiologist&referrer=doctor_listing&page_uid=dd13c278-e468-4907-836a-e3791153d5d9,Dr. Surapaneni Sasank,Cardiologist,MBBS,Dr. NTR University of Health Sciences Andhra Pradesh,2013,MD - General Medicine,Rajiv Gandhi University of Health Sciences,2019,11,Hyderabad,Ameerpet,Clinic,Poornima Nursing Home,600,"Dr  Surapaneni Sasank completed graduation  ( MBBS) from  NRI Medical college in 2014 . Then he attained Rank 17 in All India entrance and has joined in the prestigious MS Ramaiah Medical institute to complete MD General Medicine . Following this ,he obtained DM Cardiology seat at Gandhi Medical college and received the Gold medal from the reputed institution as the best outgoing doctor. Following his super specialty ,he wanted to persue  his path of service and hence continued in Government service at  Kakatiya Medical college , Warangal . He also has worked in Holistic hospital ,Nizampet ,Hyderabad.",100,24,20,1734452871408,8
7,1,507326,368618,663465,https://imagesx.practo.com/providers/dr-meeraji-rao-d-cardiologist-hyderabad-922a10ae-501d-48b3-99ee-8238303b85eb.jpg,/hyderabad/doctor/dr-meeraji-rao-cardiologist?practice_id=663465&specialization=Cardiologist&referrer=doctor_listing&page_uid=dd13c278-e468-4907-836a-e3791153d5d9,Dr. Meeraji Rao D,Cardiologist,MBBS,"Kurnool Medical College, Kurnool",1980,DNB - General Medicine,"POSTGRADUATE INSTITUTE OF MEDICAL  EDUCATION AND RESEARCH, CHANDIGARH",1984,33,Hyderabad,Gachibowli,Hospital,Continental Hospitals,900,"Dr. Meeraji Rao is an  Interventional Cardiologist at Continental Institute of Cardiovascular Sciences – The Heart Center. He has 25 years of Interventional Cardiology experience. He has performed more than 7000 procedures to date. He specializes in Trans-radial Angiography & Angioplasty with a special interest in Chronic Total Occlusions and device closures. He has recognition from prestigious American Professional Societies and was awarded FACC ( Fellow of American College of Cardiology) in 2000 and FSCAI (Fellow of Society for Cardiac Angiography & Interventions) in 2014. He trained as Fellow in Pediatric Cardiology at RCH, Melbourne, Australia in 2001 and as Fellow in preventive cardiology (World Heart Federation) in Kenya in 2002. Recently, he was on a sabbatical as a Fellow in Interventional Cardiology at AUSL9 (University of Siena) in Tuscany, Italy.   He worked as an Assistant Prof. Of Cardiology at PGIMER, India and as an Associate Prof. Of Cardiology at Nizam’s Institute of Medical Sciences in Hyderabad, India. He has served as President, Cardiology Society of India, AP Chapter, 2007 – 08. He has ample research experience and was an investigator in multiple, multinational interventional cardiology studies. Dr. Rao, until recently worked as Head of Cardiology Department at NMCSH Hospital, UAE (JCI Accredited).  He speaks English, Hindi, Telugu and Punjabi.",85,13,14,1734452871408,9
8,1,230658,316046,663465,https://imagesx.practo.com/providers/dr-abhisekh-mohanty-cardiologist-hyderabad-419c91fc-218d-43e6-b620-b22e506938c8.jpg,/hyderabad/doctor/dr-abhisekh-mohanty-cardiologist-cardiologist?practice_id=663465&specialization=Cardiologist&referrer=doctor_listing&page_uid=dd13c278-e468-4907-836a-e3791153d5d9,Dr. Abhisekh Mohanty,Cardiologist,DM - Cardiology,"King Georges Medical College, Lucknow University",2014,MD - General Medicine,"Chhatrapati Shahu Ji Maharaj University, Kanpur",2011,18,Hyderabad,Gachibowli,Hospital,Continental Hospitals,1000,"Complex Coronary angioplasty  Peripheral angioplasty  Carotid angioplasty  Pacemaker , ICD , CRT device.   -Director of structural heart disease programme which includes TAVI/ TAVR , Device closure for congenital heart diseases like ASD , PDA ,VSD,  Balloon valvotomy LAA appendage closure Endovascular repair of aortic aneurysms   -Heart transplant  Cardiologist- evaluation of recipient and post op management , endomyocardial biopsies.",100,10,9,1734452871407,10
10,1,687239,752975,771879,https://imagesx.practo.com/providers/dr-lanka-krishna-cardiologist-hyderabad-65de9292-8b77-40fa-907e-e49369feedde.jpg,/hyderabad/doctor/dr-lanka-krishna-general-physician?practice_id=771879&specialization=Cardiologist&referrer=doctor_listing&page_uid=dd13c278-e468-4907-836a-e3791153d5d9,Dr. Lanka Krishna,Cardiologist,MBBS,Sri Venkateshwara University,1981,DNB - General Medicine,National Boards of Examination New Delhi,1994,43,Hyderabad,Ameerpet,Hospital,Aster Prime Hospital,800,"Dr. Lanka is one of the best interventional cardiologists in Hyderabad and consultant interventional cardiologist at Aster Prime. He has nearly 20 years of experience at NIMS, Hyderabad and a member of CSI, TSCSI, ECSI, and PACE. Dr. Lanka was the person to start trans radial angio & angioplasty course in NIMS and bifurcation stenting reported in TCTMD.COM. ",95,57,35,1734452871408,13
11,2,680330,385809,1256875,https://imagesx.practo.com/providers/dr-sanjib-k-sahu-interventional-cardiologist-hyderabad-a26622fa-78d2-48e1-b530-7e018255a03c.jpg,/hyderabad/doctor/sanjib-k-sahu-cardiologist?practice_id=1256875&specialization=Cardiologist&referrer=doctor_listing&page_uid=1228524c-eb36-4407-b52a-2aefd02c5c7d,Dr. Sanjib K Sahu,Cardiologist,MD - General Medicine,Baroda medical College,1998,DNB - Cardiology,Diploma National Board,2006,26,Hyderabad,Vidyanagar,Clinic,DDH Care Cardiac Center,500,"Dr. Sanjib K Sahu is a Cardiologist and Interventional Cardiologist in Secunderabad, Hyderabad and has an experience of 13 years in these fields. Dr. Sanjib K Sahu practices at Yashoda Hospital in Secunderabad, Hyderabad and The Heart Clinic in Vidyanagar, Hyderabad. He completed MBBS from SCB Medical College, Cuttack, Orissa, MD - General Medicine from Baroda Medical College and DNB (Cardiology) from Diplomate National Board, India.  He is a member of Cardiological Society of India (CSI) and he is awarded as an international fellow of the European society of cardiology. Some of the services provided by the doctor are Treatment of arrhythmia, TMT, Balloon Mitral Valvuloplasty, Coronary Angioplasty and ASD Device Closure etc. Also",92,76,27,1734452872759,0
13,2,683621,205181,929915,https://imagesx.practo.com/providers/dr-venkata-rayudu-nekkanti-cardiologist-hyderabad-1539f2ad-62d8-4072-97b3-2cb97c0ccdea.jpg,/hyderabad/doctor/dr-nekkanti-v-rayud-cardiologist?practice_id=929915&specialization=Cardiologist&referrer=doctor_listing&page_uid=1228524c-eb36-4407-b52a-2aefd02c5c7d,Dr. Venkata Rayudu Nekkanti,Cardiologist,MBBS,"Rangaraya Medical College, Kakinada",1976,DM - Cardiology,"Nizam Institute of Medical Sciences, Hyderabad",1994,48,Hyderabad,Kondapur,Clinic,Apollo Medical  Centre,1050,,84,19,12,1734452872760,2
14,2,566476,211013,1137210,https://imagesx.practo.com/providers/dr-r-balaji-cardiologist-hyderabad-1adba7ec-0533-4fb2-a33c-4e0672d308ad.jpg,/hyderabad/doctor/dr-r-balaji-cardiologist?practice_id=1137210&specialization=Cardiologist&referrer=doctor_listing&page_uid=1228524c-eb36-4407-b52a-2aefd02c5c7d,Dr. R. Balaji,Cardiologist,MBBS,"Sri Venkateswara Institute of Medical Sciences (SVIMS), Tirupati",1989,MD - General Medicine,"Sri Venkateswara Institute of Medical Sciences (SVIMS), Tirupati",1995,35,Hyderabad,Chanda Nagar,Clinic,Balaji Heart Centre,700,"Dr. R.Balaji is a consultant and interventional cardiologist at Maxcure Hospital, Hitech city, Madhapur, Hyderabad.",97,203,111,1734452872759,3
15,2,954710,735410,771879,https://imagesx.practo.com/providers/dr-sai-ravi-shanker-a-cardiologist-hyderabad-a32751ea-5750-4547-84c6-1c2b4f40777f.jpg,/hyderabad/doctor/dr-sai-ravi-shanker-a-cardiologist?practice_id=771879&specialization=Cardiologist&referrer=doctor_listing&page_uid=1228524c-eb36-4407-b52a-2aefd02c5c7d,Dr. Sai Ravi Shanker A,Cardiologist,MBBS,Berhampur University,1995,MD - General Medicine,"Utkal University, Orissa, India",1999,20,Hyderabad,Ameerpet,Hospital,Aster Prime Hospital,800,"Dr. Sai Ravi Shanker A is a Cardiologist in Gachibowli, Hyderabad and has an experience of 5 years in this field. Dr. Sai Ravi Shanker A practices at Continental Hospitals in Gachibowli, Hyderabad. He completed MBBS from Berhampur University in 1995,MD - General Medicine from Utkal University, Orissa, India in 1999 and DM - Cardiology from Dr. NTR University of Health Sciences Andhra Pradesh in 2013.",57,7,7,1734452872761,4
16,2,794668,620518,1361927,https://imagesx.practo.com/providers/dr-v-vinoth-kumar-interventional-cardiologist-hyderabad-061448fd-0a63-4351-b93f-a84b9e03aec7.jpg,/hyderabad/doctor/vinoth-kumar-3-cardiologist?practice_id=1361927&specialization=Cardiologist&referrer=doctor_listing&page_uid=1228524c-eb36-4407-b52a-2aefd02c5c7d,Dr. V Vinoth Kumar,Cardiologist,MBBS,The Tamil Nadu Dr. M.G.R. Medical University (TNMGRMU),2003,DM - Cardiology,"Sri Jayadeva Institute of Cardiology, Bangalore",2013,21,Hyderabad,Nallagandla,Clinic,Dr. Vinoth's Heart Centre,800,"Dr. V Vinoth Kumar is a Interventional Cardiologist in Madinaguda, Hyderabad and has an experience of 9 years in this field. Dr. V Vinoth Kumar practices at Dr.Vinoth's Heart Centre in Madinaguda, Hyderabad. He completed MBBS from PSG Institute of Medical Science & Research in 2003,MD - General Medicine from Kurnool Medical College, Kurnool in 2006 and DM - Cardiology from Sri Jayadeva Institute of Cardiology, Bangalore in 2013. He is a member of CSI,AFESC and Indian Medical Association (IMA). Some of the services provided by the doctor are: Hypertension ,Treatment of arrhythmia,Non-Invasive Cardiology,Pacemaker Implantation and Coronary Angioplasty / Bypass Surgery etc.",100,145,91,1734452872760,5
17,2,728031,748216,1300486,https://imagesx.practo.com/providers/dr-lalith-agarwal-cardiologist-hyderabad-faded349-7195-4918-a967-31033b6ca1ef.jpg,/hyderabad/doctor/lalith-agarwal-cardiology?practice_id=1300486&specialization=Cardiologist&referrer=doctor_listing&page_uid=1228524c-eb36-4407-b52a-2aefd02c5c7d,Dr. Lalith Agarwal,Cardiologist,MBBS,"Osmania Medical College, Hyderabad",2009,DNB - General Medicine,"National Board of Examination, India",2013,15,Hyderabad,Manikonda,Clinic,Agarwal Heart Centre,600,I'm serious about my work and do it with utmost sincerity,96,130,109,1734452872760,6
18,2,746155,645260,723170,https://imagesx.practo.com/providers/dr-ramakrishna-janapati-cardiologist-hyderabad-7a5b7a79-27fe-4c45-82b9-de5ca5c42098.jpg,/hyderabad/doctor/dr-ramakrishna-janapati-cardiology?practice_id=723170&specialization=Cardiologist&referrer=doctor_listing&page_uid=1228524c-eb36-4407-b52a-2aefd02c5c7d,Dr. Ramakrishna Janapati,Cardiologist,MBBS,Dr. NTR University of Health Sciences Andhra Pradesh,2007,MD - General Medicine,"Nizam Institute of Medical Sciences, Hyderabad",2012,10,Hyderabad,KPHB,Clinic,Idea Clinics,900,"Dr Ramakrishna Janapati presently working as a Consultant Cardiologist at Apollo Health City Jubilee Hills Hyderabad. He will be available at IDEA CLINICS ,KPHB at evening hours. Previously he worked as a Consultant Cardiologist at Citizens Hospital, Hyderabad (September 2017 to July 31 2018). He was trained in all aspects of clinical cardiology and he underwent structured training at a reputed institute such as NIMS, Hyderabad .Over the years he attended various national and international conferences.",100,9,0,1734452872760,7
19,2,900909,1111851,663465,https://imagesx.practo.com/providers/dr-c-v-n-murthy-cardiologist-hyderabad-04d6667c-2608-408d-8104-3b4202142290.jpg,/hyderabad/doctor/dr-c-v-n-murthy-cardiologist?practice_id=663465&specialization=Cardiologist&referrer=doctor_listing&page_uid=1228524c-eb36-4407-b52a-2aefd02c5c7d,Dr. C V N Murthy,Cardiologist,MBBS,University Of Calcutta,1985,DNB - General Medicine,"National Board of Education, New Delhi",1993,39,Hyderabad,Gachibowli,Hospital,Continental Hospitals,1000,,,0,0,1734452872761,8
20,2,884449,1092095,771879,https://imagesx.practo.com/providers/dr-venkata-neeladrivaram-cardiologist-hyderabad-a6df5add-7bdd-4764-b073-71568365791e.jpg,/hyderabad/doctor/dr-venkata-neeladri-cardiac-surgeon?practice_id=771879&specialization=Cardiologist&referrer=doctor_listing&page_uid=1228524c-eb36-4407-b52a-2aefd02c5c7d,Dr. Venkata Neeladrivaram,Cardiologist,MBBS,Andhra University,1984,MS - General Surgery,"Mangalore University, Karnataka, India",1991,39,Hyderabad,Ameerpet,Hospital,Aster Prime Hospital,2000,,,0,0,1734452872761,9
21,3,875538,1080943,771879,https://imagesx.practo.com/providers/dr-vikas-k-cardiologist-hyderabad-9287f63c-60b9-4f6f-87cb-047af77fdc6c.jpg,/hyderabad/doctor/dr-vikas-k-cardiologist?practice_id=771879&specialization=Cardiologist&referrer=doctor_listing&page_uid=d12a7960-0768-4eae-b10a-89265fba25a6,Dr. Vikas K,Cardiologist,MBBS,Dr. NTR University of Health Sciences Andhra Pradesh,2010,MD - General Medicine,"PGIMER, Chandigarh, India",2014,13,Hyderabad,Ameerpet,Hospital,Aster Prime Hospital,800,,,0,0,1734452874207,0
22,3,874804,460557,895537,https://imagesx.practo.com/providers/dr-ravindra-amujuru-interventional-cardiologist-hyderabad-c47e2956-acca-4b47-be17-f2f0c297d18a.jpg,/hyderabad/doctor/ravindra-amujuru-cardiologist?practice_id=895537&specialization=Cardiologist&referrer=doctor_listing&page_uid=d12a7960-0768-4eae-b10a-89265fba25a6,Dr. Ravindra Amujuru,Cardiologist,MBBS,Dr. NTR University of Health Sciences Andhra Pradesh,2006,MD - General Medicine,Dr. NTR University of Health Sciences Andhra Pradesh,2011,11,Hyderabad,Chanda Nagar,Clinic,Apollo Clinic,1050,"Dr. Ravindra Amujuru is a Interventional Cardiologist and Cardiologist in Gachibowli, Hyderabad and has an experience of 6 years in these fields. Dr. Ravindra Amujuru practices at AIG Hospital in Gachibowli, Hyderabad. He completed MBBS from Rangaraya Medical College, Kakinada in 2007,MD - General Medicine from The Tamil Nadu Dr. M.G.R. Medical University (TNMGRMU) in 2011 and DM - Cardiology from Osmania Medical College, Hyderabad in 2014",75,4,0,1734452874207,1
23,3,867039,1057277,1427692,https://imagesx.practo.com/providers/dr-sravan-kumar-v-cardiologist-hyderabad-cc465c24-23b9-47b5-baf5-27b95e31a091.jpg,/hyderabad/doctor/dr-sravan-kumar-4-cardiologist?practice_id=1427692&specialization=Cardiologist&referrer=doctor_listing&page_uid=d12a7960-0768-4eae-b10a-89265fba25a6,Dr. Sravan Kumar V,Cardiologist,MBBS,"Santhiram Medical College, Nandyal",2010,MD - Tuberculosis & Respiratory Diseases/Medicine,"JSS University, Mysore",2015,12,Hyderabad,Pragathi Nagar,Hospital,Prasad Hospital,700,,100,5,4,1734452874207,2
24,3,891683,1053049,1442523,https://imagesx.practo.com/providers/dr-seshivardhan-janjirala-cardiologist-hyderabad-0da00143-436a-43d2-a5f3-87792f3d4333.jpg,/hyderabad/doctor/dr-seshivardhan-janjirala-cardiologist?practice_id=1442523&specialization=Cardiologist&referrer=doctor_listing&page_uid=d12a7960-0768-4eae-b10a-89265fba25a6,Dr. Seshivardhan Janjirala,Cardiologist,MBBS,Dr. NTR University of Health Sciences Andhra Pradesh,2012,DM - Cardiology,"Kurnool Medical College, Kurnool",2021,12,Hyderabad,Manikonda,Hospital,Prasad Hospitals,700,,,0,0,1734452874207,3
25,3,861204,1054061,663465,https://imagesx.practo.com/providers/dr-ramakrishnudu-cardiologist-hyderabad-4dd769e5-c514-46fb-a9f2-10b1a333957f.jpg,/hyderabad/doctor/dr-ramakrishnudu-cardiologist?practice_id=663465&specialization=Cardiologist&referrer=doctor_listing&page_uid=d12a7960-0768-4eae-b10a-89265fba25a6,Dr. Ramakrishnudu,Cardiologist,MBBS,Dr. NTR University of Health Sciences Andhra Pradesh,2001,MD - General Medicine,Dr. NTR University of Health Sciences Andhra Pradesh,2007,21,Hyderabad,Gachibowli,Hospital,Continental Hospitals,900,,,,0,1734452874207,4
26,3,566626,582885,771879,https://imagesx.practo.com/providers/dr-chanakya-kishore-cardiologist-hyderabad-b87d0bd9-3028-4c73-b6f0-10a5023ce221.jpg,/hyderabad/doctor/dr-chanakya-kishore-1-cardiologist-1?practice_id=771879&specialization=Cardiologist&referrer=doctor_listing&page_uid=d12a7960-0768-4eae-b10a-89265fba25a6,Dr. Chanakya Kishore,Cardiologist,MBBS,"Kurnool Medical College, Kurnool",1994,DM - Cardiology,"All India Institute of Medical Sciences, New Delhi",2002,27,Hyderabad,Ameerpet,Hospital,Aster Prime Hospital,400,"Dr. Chanakya Kishore is a Cardiologist in Kothaguda, Hyderabad. Dr. Chanakya Kishore practices at Aster Prime Hospitals in  Hyderabad. He completed MBBS, MD - General Medicine and DM - Cardiology.",100,1,1,1734452874204,5
27,3,385488,458865,895537,https://imagesx.practo.com/providers/dr-tripti-deb-cardiologist-hyderabad-81da7d47-71fa-457a-9493-2df2496cb41b.jpg,/hyderabad/doctor/dr-tripti-deb-cardiologist-1?practice_id=895537&specialization=Cardiologist&referrer=doctor_listing&page_uid=d12a7960-0768-4eae-b10a-89265fba25a6,Dr. Tripti Deb,Cardiologist,MBBS,"Government Medical College, Jabalpur",1977,MD - General Medicine,"Government Medical College, Jabalpur",1981,47,Hyderabad,Chanda Nagar,Clinic,Apollo Clinic,1050,,59,39,21,1734452874204,6
28,3,837394,920764,771879,https://imagesx.practo.com/providers/dr-sravan-kumar-peravali-cardiologist-hyderabad-68f882c7-cc90-40b2-b61a-87b8feaafb52.jpg,/hyderabad/doctor/dr-sravan-kumar-peravali-cardiologist?practice_id=771879&specialization=Cardiologist&referrer=doctor_listing&page_uid=d12a7960-0768-4eae-b10a-89265fba25a6,Dr. Sravan Kumar Peravali,Cardiologist,MBBS,Dr. NTR University of Health Sciences Andhra Pradesh,2009,MD - General Medicine,"Manipal Academy Of Higher Education, Manipal, India",2015,15,Hyderabad,Ameerpet,Hospital,Aster Prime Hospital,700,,100,1,1,1734452874207,7
29,3,684749,1029654,703528,https://imagesx.practo.com/providers/dr-shilpi-mohan-cardiologist-hyderabad-db4ec371-3862-4c87-a710-b1c0eb4a2515.jpg,/hyderabad/doctor/dr-shilpi-mohan-cardiologist?practice_id=703528&specialization=Cardiologist&referrer=doctor_listing&page_uid=d12a7960-0768-4eae-b10a-89265fba25a6,Dr. Shilpi Mohan,Cardiologist,MBBS,"Netaji Subhash Chandra Bose Medical College, Jabalpur",1999,MD - General Medicine,"Rani Durgawati Vishwa Vidyalaya, Jabalpur",2003,24,Hyderabad,AS Rao Nagar,Clinic,Apollo Clinic,1000,,100,4,4,1734452874206,8
30,3,693763,771699,710829,https://imagesx.practo.com/providers/dr-b-jaynathi-cardiologist-hyderabad-d373d145-0ccc-4d9b-b8d2-9ae3adbbfa27.jpg,/hyderabad/doctor/dr-b-jaynathi-cardiologist?practice_id=710829&specialization=Cardiologist&referrer=doctor_listing&page_uid=d12a7960-0768-4eae-b10a-89265fba25a6,Dr. B Jaynathi,Cardiologist,MBBS,"Gandhi Medical College, Hyderabad",1991,DNB - Cardiology,Medwin Hospital,2001,27,Hyderabad,Nizampet,Clinic,Apollo Clinic,600,"Dr. B Jayanthi is a Leading lady Cardiologist and Interventional Cardiologist in AP & Telengana and has an  Overall experience of 28 years and 18 Yrs as specialist . Dr. B Jayanthi practices at Apollo Clinic Nizampet, Hyderabad. She completed MBBS from Gandhi Medical College in 1991 ,MD - General Medicine Gandhi  Medical College in 1997 and DNB - Cardiology from National Board Of Examination in 2001. Diploma In Cardiology from London.                         She is Topper and Gold Medalist in her MD Medicine batch and Pioneer in getting DM Cardiolgy seat for DCMS -2013. She recived various awards like Best Doctor Award - 2014, Global Peace Award -2013, National Integrations Award 2014 and Indira Priya Darshini Award-2014 for the tremendous work done in Hyderabad city for serving the poor by doing regular free cardiac camps for and educating the patients and public on prevention of Coronoary Heart disease and life style modifcations and food habbits.                                                                                                                                                                             She worked in various reputed hospitals in the city as as HOD of the Cardiology Department.                                                                                     She  is a member of Indian Medical Association (IMA) and Telengana Hospitals and Nursing homes Assocaiation (THANA). She is expertise in managing all types of cardiac emergencies especailly women with Cardiac disease during pregnancy and after delivery and managing Acute heart attacks, heart failure, high BP, Arythimias and Congenital heart diseases. She is also having tremendous experience in non invasive cardiology like 2D Echos, DSE, TEE etc, and invasive cardiology like Angiogram, PTCA stenting,  Interventions she has done in the reputed hospital (OWAISI) got selected for challlenging CD award presentation at National Interventional Conference Calcutta 2013, and Interantional Interventional conference, C3 conference Florida.       ",75,4,2,1734452874206,9
31,4,805580,979207,1371414,https://imagesx.practo.com/providers/dr-ramya-p-cardiologist-hyderabad-906596cb-48f8-4a83-a53b-c293cd85d95a.jpg,/hyderabad/doctor/dr-ramya-pechetty-cardiology?practice_id=1371414&specialization=Cardiologist&referrer=doctor_listing&page_uid=12211c6a-e926-4770-a10e-9a1ad21455a8,Dr. Ramya P,Cardiologist,MD - General Medicine,"Osmania Medical College, Hyderabad",2011,DM - Cardiology,"Nizam Institute of Medical Sciences, Hyderabad",2015,12,Hyderabad,Somajiguda,Clinic,PSR Heart Care,600,,100,1,1,1734452875440,0
32,4,679250,742034,1256875,https://imagesx.practo.com/providers/dr-v-seetharam-cardiologist-hyderabad-a71d387f-deee-4d3f-944e-691a87f9d32e.jpg,/hyderabad/doctor/v-seetharam-cardiologist?practice_id=1256875&specialization=Cardiologist&referrer=doctor_listing&page_uid=12211c6a-e926-4770-a10e-9a1ad21455a8,Dr. V Seetharam,Cardiologist,MBBS,Dr. NTR University of Health Sciences Andhra Pradesh,2011,MD - General Medicine,Dr. NTR University of Health Sciences Andhra Pradesh,2014,7,Hyderabad,Vidyanagar,Clinic,DDH Care Cardiac Center,500,,100,3,2,1734452875439,1
33,4,840718,615632,1176722,https://imagesx.practo.com/providers/dr-ajit-kumar-patnaik-cardiologist-hyderabad-c3a3dc5e-735a-4648-bc12-598d0970d892.jpg,/hyderabad/doctor/ajit-kumar-patnaik-cardiologist?practice_id=1176722&specialization=Cardiologist&referrer=doctor_listing&page_uid=12211c6a-e926-4770-a10e-9a1ad21455a8,Dr. Ajit Kumar Patnaik,Cardiologist,MBBS,Berhampur University,2001,MD - General Medicine,"Utkal University, Orissa, India",2008,16,Hyderabad,Kondapur,Clinic,Idea Clinics,900,"Dr. Ajit Kumar Patnaik is a Consultant interventional  cardiologist. Expertise in hypertension,heart failure, cholesterol disorders, diabetes related cardiac diseases, heart rhythm disorders.",,0,0,1734452875440,2
35,4,935747,1151882,1148357,https://imagesx.practo.com/providers/dr-m-pradeep-kumar-interventional-cardiologist-hyderabad-d398a821-ec07-4d27-b52f-a485a31a1873.jpg,/hyderabad/doctor/dr-m-pradeep-kumar-cardiologist?practice_id=1148357&specialization=Cardiologist&referrer=doctor_listing&page_uid=12211c6a-e926-4770-a10e-9a1ad21455a8,Dr. M .Pradeep Kumar,Cardiologist,MBBS,Dr Ntr University Of Hhealth Sciences,2008,MD - General Medicine,Dr Ntr University Of Hhealth Sciences,2014,15,Hyderabad,Manikonda,Clinic,Apollo Clinic,850,,,,0,1734452875440,4
