rank,page,id,doctor_id,practice_id,image_url,profile_url,doctor_name,specialization,qualification,college,completion_year,qualification,college,completion_year,experience_years,practice_city,practice_locality,practice_type,practice_name,consultation_fees,summary,recommendation_percent,patients_count,reviews_count,timestamp,position,
1,1,668257,719917,706972,https://imagesx.practo.com/providers/dr-k-s-poddar-cardiologist-kolkata-879f09ac-a558-4532-9184-f3352e034819.jpg,/kolkata/doctor/dr-k-s-poddar-cardiologist-1?practice_id=706972&specialization=Cardiologist&referrer=doctor_listing&page_uid=37864a93-afba-486f-827f-12809e57ec64,Dr. K S Poddar,Cardiologist,MBBS,Burdwan University,1997,MD - General Medicine,Calcutta University,2006,27,Kolkata,Dumdum Road,Hospital,ILS Hospitals,600,,100,10,8,1734453827130,1
2,1,662420,709917,1237847,https://imagesx.practo.com/providers/dr-s-b-nagori-cardiologist-kolkata-c2a0a893-00f8-4c24-a9e3-199afa3b4e73.jpg,/kolkata/doctor/dr-s-b-nagori-cardiologist?practice_id=1237847&specialization=Cardiologist&referrer=doctor_listing&page_uid=37864a93-afba-486f-827f-12809e57ec64,Dr. S. B. Nagori,Cardiologist,MD - (Med. & Thera.),"Rajasthan University, Jaipur, India",1976,MBBS,"Rajasthan University, Jaipur, India",1973,51,Kolkata,Sarat Bose Road,Clinic,Aloka Medicare Pvt. Ltd. (Formerly Calcutta Heart ),1500,"Dr. S. B. Nagori is a visiting cardiologist  practicing since last 48 yrs with various achievements, milestones and professional memberships.",93,125,78,1734453827130,2
3,1,884855,448238,1250516,https://imagesx.practo.com/providers/dr-soumya-patra-interventional-cardiologist-kolkata-46aa2e7a-8c1e-4786-9bb7-7d2bdedd8ff5.jpg,/kolkata/doctor/soumya-patra-cardiologist?practice_id=1250516&specialization=Cardiologist&referrer=doctor_listing&page_uid=37864a93-afba-486f-827f-12809e57ec64,Dr. Soumya Patra,Cardiologist,MBBS,NRS Medical College and Hospital,2004,MD - Pediatrics,"Lady Hardinge Medical College, New Delhi",2009,20,Kolkata,Mukundapur,Hospital,Manipal Hospitals (AMRI Hospitals),1500,"Dr Soumya Patra is a young Cardiologist who always guide the patients according to the recent scientific guidelines and who can be performed all adult and Pediatric Cardiac intervention as well as cardiac device implantation (pacemaker, CRT, ICD, etc). Gold medalist of Rajiv Gandhi University of Health Sciences, Karnataka. Youngest Cardiologist from India who has been awarded fellowship from both American College of Cardiology (FACC) and European Society of Cardiology (FESC). Member of several International Cardiological society like American College of Cardiology (ACC), European Association of Percutaneous Cardiovascular Intervention (EAPCI), Acute Cardiac Care Association (ACCA) of European Society of Cardiology. Published more than 80 articles in national & international Pub Med Indexed journals and presented a scientific research paper in many International conferences.    ",80,5,5,1734453827134,4
4,1,676700,737532,1250516,https://imagesx.practo.com/providers/dr-uttam-kumar-saha-cardiologist-kolkata-7435af00-34e0-44a7-bb9e-d1b72dab9ba2.jpg,/kolkata/doctor/dr-uttam-kumar-saha-cardiologist?practice_id=1250516&specialization=Cardiologist&referrer=doctor_listing&page_uid=37864a93-afba-486f-827f-12809e57ec64,Dr. Uttam Kumar Saha,Cardiologist,MBBS,Calcutta University,1990,MD - General Medicine,Berhampur University,1996,34,Kolkata,Mukundapur,Hospital,Manipal Hospitals (AMRI Hospitals),1500,,91,11,9,1734453827131,5
5,1,692017,768666,1250516,https://imagesx.practo.com/providers/dr-amit-bhauwala-cardiologist-kolkata-f71e0ed0-2235-4f36-a0d2-5f134a81dc20.jpg,/kolkata/doctor/amit-bhauwala-cardiologist?practice_id=1250516&specialization=Cardiologist&referrer=doctor_listing&page_uid=37864a93-afba-486f-827f-12809e57ec64,Dr. Amit Bhauwala,Cardiologist,MBBS,"Medical College, Calcutta",2010,MD - General Medicine,"PGIMER, Chandigarh, India",2013,14,Kolkata,Mukundapur,Hospital,Manipal Hospitals (AMRI Hospitals),1200,"Dr. Amit Bhauwala practising as a full time consultant interventional cardiologist at AMRI Hospitals Mukundapur, Kolkata.""",100,2,2,1734453827134,6
6,1,674164,733735,1247064,https://imagesx.practo.com/providers/dr-parijat-debchoudhury-interventional-cardiologist-kolkata-a5f5049e-dcab-47ef-8d17-740a7c3736fd.jpg,/kolkata/doctor/parijat-debchoudhury-cardiologist?practice_id=1247064&specialization=Cardiologist&referrer=doctor_listing&page_uid=37864a93-afba-486f-827f-12809e57ec64,Dr. Parijat Debchoudhury,Cardiologist,MD - General Medicine,"King Georges Medical College, Lucknow University",2009,MBBS,"JIPMER, Pondicherry",2003,21,Kolkata,Mukundapur,Clinic,Medithics,700,"Dr Parijat Deb Choudhury Is A Renowned Intervention Cardiologist In Kolkata Practicing At Amri Hospital, Mukundapur.   She Has Been Practicing Medicine From 2004 Onwards And Has Been Attached To Some Of The Best Hospitals.  She Was A Good Academician And Clinical Research Fellow. After Securing The 2nd Rank In Premedical Entrance Exam She Persuaded MBBSS From Jipmer Pondicherry. Her Bright Educational Career Has A Major Role In Her Becoming A Reputed Heart Doctor In Kolkata.",95,59,50,1734453827131,7
7,1,686744,575965,1033173,https://imagesx.practo.com/providers/dr-sumanta-chatterjee-interventional-cardiologist-kolkata-1670929c-73a4-4ac4-a1b2-066521454699.jpg,/kolkata/doctor/dr-sumanta-chattarjee-general-physician?practice_id=1033173&specialization=Cardiologist&referrer=doctor_listing&page_uid=37864a93-afba-486f-827f-12809e57ec64,Dr. Sumanta Chatterjee,Cardiologist,MD - General Medicine,"Medical College, Calcutta",2013,DM - Cardiology,"Medical College, Calcutta",2016,15,Kolkata,Dhakuria,Hospital,Manipal Hospitals (AMRI Hospitals),1200,"Dr. Sumanta Chatterjee is a dedicated and hardworking young Interventional Cardiologist in Kolkata. He completed his medical education at Medical College, Kolkata, receiving Gold Medals for his outstanding performance at the MBBS and MD (Medicine) levels, and topping the institution at the DM (Cardiology) superspeciality degree examination. He is performing radial route angiography and angioplasty with special interest in primary angioplasty round the clock in AMRI Hospital, Dhakuria . Dr chatterjee is well versed in FFR OCT and IVUS guided angioplasties, difficult coronary procedures, bifurcation lesions with newer sophisticated gadgets.He is adept in doing pacemaker, ICD,CRT. He has keen interest in treating cardio diabetes segment and preventive cardiology.",98,60,40,1734453827133,8
8,1,706469,73898,1033173,https://imagesx.practo.com/providers/dr-prakash-kumar-hazra-cardiologist-kolkata-9db37374-ff31-4cae-9d42-5bbac25d537e.jpg,/kolkata/doctor/dr-prakash-kumar-hazra-pathologist?practice_id=1033173&specialization=Cardiologist&referrer=doctor_listing&page_uid=37864a93-afba-486f-827f-12809e57ec64,Dr. Prakash Kumar Hazra,Cardiologist,MBBS,Calcutta University,1988,MD - Medicine,"PGIMER, Chandigarh, India",1993,35,Kolkata,Dhakuria,Hospital,Manipal Hospitals (AMRI Hospitals),2000,,81,21,13,1734453827134,9
9,1,756005,896998,1033173,https://imagesx.practo.com/providers/dr-supratip-kundu-cardiologist-kolkata-018ffb2b-6596-4ba0-a4aa-f2629187246b.jpg,/kolkata/doctor/supratip-kundu-cardiologist?practice_id=1033173&specialization=Cardiologist&referrer=doctor_listing&page_uid=37864a93-afba-486f-827f-12809e57ec64,Dr. Supratip Kundu,Cardiologist,MBBS,West Bengal University of Health Scinces,2009,MD - General Medicine,West Bengal University of Health Sciences,2013,15,Kolkata,Dhakuria,Hospital,Manipal Hospitals (AMRI Hospitals),1200,,100,5,3,1734453827134,10
10,1,941202,1158420,1129338,https://imagesx.practo.com/providers/dr-sanjib-kumar-patra-cardiologist-kolkata-0dbca0d2-1cda-47ff-93c9-820f56152629.jpg,/kolkata/doctor/dr-sanjib-kumar-patra-cardiologist?practice_id=1129338&specialization=Cardiologist&referrer=doctor_listing&page_uid=37864a93-afba-486f-827f-12809e57ec64,Dr. Sanjib Kumar Patra,Cardiologist,MBBS,Calcutta University,1996,MD - General Medicine,Calcutta Medical College,2002,26,Kolkata,Kasba,Hospital,Desun Hospital,1000,,100,1,0,1734453827134,12
11,2,941206,1158423,1129338,https://imagesx.practo.com/providers/dr-indrani-shyam-cardiologist-kolkata-2add5691-5801-45f9-a4e5-f2b3b2486447.jpg,/kolkata/doctor/dr-indrani-shyam-cardiologist?practice_id=1129338&specialization=Cardiologist&referrer=doctor_listing&page_uid=cb2908ca-838e-4363-a3a6-1c8668e894d8,Dr. Indrani Shyam,Cardiologist,MBBS,Ranchi University,1999,DNB - Cardiology,National Board Of Examination,2012,25,Kolkata,Kasba,Hospital,Desun Hospital,1000,,100,1,0,1734453828327,0
12,2,930886,1146563,1465502,https://imagesx.practo.com/providers/dr-arijit-ghosh-cardiologist-kolkata-df1b24c8-a433-4535-80fc-2432cca69aa7.jpg,/kolkata/doctor/apollo-clinic-beliaghata-cardiologist?practice_id=1465502&specialization=Cardiologist&referrer=doctor_listing&page_uid=cb2908ca-838e-4363-a3a6-1c8668e894d8,Dr. Arijit Ghosh,Cardiologist,MBBS,B.S.Medical Collage(Bankura),2002,MD - General Medicine,IPGMR & SSKM Kolkata,2007,22,Kolkata,Beliaghata,Clinic,Apollo Clinic,1200,,,0,0,1734453828327,1
13,2,940111,1157073,1129338,https://imagesx.practo.com/providers/dr-soumya-guha-cardiologist-kolkata-80fe90e5-f140-4083-956d-c1322bacaec8.jpg,/kolkata/doctor/dr-soumya-guha-cardiologist?practice_id=1129338&specialization=Cardiologist&referrer=doctor_listing&page_uid=cb2908ca-838e-4363-a3a6-1c8668e894d8,Dr. Soumya Guha,Cardiologist,MBBS,"IERD, Kolkata",2010,MCh - Cardio Thoracic Surgery,Guru Gobind Singh Indraprastha University,2018,14,Kolkata,Kasba,Hospital,Desun Hospital,1000,,,0,0,1734453828327,2
14,2,688966,848252,1263792,https://imagesx.practo.com/providers/dr-anil-mishra-cardiologist-kolkata-9d2133cd-7608-4ba9-bf2a-177160ccd922.jpg,/kolkata/doctor/dr-anil-mishra-4-cardiologist-1?practice_id=1263792&specialization=Cardiologist&referrer=doctor_listing&page_uid=cb2908ca-838e-4363-a3a6-1c8668e894d8,Dr. Anil Mishra,Cardiologist,MBBS,Calcutta University,1978,Diploma in Cardiology,"University of London, United Kingdom",1987,43,Kolkata,Alipore,Hospital,BM Birla Heart Research Centre,1600,,92,13,8,1734453828327,3
15,2,690366,212594,1263792,https://imagesx.practo.com/providers/dr-dhiman-kahali-cardiologist-kolkata-d903cd89-3ec1-4265-986e-8bd3df015aa0.jpg,/kolkata/doctor/dr-dhiman-kahali-cardiologist?practice_id=1263792&specialization=Cardiologist&referrer=doctor_listing&page_uid=cb2908ca-838e-4363-a3a6-1c8668e894d8,Dr. Dhiman Kahali,Cardiologist,MBBS,Calcutta University,1975,MD - General Medicine,Calcutta University,1982,49,Kolkata,Alipore,Hospital,BM Birla Heart Research Centre,1600,,56,25,18,1734453828327,4
16,2,939378,691589,1263792,https://imagesx.practo.com/providers/dr-azizul-md-hauque-cardiologist-kolkata-77a4fea0-2796-4e98-9223-482aaa1b4b96.jpg,/kolkata/doctor/dr-azizul-md-hauque-cardiologist?practice_id=1263792&specialization=Cardiologist&referrer=doctor_listing&page_uid=cb2908ca-838e-4363-a3a6-1c8668e894d8,Dr. Azizul Md Hauque,Cardiologist,MBBS,University of Burdwan,1990,MD - Medicine,University Of Bombay,1994,30,Kolkata,Alipore,Hospital,BM Birla Heart Research Centre,750,"Dr. Md. Azizul Haque is a Consultant Interventional Cardiologist and Cardiac Electrophysiologist. He was an Assistant Professor of Cardiology at Institute of Post Graduate Medical Education Research, Kolkata. His clinical interest is in Cardiac Electrophysiology.  ",100,2,1,1734453828327,5
17,2,651464,691506,1222892,https://imagesx.practo.com/providers/dr-siddhartha-mani-cardiologist-kolkata-6b01d310-6773-423e-85e6-94340d84e058.jpg,/kolkata/doctor/siddhartha-mani-cardiologist?practice_id=1222892&specialization=Cardiologist&referrer=doctor_listing&page_uid=cb2908ca-838e-4363-a3a6-1c8668e894d8,Dr. Siddhartha Mani,Cardiologist,MBBS,Calcutta University,2008,MD - General Medicine,"The West Bengal University of Health Sciences (WBUHS), Kolkata",2011,16,Kolkata,Mukundapur,Clinic,Evening Clinic Cardiology - NKPC,1000,"Dr.Siddhartha Mani is an Interventional Cardiologiest in the Deperment of Cardiology-Adult at Rabindranath Tagore International Institute of Cardiac Sciences. He has done his MBBS ,MD in Internal Medicine and DM in Cardiology from Medical College,Kolkata.He was awarded Prof.Sital Ghosh Memorial award for MD in Medicine and recived Gold Medal for DM Cardiology from The West Bengal University of Medical sciences. He is associated with Cardiological Society of India and is a member of American College of Cardiology .He is a regular speaker at different National and Regional conferences.He has more than 25 publications in different International and National Indexed Journals and has written a number of chapters in different text books of Cardiology. He regularly performs various Interventional procedures including Coronary Anglography. Coronary Anglography,Pacemaker Implantion AICD & CRT -D implantion ,Balloon Mitral Valvoplasty,Elecrophysiology & Radiofrequency abitation,IVC filters.",100,3,3,1734453828326,6
18,2,690352,848258,1263792,https://imagesx.practo.com/providers/dr-sabyasachi-paul-cardiologist-kolkata-ad61feca-c9d2-4087-b8be-57dbd1fa17f0.jpg,/kolkata/doctor/dr-sabyasachi-pal-cardiologist-cardiologist?practice_id=1263792&specialization=Cardiologist&referrer=doctor_listing&page_uid=cb2908ca-838e-4363-a3a6-1c8668e894d8,Dr. Sabyasachi Paul,Cardiologist,MBBS,Calcutta University,1999,MD - General Medicine,Gujrat University,2007,25,Kolkata,Alipore,Hospital,BM Birla Heart Research Centre,1600,Consultant Cardiologist,100,7,6,1734453828327,7
19,2,865970,611730,1263792,https://imagesx.practo.com/providers/dr-sudeb-mukherjee-interventional-cardiologist-kolkata-a28fbe08-e22f-46c3-849e-a85e3e4ab362.jpg,/kolkata/doctor/sudeb-mukherjee-1-cardiologist-general-physician?practice_id=1263792&specialization=Cardiologist&referrer=doctor_listing&page_uid=cb2908ca-838e-4363-a3a6-1c8668e894d8,Dr. Sudeb Mukherjee,Cardiologist,MBBS,University of Burdwan,2008,MD - General Medicine,"The West Bengal University of Health Sciences (WBUHS), Kolkata",2015,16,Kolkata,Alipore,Hospital,BM Birla Heart Research Centre,1600,"Dr. Sudeb Mukherjee MBBS. MD. DM. FESC, is a renowned and experienced Cardiologist in Kolkata, India. He brings with him an experience of 16+ years and has developed proficient skills and extensive knowledge in the field of cardiology. He is a dedicated compassionate doctor who handles many challenging cases with the latest cutting edge technology. He graduated in 2007 (MBBS) with academic excellence (Honours). He obtained his MD (Internal Medicine) residency with Gold Medal. He did his DM (Cardiology) from IPGMER –SSKM Hospital, Kolkata. He is fellow and member of European Society of Cardiology (ESC), SCAI (USA), American College of Cardiology (ACC), Indian college of Cardiology, Heart Rhythm Society and many more. He has numerous publications in national and international journals and has been faculty in many prestigious organisations. He offers a range of treatments, including Transesophageal Echocardiography (TEE), Coronary Angiography, Permanent Pacemaker Implantation, Peripheral Angiography, and Peripheral Angioplasty (Carotid stenting, Renal angioplasty) and device therapy of advanced heart failure that includes CRT, His Bundle Pacing, LBB Pacing. He does his practice based on standard international guidelines and with utmost ethical dedication.",100,2,2,1734453828327,8
20,2,690364,585815,1263792,https://imagesx.practo.com/providers/dr-tarun-praharaj-cardiologist-kolkata-238a1075-07b5-4304-a90a-010ab80b4255.jpg,/kolkata/doctor/dr-tarun-praharaj-1-cardiologist?practice_id=1263792&specialization=Cardiologist&referrer=doctor_listing&page_uid=cb2908ca-838e-4363-a3a6-1c8668e894d8,Dr. Tarun Praharaj,Cardiologist,MD - Cardiology,Phil. Heart Center Q.C.Philipines,1988,MBBS,"VSS Medical College, Sambalpur University",1983,41,Kolkata,Alipore,Hospital,BM Birla Heart Research Centre,1600,"DR. PRAHARAJ has been associated with B. M. Birla Heart Research Centre since its inception (1989). He has been working as a full time Senior Consultant Interventional Cardiologist and Director, Cardiac Catheterization Laboratory of B.M. Birla Heart Research Centre, Kolkata.",78,9,9,1734453828327,9
21,3,690362,83755,1263792,https://imagesx.practo.com/providers/dr-shuvo-dutta-cardiologist-kolkata-c90e3fd7-c10d-4788-8879-f977ae4e0f5a.jpg,/kolkata/doctor/dr-shuvo-dutta-cardiologist?practice_id=1263792&specialization=Cardiologist&referrer=doctor_listing&page_uid=6ddbb045-0a2d-4f13-ba89-7aa320826fe2,Dr. Shuvo Dutta,Cardiologist,MBBS,Dibrugarh University,1974,MD - General Medicine,Calcutta University,1979,48,Kolkata,Alipore,Hospital,BM Birla Heart Research Centre,1600,,64,14,7,1734453829576,0
22,3,705262,796634,1237847,https://imagesx.practo.com/providers/dr-aditya-verma-cardiologist-kolkata-775cb73e-8a85-43e0-a28d-46990cf87806.jpg,/kolkata/doctor/aditya-verma-cardiologist?practice_id=1237847&specialization=Cardiologist&referrer=doctor_listing&page_uid=6ddbb045-0a2d-4f13-ba89-7aa320826fe2,Dr. Aditya Verma,Cardiologist,MBBS,"Maharashtra Universtity of Health Sciences, Nashik",2009,MD - General Medicine,West Bengal University of Health Science,2015,15,Kolkata,Sarat Bose Road,Clinic,Aloka Medicare Pvt. Ltd. (Formerly Calcutta Heart ),1200,"Dr. Aditya Verma is a Cardiologist and Interventional Cardiologist in Sarat Bose Road, Kolkata and has an experience of 13 years in these fields. Dr. Aditya Verma practices at Calcutta Heart Research Centre in 114B, Sarat Bose Road, Kolkata. He completed MBBS from the Prestigious Armed Forces Medical College, Pune in 2010. Then MD - General Medicine from Medical College and Hospital, Kolkata in 2015 and then DM - Cardiology from IPGME&R and SSKM Hospital, Kolkata in 2019. He has presented cases and papers in various National & International Fora. Services provided by the doctor are: Coronary & Peripheral Angiography and Angioplasty, Permanent Pacemaker Implantation, ICD, CRT Implantation, Baloon Valvuloplasty, Transcatheter Aortic Valve Implantation, Structural Heart Defects intervention including ASD, VSD, and PDA device closure. Complex & Special echocardiography like TEE, DSE.",100,3,1,1734453829576,1
24,3,858939,691767,1033173,https://imagesx.practo.com/providers/dr-soumya-kanti-dutta-interventional-cardiologist-kolkata-b3ad01cb-e4e5-4069-a11c-557f7635461c.jpg,/kolkata/doctor/dr-soumya-kanti-dutta-cardiologist-general-physician?practice_id=1033173&specialization=Cardiologist&referrer=doctor_listing&page_uid=6ddbb045-0a2d-4f13-ba89-7aa320826fe2,Dr. Soumya Kanti Dutta,Cardiologist,MBBS,Calcutta University,2008,MD - General Medicine,"Utkal University, Orissa, India",2013,16,Kolkata,Dhakuria,Hospital,Manipal Hospitals (AMRI Hospitals),1200,,100,3,2,1734453829576,3
25,3,954561,1173857,1250516,https://imagesx.practo.com/providers/dr-ashraful-haque-cardiologist-kolkata-cccb78f1-e831-4edc-8c30-6e753390bbf2.jpg,/kolkata/doctor/dr-ashraful-haque-cardiologist?practice_id=1250516&specialization=Cardiologist&referrer=doctor_listing&page_uid=6ddbb045-0a2d-4f13-ba89-7aa320826fe2,Dr. Ashraful Haque,Cardiologist,MBBS,Calcutta University,2005,MD - General Medicine,West Bengal University of Health Sciences,2009,18,Kolkata,Mukundapur,Hospital,Manipal Hospitals (AMRI Hospitals),1200,,,0,0,1734453829576,4
26,3,687617,585028,735842,https://imagesx.practo.com/providers/dr-prof-dr-amal-k-khan-cardiologist-kolkata-79031ecb-fabf-4978-a203-e59c69410b79.jpg,/kolkata/doctor/prof-dr-amal-k-khan-cardiologist?practice_id=735842&specialization=Cardiologist&referrer=doctor_listing&page_uid=6ddbb045-0a2d-4f13-ba89-7aa320826fe2,Dr. Prof. (Dr) Amal K. Khan,Cardiologist,MBBS,"Medical College, Calcutta",1977,MD - Medicine,"University Of Calcuta, India",1981,34,Kolkata,Salt Lake,Hospital,Manipal Hospital Broadway (AMRI Hospitals),1500,"Dr. Amal Kumar Khan is a Cardiologist (Heart Specialist) currently attached to the Analogy Superspeciality Wing of the Burdwan Medical College and Hospital. He graduated in 1975 from Calcutta National Medical College and went on to obtain an MD in Medicine from Calcutta University and MNAMS (Med.) from the National Board in 1981. He subsequently completed the DM Cardiology super-specialisation from IPGME&R, Kolkata, in the year 1992.  Dr. Amal Kahn worked as RMO cum Clinical Tutor in the Cardiology Department of SSKM Hospital and as Assistant Professor and Associate Professor at Calcutta National Medical College. He then served as a Professor at IPGME&R & SSKM Hospital. Dr. Khan has also held a position of Head of Department of Cardiology of Calcutta Medical School.  Dr. Khan has to his credit several scientific papers published in reputed journals such as Indian Heart Journal, JAPI, and Indian Medical Journal. He is also Research Guide to MD (Medicine) and DM (Cardiology) students. Dr. Khan is an active member of the Cardiological Society of India and has served on the committee, including as National Secretary from 2005-2008.",67,6,6,1734453829576,5
27,3,512765,342758,735842,https://imagesx.practo.com/providers/dr-subhasis-roy-chowdhury-cardiologist-kolkata-54e594ad-868d-4dc9-b998-02d85a447e25.jpg,/kolkata/doctor/dr-subhasis-roy-chowdhury-cardiologist?practice_id=735842&specialization=Cardiologist&referrer=doctor_listing&page_uid=6ddbb045-0a2d-4f13-ba89-7aa320826fe2,Dr. Subhasis Roy Chowdhury,Cardiologist,MBBS,"Medical College, Calcutta",2002,MD - General Medicine,"Medical College, Calcutta",2007,22,Kolkata,Salt Lake,Hospital,Manipal Hospital Broadway (AMRI Hospitals),1200,"Dr.Subhasis Roy Chowdhury , a graduate of Medical College Kolkata has done his training in interventional cardiology at   IPGMER & SSKM Hospitals . Having practised over 7 years in different government and corporate hospitals, he has a wide range of experience in dealing with all sorts of cardiac problems.",82,34,16,1734453829575,6
28,3,690344,757705,1263792,https://imagesx.practo.com/providers/dr-anjan-kumar-siotia-cardiologist-kolkata-13334233-8ba8-4ee7-bffa-dcb599ca6800.jpg,/kolkata/doctor/dr-anjan-kumar-siotia-cardiologist?practice_id=1263792&specialization=Cardiologist&referrer=doctor_listing&page_uid=6ddbb045-0a2d-4f13-ba89-7aa320826fe2,Dr. Anjan Kumar Siotia,Cardiologist,MBBS,Calcutta University,1996,MD - Medicine,"University Of Sheffield, U.K",2010,25,Kolkata,Alipore,Hospital,BM Birla Heart Research Centre,1600,Consultant Interventional Cardiologist,50,4,1,1734453829576,7
29,3,840843,743292,1263792,https://imagesx.practo.com/providers/dr-prokash-chandra-bagchi-interventional-cardiologist-kolkata-2dbb1368-4965-41a3-ba82-9f84583e64d3.jpg,/kolkata/doctor/dr-prokash-chandra-bagchi-cardiologist?practice_id=1263792&specialization=Cardiologist&referrer=doctor_listing&page_uid=6ddbb045-0a2d-4f13-ba89-7aa320826fe2,Dr. Prokash Chandra Bagchi,Cardiologist,MBBS,University Of Calcutta,2004,MD - General Medicine,West Bengal University of Health Sciences,2014,10,Kolkata,Alipore,Hospital,BM Birla Heart Research Centre,1600,"Expert in different types of cardiovascular interventions -  *Different types of coronary and peripheral angioplasty including complex subsets  *Pacemakers, ICD and CRT implantation  *Catheter based valvular heart disease intervention  *Different types of cardiovascular diagnostic catheterization",,1,0,1734453829576,8
30,3,940316,1157246,1263792,https://imagesx.practo.com/providers/dr-imran-ahmed-cardiologist-kolkata-97ca40ea-bb52-4b47-8974-ac8bd1aba775.jpg,/kolkata/doctor/dr-imran-ahemd-cardiologist?practice_id=1263792&specialization=Cardiologist&referrer=doctor_listing&page_uid=6ddbb045-0a2d-4f13-ba89-7aa320826fe2,Dr. Imran Ahmed,Cardiologist,MBBS,University Of Calcutta,2001,MD - General Medicine,Ranchi University,2008,23,Kolkata,Alipore,Hospital,BM Birla Heart Research Centre,1600,,,0,0,1734453829576,9
31,4,948429,1165292,1263792,https://imagesx.practo.com/providers/dr-joy-saibal-shome-cardiologist-delhi-85305fbf-5aee-4ffe-b30e-efc53c1f427b.jpg,/kolkata/doctor/dr-joy-saibal-shome-cardiologist?practice_id=1263792&specialization=Cardiologist&referrer=doctor_listing&page_uid=45b7a30d-eba4-49d1-8803-f8e166b924c9,Dr. Joy Saibal Shome,Cardiologist,MBBS,Manipal Academy of Higher education	,2004,CCT - Cardiology,United Kingdom CCT ,2019,19,Kolkata,Alipore,Hospital,BM Birla Heart Research Centre,1500,,,0,0,1734453830635,0
32,4,855635,545518,1263792,https://imagesx.practo.com/providers/dr-pradip-saha-cardiologist-kolkata-65cf2e70-cec2-4787-9acf-a3f18d79867b.jpg,/kolkata/doctor/pradip-saha-cardiologist?practice_id=1263792&specialization=Cardiologist&referrer=doctor_listing&page_uid=45b7a30d-eba4-49d1-8803-f8e166b924c9,Dr. Pradip Saha,Cardiologist,MBBS,Calcutta University,2003,MD - General Medicine,West Bengal State University,2011,13,Kolkata,Alipore,Hospital,BM Birla Heart Research Centre,1600,,,0,0,1734453830634,1
33,4,939395,785855,1263792,https://imagesx.practo.com/providers/dr-tushar-kanti-patra-cardiologist-kolkata-d88e91e4-3d3a-4987-bd13-6a7cbe084562.jpg,/kolkata/doctor/tushar-kanti-patra-cardiologist?practice_id=1263792&specialization=Cardiologist&referrer=doctor_listing&page_uid=45b7a30d-eba4-49d1-8803-f8e166b924c9,Dr. Tushar Kanti Patra,Cardiologist,MBBS,Calcutta University,2002,Diploma in Tuberculosis and Chest Diseases (DTCD),West Bengal University of Health Sciences,2006,15,Kolkata,Alipore,Hospital,BM Birla Heart Research Centre,1600,,,0,0,1734453830635,2
34,4,934514,1150480,1263792,https://imagesx.practo.com/providers/dr-rakesh-sarkar-cardiologist-kolkata-6bf0adfe-db60-477d-bb68-5d2c996a4563.jpg,/kolkata/doctor/dr-rakesh-sarkar-cardiologist?practice_id=1263792&specialization=Cardiologist&referrer=doctor_listing&page_uid=45b7a30d-eba4-49d1-8803-f8e166b924c9,Dr. Rakesh Sarkar,Cardiologist,MBBS,West bengal university,2009,MD - General Medicine,west bengal  university of health science,2013,14,Kolkata,Alipore,Hospital,BM Birla Heart Research Centre,1600,"Dr. Rakesh Sarkar is an experienced cardiologist and electrophysiologist associated with BM Birla Heart Hospital. He specializes in managing complex arrhythmia procedures and implementing novel pacing techniques for heart failure and arrhythmia. Dr. Sarkar is an expert in treating Atrial Fibrillation, Atrial Flutter, Ventricular Tachycardia, CRT-D, and conduction system pacing. Dr. Sarkar completed his MD in General Medicine from Bankura Sammilani Medical College and DM in Cardiology from RG Kar Medical College. He further honed his skills with a Post-Doctoral Fellowship in Cardiac Electrophysiology from Care Hospital. Prior to his current role, Dr. Sarkar served as a Consultant Cardiologist and Electrophysiologist at Medanta The Medicity. He has also been an investigator in several significant multicentric trials and has numerous international publications in the fields of pacing and cardiac electrophysiology. Passionate about patient care, Dr. Sarkar is dedicated to providing accurate and high-quality treatment to his patients.",,0,0,1734453830635,3
35,4,848214,751119,711006,https://imagesx.practo.com/providers/dr-avishek-saha-cardiologist-kolkata-93fb8928-d8d9-4478-b26c-3984d1d1b346.jpg,/kolkata/doctor/dr-avishek-saha-cardiologist?practice_id=711006&specialization=Cardiologist&referrer=doctor_listing&page_uid=45b7a30d-eba4-49d1-8803-f8e166b924c9,Dr. Avishek Saha,Cardiologist,MBBS,University Of Calcutta,2004,MD - General Medicine,West Bengal University of Health Science,2010,20,Kolkata,Baghajatin,Hospital,IRIS Hospital,900,,100,2,1,1734453830633,4
36,4,939407,1156153,1471823,https://imagesx.practo.com/providers/dr-gaurav-agarwal-cardiologist-kolkata-8158f207-8bba-4ace-94fc-47a0285a30ff.jpg,/kolkata/doctor/karishma-15-cardiologist?practice_id=1471823&specialization=Cardiologist&referrer=doctor_listing&page_uid=45b7a30d-eba4-49d1-8803-f8e166b924c9,Dr. Gaurav Agarwal,Cardiologist,MBBS,Delhi university	,2013,MD - General Medicine,"Aryabhatta Knowledge University, Patna",2017,11,Kolkata,Lake Town,Hospital,RB Diagnostic,800,,,0,0,1734453830635,5
37,4,940567,969116,1472932,https://imagesx.practo.com/providers/dr-rohit-kumar-interventional-cardiologist-kolkata-b850f377-dfca-42ba-b7e1-ffde668c545e.jpg,/kolkata/doctor/dr-rohit-kumar-7-cardiologist?practice_id=1472932&specialization=Cardiologist&referrer=doctor_listing&page_uid=45b7a30d-eba4-49d1-8803-f8e166b924c9,Dr. Rohit Kumar,Cardiologist,MBBS,West Bengal University of Health Sciences,2013,MD - General Medicine, West Bengal University of Health Sciences,2017,11,Kolkata,Kadamtala,Clinic,RB Diagnostic,800,,,0,0,1734453830635,6
