rank,page,id,doctor_id,practice_id,image_url,profile_url,doctor_name,specialization,qualification,college,completion_year,qualification,college,completion_year,experience_years,practice_city,practice_locality,practice_type,practice_name,consultation_fees,summary,recommendation_percent,patients_count,reviews_count,timestamp,position,
1,1,676885,49673,1250516,https://imagesx.practo.com/providers/dr-atanu-kumar-jana-pediatrician-kolkata-910c62f9-7d71-44ae-b099-e38d28c7a023.jpg,/kolkata/doctor/dr-atanu-kumar-jana-pediatrician?practice_id=1250516&specialization=Pediatrician&referrer=doctor_listing&page_uid=e328a38b-63ea-4e42-b6c2-65e5b3875257,Dr. Atanu Kumar Jana,Pediatrician,MBBS,"PUNJAB UNIVERSITY, CHANDIGARH",1978,Diploma in Child Health (DCH),"PUNJAB UNIVERSITY, CHANDIGARH",1981,41,Kolkata,Mukundapur,Hospital,Manipal Hospitals (AMRI Hospitals),800,,100,10,10,1734453881407,2
2,1,329715,407691,791270,https://imagesx.practo.com/providers/dr-ajit-kumar-verma-pediatrician-kolkata-22a393a9-18df-4282-bd71-c91663c856f4.jpg,/kolkata/doctor/ajit-kumar-verma-pediatrician?practice_id=791270&specialization=Pediatrician&referrer=doctor_listing&page_uid=e328a38b-63ea-4e42-b6c2-65e5b3875257,Dr. Ajit Kumar Verma,Pediatrician,MBBS,"Patna Medical College, Patna",1980,Diploma in Child Health (DCH),"Lalit Narayan Mithila University, Darbhanga",1985,44,Kolkata,New Town,Clinic,Dr. Verma Clinic,600,"Dr Ajit Kr Verma has vast clinical experience of 38 years in medical field in treating patients as a general physician and as a paediatrician. As a general physician he treats all types of illnesses e.g. respiratory, gastroenteritis, skin problems, hair loss, diabetes, endocrine, neurological etc. As a paediatrician he treats children all ages from new born to adolescent and manages all diseases specific to children like growth & development, nutrition, infections, epilepsy, allergy, rheumatology etc. Vaccination for immunisation against all preventable diseases is given.",88,72,55,1734453881407,3
3,1,676931,738286,1250516,https://imagesx.practo.com/providers/dr-bhaswati-acharyya-pediatrician-kolkata-2aaf736b-8eba-40c4-9380-c9adeb64387f.jpg,/kolkata/doctor/dr-bhaswati-acharyya-gastroenterologist?practice_id=1250516&specialization=Pediatrician&referrer=doctor_listing&page_uid=e328a38b-63ea-4e42-b6c2-65e5b3875257,Dr. Bhaswati Acharyya,Pediatrician,MBBS,Calcutta University,1991,Diploma in Child Health (DCH),Calcutta University,1993,33,Kolkata,Mukundapur,Hospital,Manipal Hospitals (AMRI Hospitals),1500,,75,4,2,1734453881407,5
4,1,754413,452241,735842,https://imagesx.practo.com/providers/dr-saumyabrata-acharya-pediatrician-kolkata-c8c47862-1327-4b07-b3a8-e5041e16f7e6.jpg,/kolkata/doctor/dr-saumyabrata-acharyya-pediatrician-pediatrician?practice_id=735842&specialization=Pediatrician&referrer=doctor_listing&page_uid=e328a38b-63ea-4e42-b6c2-65e5b3875257,Dr. Saumyabrata Acharya,Pediatrician,MBBS,NRS Medical College and Hospital,1989,Diploma in Child Health (DCH),Chittaranjan Seva Sadan,1992,35,Kolkata,Salt Lake,Hospital,Manipal Hospital Broadway (AMRI Hospitals),1200,"Dr Saumyabrata Acharyya  has been a leading pediatrician and neonatologist in the city of Kolkata. His education qualifications are as follows DCH, MD, (Paed), DNB(Paed),  MRCP (UK ) MRCPCH(UK), MRCP(Edin) MRCP ( Ireland ) He is  working in the field of Paediatrics for more than 20 years. Worked in different hospitals in UK including tertiary centres for more than 10 years.I achieved the membership of Royal college of Physician and Child health , Royal college of Ireland and Royal College of Edinburah",88,8,4,1734453881408,6
5,1,569604,585280,1139018,https://imagesx.practo.com/providers/dr-sadhna-sha-pediatrician-kolkata-2a0d4698-0197-4e49-9eea-95de1015085c.jpg,/kolkata/doctor/dr-sadhna-sha-pediatrician-1?practice_id=1139018&specialization=Pediatrician&referrer=doctor_listing&page_uid=e328a38b-63ea-4e42-b6c2-65e5b3875257,Dr. Sadhna Sha,Pediatrician,"Member of the Royal College of Paediatrics and Child Health (MRCPCH, London, Glasgow or Edinburgh)","Royal College of Pediatrics and Child Health, London",2000,MBBS,Calcutta National Medical College,1991,23,Kolkata,Rash Behari Avenue,Clinic,Dr. Sadhna Sha Residence,1000,"Dr. Sadhna Sha is a Pediatrician and Neonatologist in Sarat Bose Road, Kolkata and has an experience of 21 years in these fields. Dr. Sadhna Sha practices at Pediatric Care - Residential Clinic in Sarat Bose Road, Kolkata. She completed MBBS from Calcutta National Medical College in 1992 and MRCPCH (UK) from Royal College of Pediatrics and Child Health, London in 1999.  She is a member of Indian Academy of Paediatrics (IAP), Royal College of Paediatrics and Child Health, UK and Indian Society for Pediatric and Adolescent Endocrinology (ISPAE). Some of the services provided by the doctor are Infant & Child Nutrition, Children's Health, Diarrhea, Childhood Infections and Congenital Disorders Evaluation / Treatment etc.",93,157,101,1734453881407,7
6,1,955939,1175455,1250516,https://imagesx.practo.com/providers/dr-jaydip-chakrabarti-pediatrician-kolkata-06f985fc-0486-4200-a969-59e8872b2261.jpg,/kolkata/doctor/dr-jaydip-chakrabarti-general-physician?practice_id=1250516&specialization=Pediatrician&referrer=doctor_listing&page_uid=e328a38b-63ea-4e42-b6c2-65e5b3875257,Dr. Jaydip Chakrabarti,Pediatrician,MBBS,Calcutta University,1992,Diploma in Child Health (DCH),Calcutta University,1997,32,Kolkata,Mukundapur,Hospital,Manipal Hospitals (AMRI Hospitals),1000,,,0,0,1734453881408,8
7,1,676884,738245,1250516,https://imagesx.practo.com/providers/dr-soumen-meur-pediatrician-kolkata-6d1d738a-d1dc-4188-9f15-95ed079d1e20.jpg,/kolkata/doctor/dr-soumen-meur-pediatrician?practice_id=1250516&specialization=Pediatrician&referrer=doctor_listing&page_uid=e328a38b-63ea-4e42-b6c2-65e5b3875257,Dr. Soumen Meur,Pediatrician,MBBS,Calcutta University,1994,Diploma in Child Health (DCH),Calcutta University,1998,24,Kolkata,Mukundapur,Hospital,Manipal Hospitals (AMRI Hospitals),1000,,,0,0,1734453881407,9
8,1,676882,192942,1250516,https://imagesx.practo.com/providers/dr-jayati-sengupta-pediatrician-kolkata-ee41c51a-3b13-4fc7-949d-afc9950ff06f.jpg,/kolkata/doctor/dr-jayati-sengupta-pediatrician?practice_id=1250516&specialization=Pediatrician&referrer=doctor_listing&page_uid=e328a38b-63ea-4e42-b6c2-65e5b3875257,Dr. Jayati Sengupta,Pediatrician,MBBS,Calcutta University,1993,MD - Pediatrics,Calcutta University,1998,26,Kolkata,Mukundapur,Hospital,Manipal Hospitals (AMRI Hospitals),1000,,,0,0,1734453881407,10
9,1,955583,1174936,1250516,https://imagesx.practo.com/providers/dr-monideepa-dutta-pediatrician-kolkata-83ef2a12-95d1-4acc-adfc-fef99e576a0d.jpg,/kolkata/doctor/dr-monideepa-dutta-pediatrician?practice_id=1250516&specialization=Pediatrician&referrer=doctor_listing&page_uid=e328a38b-63ea-4e42-b6c2-65e5b3875257,Dr. Monideepa Dutta,Pediatrician,MBBS,Calcutta University,2005,DNB - Paediatrics,National Board Of Examination,2016,18,Kolkata,Mukundapur,Hospital,Manipal Hospitals (AMRI Hospitals),1000,,,0,0,1734453881408,11
10,1,931117,1146773,1465502,https://imagesx.practo.com/providers/dr-sudeshna-pediatrician-kolkata-941034ae-8095-4fe0-b92e-a83333464cb5.jpg,/kolkata/doctor/sudeshna-mallik-paediatric-intensivist?practice_id=1465502&specialization=Pediatrician&referrer=doctor_listing&page_uid=e328a38b-63ea-4e42-b6c2-65e5b3875257,Dr. Sudeshna,Pediatrician,MBBS,University Of Calcutta,1994,Diploma in Child Health (DCH),Calcutta Medical College,2001,30,Kolkata,Beliaghata,Clinic,Apollo Clinic,700,,,0,0,1734453881408,12
11,2,934703,972313,1465502,https://imagesx.practo.com/providers/dr-dafodil-ghatak-pediatrician-kolkata-df5c1337-7d45-43c5-826c-59db7647d42f.jpg,/kolkata/doctor/dr-dafodil-ghatak-paediatrics?practice_id=1465502&specialization=Pediatrician&referrer=doctor_listing&page_uid=12ab2311-e745-4b60-af88-4199b8bfcccb,Dr. Dafodil Ghatak,Pediatrician,MBBS,"The West Bengal University of Health Sciences (WBUHS), Kolkata",2016,MD - Pediatrics,Utkal University,2019,8,Kolkata,Beliaghata,Clinic,Apollo Clinic,700,,,0,0,1734453882501,0
12,2,941276,817145,1129338,https://imagesx.practo.com/providers/dr-arijita-chatterjee-pediatrician-kolkata-213943ab-b114-42e9-9870-4966945e3f7c.jpg,/kolkata/doctor/arijita-chatterjee-pediatrician?practice_id=1129338&specialization=Pediatrician&referrer=doctor_listing&page_uid=12ab2311-e745-4b60-af88-4199b8bfcccb,Dr. Arijita Chatterjee,Pediatrician,MBBS,West Bengal University of Health Sciences	,2014,MD - Pediatrics,"Maharashtra University Of Health Science, Nashik",2018,10,Kolkata,Kasba,Hospital,Desun Hospital,750,,,0,0,1734453882502,1
13,2,940540,896238,1471823,https://imagesx.practo.com/providers/dr-ankit-goel-pediatrician-kolkata-78ef915f-4cd5-4553-be62-d62080ed7703.jpg,/kolkata/doctor/dr-ankit-goel-pediatrician?practice_id=1471823&specialization=Pediatrician&referrer=doctor_listing&page_uid=12ab2311-e745-4b60-af88-4199b8bfcccb,Dr. Ankit Goel,Pediatrician,MBBS,West Bengal University of Health Science,2015,MD - Pediatrics,"The West Bengal University of Health Sciences (WBUHS), Kolkata",2020,9,Kolkata,Lake Town,Hospital,RB Diagnostic,800,,,0,0,1734453882502,2
14,2,844762,1034291,1407045,https://imagesx.practo.com/providers/dr-jinia-saha-pediatrician-kolkata-f9735656-6cbe-4d34-8b27-ba017f800872.jpg,/kolkata/doctor/dr-jinia-saha-child-paediatrics?practice_id=1407045&specialization=Pediatrician&referrer=doctor_listing&page_uid=12ab2311-e745-4b60-af88-4199b8bfcccb,Dr. Jinia Saha,Pediatrician,MBBS,West Bengal State University,2013,MD - Pediatrics,West Bengal State University,2018,6,Kolkata,Bhawanipore,Hospital,Samaritan Clinic Private Limited,1500,,,0,0,1734453882500,3
15,2,676888,619579,1250516,https://imagesx.practo.com/providers/dr-rajiv-sinha-pediatrician-kolkata-8a4ccba6-183b-4576-85b5-764d5aa060c6.jpg,/kolkata/doctor/dr-rajiv-sinha-nephrologist?practice_id=1250516&specialization=Pediatrician&referrer=doctor_listing&page_uid=12ab2311-e745-4b60-af88-4199b8bfcccb,Dr. Rajiv Sinha,Pediatrician,MBBS,University Of Calcutta,1994,MD - Pediatrics,University Of Calcutta,1999,30,Kolkata,Mukundapur,Hospital,Manipal Hospitals (AMRI Hospitals),1200,"Dr. Rajiv Sinha is trained abroad and practices exclusive paediatric nephrology. After completing MD in paedatric Medicine, he worked in UK and obtained FRCPCH. He also completed 5 years of higher specialist training under London Deanery and obtained dual certification in paediatric and paediatric nephrology (CCT). His work experience in UK has been in paediatric nephrology centers of international repute like Great Ormond Street Hospital and Guy and St Thomas Hospital. In addition he also completed padeiatric nephrology fellowship from Canada. He has always been academically pro active and has been actively involved in multi centre studies and have received grants from a number of international nephrology societies including European Society of Paediatric Nephrology, International Society of Nephrology, American Society of Transplantation. His Clinical Interests are: Chronic Kidney Disease in children and Paediatic renal transplantation.",86,14,5,1734453882500,4
16,2,690363,757737,1263792,https://imagesx.practo.com/providers/dr-subhendu-mandal-pediatrician-kolkata-aa1a0f72-1251-4440-bb25-d86f04db2c78.jpg,/kolkata/doctor/dr-subhendu-mandal-pediatric-cardiologist?practice_id=1263792&specialization=Pediatrician&referrer=doctor_listing&page_uid=12ab2311-e745-4b60-af88-4199b8bfcccb,Dr. Subhendu Mandal,Pediatrician,MBBS,Calcutta University,1989,Diploma in Child Health (DCH),Calcutta University,1994,35,Kolkata,Alipore,Hospital,BM Birla Heart Research Centre,1100,Senior Consultant,100,3,1,1734453882500,5
17,2,676883,192908,1250516,https://imagesx.practo.com/providers/dr-jemsy-jose-pediatrician-kolkata-ba44258b-ad39-4ebe-8839-55a81a0a247b.jpg,/kolkata/doctor/dr-jemsy-jose-pediatrician?practice_id=1250516&specialization=Pediatrician&referrer=doctor_listing&page_uid=12ab2311-e745-4b60-af88-4199b8bfcccb,Dr. Jemsy Jose,Pediatrician,MBBS,Calcutta University,1992,Diploma in Child Health (DCH),Royal College of Paediatrics and Child Health,1999,32,Kolkata,Mukundapur,Hospital,Manipal Hospitals (AMRI Hospitals),1000,,100,5,5,1734453882500,6
18,2,939398,593324,1263792,https://imagesx.practo.com/providers/dr-chanchal-kundu-interventional-cardiologist-kolkata-ea74b0a6-4a96-42c6-8c07-87c6d9cab4b6.jpg,/kolkata/doctor/chanchl-kr-kundu-cardiologist?practice_id=1263792&specialization=Pediatrician&referrer=doctor_listing&page_uid=12ab2311-e745-4b60-af88-4199b8bfcccb,Dr. Chanchal Kundu,Pediatrician,DM - Cardiology,West Bengal University of Health Sciences,2015,MBBS,University of North Bengal,2001,18,Kolkata,Alipore,Hospital,BM Birla Heart Research Centre,1600,"Consultant Interventional Cardiologist attached to Apollo Gleneagles Hospital, Ruby General, RKM Sevapratisthan, Nightingale and RSV Hospital of Kolkata. Practising cardiologist at Behala and New Alipore for years together. Vast experience in interventional cardiology at IPGME&R, SSKM Hospital. Regularly doing cardiac interventions like permanent pacing, angiography, angioplasty, balloon valvuloplasty and device closure at corporate hospitals.",,2,0,1734453882501,7
19,2,678490,421654,735842,https://imagesx.practo.com/providers/dr-punit-goenka-pediatrician-kolkata-7353eb22-2b35-4377-aca2-61bda0267de9.jpg,/kolkata/doctor/punit-goenka-pediatrician?practice_id=735842&specialization=Pediatrician&referrer=doctor_listing&page_uid=12ab2311-e745-4b60-af88-4199b8bfcccb,Dr. Punit Goenka,Pediatrician,MBBS,Burdwan Medical College,2000,MD - Pediatrics,"Sarojini Naidu Medical College , Agra",2005,19,Kolkata,Salt Lake,Hospital,Manipal Hospital Broadway (AMRI Hospitals),1000,Dr. Punit Goenka is a consultant Paediatrician and Neonatologist.,100,10,7,1734453882500,8
20,2,763825,562199,1327211,https://imagesx.practo.com/providers/dr-anirban-basu-pediatrician-kolkata-97870910-f555-43d7-8512-d73d17f5808a.jpg,/kolkata/doctor/anirban-basu-pediatrician1?practice_id=1327211&specialization=Pediatrician&referrer=doctor_listing&page_uid=12ab2311-e745-4b60-af88-4199b8bfcccb,Dr. Anirban Basu,Pediatrician,MBBS,NRS Medical College and Hospital,1998,Diploma in Child Health (DCH),"The West Bengal University of Health Sciences (WBUHS), Kolkata",2005,19,Kolkata,Tollygunge,Clinic,Safe Care Health Services,400,Dr. Anirban Basu practices as a Pediatrician in Kolkata. He practices as a consultant in  AMRI Mukundapur.,89,9,6,1734453882500,9
21,3,941437,502942,1129338,https://imagesx.practo.com/providers/dr-shibba-kanti-datta-pediatrician-kolkata-867524c2-3b63-46b8-a1c1-8614925d686c.jpg,/kolkata/doctor/shibba-kanti-datta-pediatrician?practice_id=1129338&specialization=Pediatrician&referrer=doctor_listing&page_uid=5cd918bb-594a-4814-a48f-6c8b6b474564,Dr. Shibba Kanti Datta,Pediatrician,Diploma in Child Health (DCH),Indira Gandhi Institute Of Child Health Hospital,2009,DNB - Paediatrics,Indira Gandhi Institute Of Child Health Hospital,2013,15,Kolkata,Kasba,Hospital,Desun Hospital,1000,"For last 12 years after getting engaged in multidisciplinary health care institutions both government, corporate and staying abroad  I  have realised that the healthcare facility dedicated for child health is still lacking in our country. I have designed my practice in such a fashion that the parent of child has no questions unanswered after leaving my clinic. Further, a strong follow up mechanism is followed by keeping contact with the patient either by whatsapp or email. I have specialised in management of paediatric asthma and allergy, immunisation, dermatology. Nutrition and skin care and especially neonatology. Due to a vast experience  I  have learned to individualise treatment for each and every baby as each baby is different as per their race, culture and food habits. My motto of clinical practice is "" each baby is different and each one is special""",100,11,10,1734453883490,0
22,3,848259,593745,711006,https://imagesx.practo.com/providers/dr-sabyasachi-bhattacharya-pediatrician-kolkata-d2d1c8df-6f0c-40f5-a725-7f70be309790.jpg,/kolkata/doctor/dr-sabyasachi-bhattacharya-pediatrician-2?practice_id=711006&specialization=Pediatrician&referrer=doctor_listing&page_uid=5cd918bb-594a-4814-a48f-6c8b6b474564,Dr. Sabyasachi Bhattacharya,Pediatrician,MBBS,Manipur University,1993,MD - Pediatrics,Dr. B. R. Ambedkar University,2000,24,Kolkata,Baghajatin,Hospital,IRIS Hospital,1000,,100,4,2,1734453883490,1
23,3,848193,1039276,711006,https://imagesx.practo.com/providers/dr-rama-manna-pediatrician-kolkata-403274c4-10fa-4987-8173-d9fb34a92c8e.jpg,/kolkata/doctor/dr-rama-manna-pediatrician?practice_id=711006&specialization=Pediatrician&referrer=doctor_listing&page_uid=5cd918bb-594a-4814-a48f-6c8b6b474564,Dr. Rama Manna,Pediatrician,MBBS,University Of Calcutta,2006,Diploma in Child Health (DCH),The West Bengal University of Health Science ,2013,17,Kolkata,Baghajatin,Hospital,IRIS Hospital,700,,,0,0,1734453883490,2
24,3,934526,919326,1465502,https://imagesx.practo.com/providers/dr-kakali-roy-pediatrician-kolkata-a39c8874-89b4-462e-9818-4ee6e09505a7.jpg,/kolkata/doctor/dr-kakali-roy-paediatrics?practice_id=1465502&specialization=Pediatrician&referrer=doctor_listing&page_uid=5cd918bb-594a-4814-a48f-6c8b6b474564,Dr. Kakali Roy,Pediatrician,MBBS,West Bengal University of Health Sciences,2012,MD - Pediatrics,West Bengal University of Health Sciences,2016,12,Kolkata,Beliaghata,Clinic,Apollo Clinic,700,,,0,0,1734453883490,3
25,3,931960,920010,1465547,https://imagesx.practo.com/providers/dr-hriday-de-pediatrician-kolkata-dadbf8bc-5127-4212-bb66-045c7ce75a55.jpg,/kolkata/doctor/dr-hriday-de-paediatric-endocrinologist?practice_id=1465547&specialization=Pediatrician&referrer=doctor_listing&page_uid=5cd918bb-594a-4814-a48f-6c8b6b474564,Dr. Hriday De,Pediatrician,MBBS,West bengal university,2013,MD - Pediatrics,West bengal university,2017,8,Kolkata,Beliaghata,Clinic,Apollo Sugar Clinic,750,,,0,0,1734453883490,4
26,3,941379,1053495,1129338,https://imagesx.practo.com/providers/dr-dipanjan-halder-pediatrician-kolkata-113dd5c2-9a4c-4ce5-845c-9105fe672cd1.jpg,/kolkata/doctor/dr-dipanjan-halder-pediatrician?practice_id=1129338&specialization=Pediatrician&referrer=doctor_listing&page_uid=5cd918bb-594a-4814-a48f-6c8b6b474564,Dr. Dipanjan Halder,Pediatrician,MBBS,West Bengal University of Health Sciences,2014,MD - Pediatrics,West Bengal University of Health Sciences,2018,9,Kolkata,Kasba,Hospital,Desun Hospital,1000,,,0,0,1734453883490,5
